ISO-10303-21;
HEADER;
FILE_DESCRIPTION (( 'STEP AP214' ),
    '1' );
FILE_NAME ('Aircraft Demo.STEP',
    '2025-06-18T17:03:35',
    ( '' ),
    ( '' ),
    'SwSTEP 2.0',
    'SolidWorks 2024',
    '' );
FILE_SCHEMA (( 'AUTOMOTIVE_DESIGN' ));
ENDSEC;

DATA;
#1 = CARTESIAN_POINT ( 'NONE',  ( -27.26670506712874698, 16.31753868142366315, -46.53904117984419742 ) ) ;
#2 = CARTESIAN_POINT ( 'NONE',  ( -212.0007473402575613, 33.93194596954475628, -395.6437616801331387 ) ) ;
#3 = CARTESIAN_POINT ( 'NONE',  ( 53.45214818180277661, 45.06813636406542400, 160.1400921096459342 ) ) ;
#4 = CARTESIAN_POINT ( 'NONE',  ( -211.6476468795629842, 35.44365706598026122, -304.8507808079787083 ) ) ;
#5 = CARTESIAN_POINT ( 'NONE',  ( -32.87139751957574418, 28.30181026958462454, 21.45475079605562740 ) ) ;
#6 = CARTESIAN_POINT ( 'NONE',  ( 43.62191487219923403, 23.41811133825762070, 52.52236286523613984 ) ) ;
#7 = CARTESIAN_POINT ( 'NONE',  ( 21.81312030322441586, 40.75757430314448726, 438.0555349262137383 ) ) ;
#8 = CARTESIAN_POINT ( 'NONE',  ( 44.51207176886905614, 38.77136802901539170, 103.2980544412832984 ) ) ;
#9 = CARTESIAN_POINT ( 'NONE',  ( 225.0000000000000000, 21.72021934423780465, -378.2984026490228189 ) ) ;
#10 = CARTESIAN_POINT ( 'NONE',  ( 9.426085537623325905, 11.69850731898340968, -124.9949820965277780 ) ) ;
#11 = CARTESIAN_POINT ( 'NONE',  ( 71.24698711489764946, 24.83845632186638852, 233.8749938034230240 ) ) ;
#12 = CARTESIAN_POINT ( 'NONE',  ( 53.85632492116232584, -9.327977284146220072, 438.0555349262136815 ) ) ;
#13 = CARTESIAN_POINT ( 'NONE',  ( -16.76797181018035232, -42.27905363875608913, 438.0555349262136247 ) ) ;
#14 = CARTESIAN_POINT ( 'NONE',  ( -215.4452087254742594, 35.66480765791427388, -399.6563942258695761 ) ) ;
#15 = CARTESIAN_POINT ( 'NONE',  ( 225.0000000000000284, 15.56597985460325617, -341.0752964769855566 ) ) ;
#16 = CARTESIAN_POINT ( 'NONE',  ( 225.0000000000000568, 36.19599991695532992, -350.2747519210419682 ) ) ;
#17 = DIRECTION ( 'NONE',  ( 1.000000000000000000, 0.000000000000000000, 0.000000000000000000 ) ) ;
#18 = ORIENTED_EDGE ( 'NONE', *, *, #5095, .T. ) ;
#19 = CARTESIAN_POINT ( 'NONE',  ( -215.2381910201372364, 37.65087335233280896, -304.7060516865329305 ) ) ;
#20 = CARTESIAN_POINT ( 'NONE',  ( 0.000000000000000000, 0.000000000000000000, 0.000000000000000000 ) ) ;
#21 = CARTESIAN_POINT ( 'NONE',  ( -80.13536259545567475, 27.60868653303987941, 233.9328203788040241 ) ) ;
#22 = CARTESIAN_POINT ( 'NONE',  ( 225.0000000000000853, 24.84706488165663885, -393.8830080573701480 ) ) ;
#23 = ORIENTED_EDGE ( 'NONE', *, *, #1691, .T. ) ;
#24 = CARTESIAN_POINT ( 'NONE',  ( 225.0000000000000284, 30.90520811704531212, -300.4165330580036084 ) ) ;
#25 = ADVANCED_FACE ( 'NONE', ( #4081 ), #3680, .T. ) ;
#26 = CARTESIAN_POINT ( 'NONE',  ( 225.0000000000000000, 29.49957847191008398, -298.8833582925870473 ) ) ;
#27 = CARTESIAN_POINT ( 'NONE',  ( -60.98065295016829168, -56.67166272195576937, 294.0012731391508396 ) ) ;
#28 = CARTESIAN_POINT ( 'NONE',  ( -73.98380316214395691, 15.56101350520456883, 240.5643775837138207 ) ) ;
#29 = AXIS2_PLACEMENT_3D ( 'NONE', #4130, #1516, #193 ) ;
#30 = CARTESIAN_POINT ( 'NONE',  ( -33.33920254850544751, 14.25117919036028447, -23.14940992743346726 ) ) ;
#31 = CARTESIAN_POINT ( 'NONE',  ( -212.7290573780609293, 37.68325999912260471, -397.1801353112931565 ) ) ;
#32 = CARTESIAN_POINT ( 'NONE',  ( -63.34209523512393503, -9.766477190368707539, 402.2845281192498987 ) ) ;
#33 = CARTESIAN_POINT ( 'NONE',  ( -210.0164660458557933, 25.55840847444161668, -342.9252674960230252 ) ) ;
#34 = CARTESIAN_POINT ( 'NONE',  ( 34.18912632697960419, 25.13254111706537230, 20.91435673729858280 ) ) ;
#35 = CARTESIAN_POINT ( 'NONE',  ( -60.89602891802228868, -56.56851353954112227, 294.0012731391507259 ) ) ;
#36 = CARTESIAN_POINT ( 'NONE',  ( -212.8140098278648793, 35.00915541301077383, -302.8041991195824494 ) ) ;
#37 = CARTESIAN_POINT ( 'NONE',  ( 62.09748212784695909, 6.043585114641315315, 150.9548928098949148 ) ) ;
#38 = FACE_BOUND ( 'NONE', #3621, .T. ) ;
#39 = CARTESIAN_POINT ( 'NONE',  ( 77.53279102374801823, 28.62659615053270912, 232.6159422606002352 ) ) ;
#40 = CARTESIAN_POINT ( 'NONE',  ( 14.77683645856264860, 29.54289786849340160, 466.7211743237411383 ) ) ;
#41 = CARTESIAN_POINT ( 'NONE',  ( 6.988516281131240682, 13.30434110131866987, -124.9949820965277638 ) ) ;
#42 = CARTESIAN_POINT ( 'NONE',  ( 73.04784097110653818, 17.48306550929212477, 242.7271052172550867 ) ) ;
#43 = CARTESIAN_POINT ( 'NONE',  ( 800.0000000000000000, 26.66401271883047031, 117.4108744033516558 ) ) ;
#44 = CARTESIAN_POINT ( 'NONE',  ( -48.68865107774659151, -44.27104249014206516, 106.1228587318999388 ) ) ;
#45 = CARTESIAN_POINT ( 'NONE',  ( 0.000000000000000000, 191.9805755606411424, -386.3579884437536407 ) ) ;
#46 = CARTESIAN_POINT ( 'NONE',  ( 225.0000000000000000, 16.45002110390947081, -347.2923443750834736 ) ) ;
#47 = CARTESIAN_POINT ( 'NONE',  ( 225.0000000000000284, 35.67340254478880723, -353.1137929233700561 ) ) ;
#48 = CARTESIAN_POINT ( 'NONE',  ( -675.4766700020309145, 27.82420939461498577, 86.88083342824164390 ) ) ;
#49 = ORIENTED_EDGE ( 'NONE', *, *, #5550, .T. ) ;
#50 = CARTESIAN_POINT ( 'NONE',  ( -215.1238040004772074, 37.55203187730720771, -304.5084012553558068 ) ) ;
#51 = CARTESIAN_POINT ( 'NONE',  ( -15.80707981069518553, 3.917520964059429289, 498.0555349261633182 ) ) ;
#52 = CARTESIAN_POINT ( 'NONE',  ( 225.0000000000000568, 28.16069869107646184, -394.3789003099220736 ) ) ;
#53 = ORIENTED_EDGE ( 'NONE', *, *, #1334, .F. ) ;
#54 = FACE_OUTER_BOUND ( 'NONE', #3747, .T. ) ;
#55 = CARTESIAN_POINT ( 'NONE',  ( -73.29480554931635083, 22.35514813000687440, 245.2600285583880861 ) ) ;
#56 = CARTESIAN_POINT ( 'NONE',  ( -39.83319745368539344, 25.29577998575934927, 30.00749471731293383 ) ) ;
#57 = CARTESIAN_POINT ( 'NONE',  ( 67.36683722462399260, 18.03932954866075278, 113.0942023872859892 ) ) ;
#58 = CARTESIAN_POINT ( 'NONE',  ( 960.0000000000000000, 26.65406062177009261, 162.1951857783421644 ) ) ;
#59 = CARTESIAN_POINT ( 'NONE',  ( -81.85733261274145889, 26.81599781868816024, 234.2121968449238807 ) ) ;
#60 = CARTESIAN_POINT ( 'NONE',  ( -209.2595780151501970, 27.50001779366317578, -333.9056136165717135 ) ) ;
#61 = ADVANCED_FACE ( 'NONE', ( #3650 ), #173, .F. ) ;
#62 = CARTESIAN_POINT ( 'NONE',  ( 33.24125397533806847, 22.37787761388024421, -12.66926786532260607 ) ) ;
#63 = CARTESIAN_POINT ( 'NONE',  ( -212.6432358033466414, 36.60166360691150089, -304.7073741498522850 ) ) ;
#64 = CARTESIAN_POINT ( 'NONE',  ( -8.870643066959797096, 16.03028833271955733, -108.8719687651674661 ) ) ;
#65 = CARTESIAN_POINT ( 'NONE',  ( 70.59636200408085926, 16.57023206083207256, 138.9513639135684571 ) ) ;
#66 = CARTESIAN_POINT ( 'NONE',  ( -45.32951016054275328, 25.22542294017911857, 438.0555349262136247 ) ) ;
#67 = CARTESIAN_POINT ( 'NONE',  ( 77.37962431640799821, 28.86057436444098201, 232.1765140991773251 ) ) ;
#68 = CARTESIAN_POINT ( 'NONE',  ( 161.0298562741271269, 25.90668468348848208, 40.72908414617288742 ) ) ;
#69 = CARTESIAN_POINT ( 'NONE',  ( -40.22926169817274911, 108.2215882366449904, 294.0012731391512375 ) ) ;
#70 = CARTESIAN_POINT ( 'NONE',  ( 71.15745177182333236, 27.67998504616555167, 244.7998022057325898 ) ) ;
#71 = B_SPLINE_CURVE_WITH_KNOTS ( 'NONE', 3,
 ( #374, #1297, #5183, #1783, #3879, #3451, #1728, #3104, #5265, #3044, #2584, #2556, #2612, #2640, #4395, #5646, #3536, #3508, #461, #1701, #2991, #403, #4367, #2101, #4742, #4856, #5208, #4771 ),
 .UNSPECIFIED., .F., .F.,
 ( 4, 2, 2, 2, 2, 2, 2, 2, 2, 2, 2, 2, 2, 4 ),
 ( 1.453963218420191702E-17, 0.006931935240585466659, 0.01386387048117091771, 0.02772774096234185970, 0.04159161144351279649, 0.05545548192468374021, 0.08318322288702562073, 0.1109109638493675359, 0.1386387048117094511, 0.1455706400522949195, 0.1525025752928803879, 0.1663664457740513247, 0.1940941867363932261, 0.2218219276987351274 ),
 .UNSPECIFIED. ) ;
#72 = UNCERTAINTY_MEASURE_WITH_UNIT (LENGTH_MEASURE( 1.000000000000000082E-05 ), #459, 'distance_accuracy_value', 'NONE');
#73 = CARTESIAN_POINT ( 'NONE',  ( 800.0000000000000000, 25.04930180042009980, 144.7645458119850446 ) ) ;
#74 = CARTESIAN_POINT ( 'NONE',  ( -10.37375751385275890, -79.54429786563649429, 294.0012731391496459 ) ) ;
#75 = CARTESIAN_POINT ( 'NONE',  ( -215.2270239939082614, 37.49410057379909489, -397.8349271748904812 ) ) ;
#76 = CARTESIAN_POINT ( 'NONE',  ( 225.0000000000001137, 17.23936198569601430, -351.7341576535555987 ) ) ;
#77 = CARTESIAN_POINT ( 'NONE',  ( -55.00005328015243578, 1.461198160358700537E-08, 438.0555349262137952 ) ) ;
#78 = ORIENTED_EDGE ( 'NONE', *, *, #2040, .T. ) ;
#79 = B_SPLINE_CURVE_WITH_KNOTS ( 'NONE', 3,
 ( #3258, #2827, #1625, #2397, #5041, #4614, #1112, #5013, #680, #4583, #3751, #2054, #1568, #1199, #4556, #3317, #3808, #620, #2367, #5074, #188, #1223, #4774, #5240, #2510, #434, #4267, #2994, #4721, #5268, #4746, #2559, #3856, #4344, #2971, #3882, #2080, #4370 ),
 .UNSPECIFIED., .F., .F.,
 ( 4, 2, 2, 2, 2, 2, 2, 2, 2, 2, 2, 2, 2, 2, 2, 2, 2, 2, 4 ),
 ( 0.000000000000000000, 0.003423117673282771375, 0.004278897091603444704, 0.005134676509924118899, 0.006846235346565472495, 0.008557794183206826957, 0.01026935301984818229, 0.01198091185648953762, 0.01369247069313089295, 0.01454825011145157235, 0.01540402952977224828, 0.01711558836641359493, 0.01797136778473426913, 0.01882714720305494333, 0.02053870603969629172, 0.02225026487633764705, 0.02396182371297900585, 0.02567338254962036465, 0.02738494138626171998 ),
 .UNSPECIFIED. ) ;
#80 = CARTESIAN_POINT ( 'NONE',  ( -217.0406928698205604, 40.32374566371070301, -362.3900018184879173 ) ) ;
#81 =( NAMED_UNIT ( * ) PLANE_ANGLE_UNIT ( ) SI_UNIT ( $, .RADIAN. ) );
#82 = CARTESIAN_POINT ( 'NONE',  ( -13.87544043444513875, 7.674886070229733903, 498.0555349261633182 ) ) ;
#83 = AXIS2_PLACEMENT_3D ( 'NONE', #811, #378, #3481 ) ;
#84 = CARTESIAN_POINT ( 'NONE',  ( 224.9999999999999716, 27.99122714079601693, -394.8555785104157394 ) ) ;
#85 =( BOUNDED_CURVE ( )  B_SPLINE_CURVE ( 3, ( #5087, #1128, #5176, #2902 ),
 .UNSPECIFIED., .F., .T. ) 
 B_SPLINE_CURVE_WITH_KNOTS ( ( 4, 4 ),
 ( 1.638185371941100653E-10, 2.175238689600947239 ),
 .UNSPECIFIED. ) 
 CURVE ( )  GEOMETRIC_REPRESENTATION_ITEM ( )  RATIONAL_B_SPLINE_CURVE ( ( 1.000000000000000000, 0.6430632049041633547, 0.6430632049041633547, 1.000000000000000000 ) ) 
 REPRESENTATION_ITEM ( '' )  );
#86 = ORIENTED_EDGE ( 'NONE', *, *, #5364, .T. ) ;
#87 = ADVANCED_FACE ( 'NONE', ( #1037 ), #3277, .F. ) ;
#88 = CARTESIAN_POINT ( 'NONE',  ( 224.9999999999999716, 33.62957271917406388, -308.0590260570313035 ) ) ;
#89 = CARTESIAN_POINT ( 'NONE',  ( -78.79467766063018530, 18.18152385634333257, 197.1402256888550255 ) ) ;
#90 = B_SPLINE_CURVE_WITH_KNOTS ( 'NONE', 1,
 ( #1815, #3570 ),
 .UNSPECIFIED., .F., .F.,
 ( 2, 2 ),
 ( 0.000000000000000000, 1.000000000000000000 ),
 .UNSPECIFIED. ) ;
#91 = FACE_OUTER_BOUND ( 'NONE', #272, .T. ) ;
#92 = CARTESIAN_POINT ( 'NONE',  ( -24.31670407763120068, 15.22965108479646013, -59.56981880614339531 ) ) ;
#93 = CARTESIAN_POINT ( 'NONE',  ( -214.0484605132704417, 36.67414876545220181, -396.8363027089110346 ) ) ;
#94 = CARTESIAN_POINT ( 'NONE',  ( 20.85958685597148232, -0.1958760482029713312, 498.0555349261633182 ) ) ;
#95 = CARTESIAN_POINT ( 'NONE',  ( -71.93449585768745180, 27.14146993922422268, 244.8874666834737752 ) ) ;
#96 = CARTESIAN_POINT ( 'NONE',  ( -209.3830894113205545, 29.53514121479348731, -322.0510204488241470 ) ) ;
#97 = CARTESIAN_POINT ( 'NONE',  ( 34.49169698517294336, 25.31024662948664528, 22.96435464477799115 ) ) ;
#98 = CARTESIAN_POINT ( 'NONE',  ( -210.1192852882676902, 32.72571743962623003, -310.3089544087875993 ) ) ;
#99 = CIRCLE ( 'NONE', #1935, 3.000000000000002665 ) ;
#100 = CIRCLE ( 'NONE', #2299, 3.000000000000002665 ) ;
#101 = CARTESIAN_POINT ( 'NONE',  ( 5.050673245201183998E-11, 0.000000000000000000, -124.9949820965277922 ) ) ;
#102 = CARTESIAN_POINT ( 'NONE',  ( 36.85401403944101872, 25.61120236248962811, 25.05823497435387992 ) ) ;
#103 = CARTESIAN_POINT ( 'NONE',  ( 51.94533357138647744, 31.74479203204629840, 106.1228587318995693 ) ) ;
#104 = CARTESIAN_POINT ( 'NONE',  ( 77.02061722276772571, 29.39996711567185983, 231.1495742369008894 ) ) ;
#105 = CARTESIAN_POINT ( 'NONE',  ( 18.24033355265543932, 8.228907198055116723, 498.0555349261633182 ) ) ;
#106 = B_SPLINE_SURFACE_WITH_KNOTS ( 'NONE', 3, 3, ( 
 ( #910, #4876, #3554, #1429 ),
 ( #4903, #2228, #3208, #3981 ),
 ( #5369, #4011, #4932, #3613 ),
 ( #2657, #134, #1858, #2690 ),
 ( #164, #1000, #2314, #3642 ),
 ( #1915, #4844, #4503, #508 ),
 ( #1459, #5399, #105, #4962 ),
 ( #2258, #3671, #1029, #1341 ),
 ( #2775, #40, #1828, #4532 ),
 ( #4443, #969, #598, #3091 ),
 ( #1800, #1371, #3584, #1400 ),
 ( #3153, #2719, #2285, #3757 ),
 ( #194, #2925, #5019, #3785 ),
 ( #686, #4677, #1177, #5519 ),
 ( #310, #2403, #5549, #5079 ),
 ( #2805, #4160, #1947, #2060 ),
 ( #1604, #1148, #2833, #4562 ),
 ( #4188, #2432, #5049, #656 ),
 ( #3701, #251, #628, #742 ),
 ( #4589, #1118, #2490, #4650 ),
 ( #1974, #5457, #2001, #2031 ),
 ( #4246, #4131, #715, #5428 ),
 ( #2894, #2373, #1487, #3727 ),
 ( #1574, #3323, #1088, #2461 ),
 ( #5111, #4620, #4216, #3294 ),
 ( #1517, #2865, #282, #223 ) ),
 .UNSPECIFIED., .T., .F., .F.,
 ( 4, 1, 1, 1, 1, 2, 2, 2, 2, 2, 2, 2, 1, 1, 1, 1, 4 ),
 ( 4, 4 ),
 ( 0.000000000000000000, 0.006250000000000088818, 0.01249999999999995559, 0.01875000000000004441, 0.02499999999999991118, 0.1250000000000000000, 0.2500000000000000000, 0.3750000000000000000, 0.5000000000000000000, 0.6250000000000000000, 0.7500000000000000000, 0.8750000000000000000, 0.9749999999999999778, 0.9812499999999999556, 0.9875000000000000444, 0.9937500000000000222, 1.000000000000000000 ),
 ( 0.000000000000000000, 1.000000000000000000 ),
 .UNSPECIFIED. ) ;
#107 = CARTESIAN_POINT ( 'NONE',  ( -9.784826958848153566, 29.83709053648702536, -46.53904117984419742 ) ) ;
#108 = CARTESIAN_POINT ( 'NONE',  ( 70.87834454650368343, 24.20005519210392109, 234.9478125311001975 ) ) ;
#109 = CARTESIAN_POINT ( 'NONE',  ( -52.84686122454886004, 47.00292568559000728, 191.7077844608059252 ) ) ;
#110 = CARTESIAN_POINT ( 'NONE',  ( 64.58105141431350660, -4.636821819149086643, 402.2845281192506945 ) ) ;
#111 = CARTESIAN_POINT ( 'NONE',  ( 225.0000000000000284, 35.15767550682942044, -313.3688336209347653 ) ) ;
#112 = CARTESIAN_POINT ( 'NONE',  ( 225.0000000000000284, 18.09661010732316200, -356.3502562863566823 ) ) ;
#113 = CARTESIAN_POINT ( 'NONE',  ( -768.8743974950232314, 28.21068392866797225, 94.95858869210938735 ) ) ;
#114 = ORIENTED_EDGE ( 'NONE', *, *, #1482, .F. ) ;
#115 = CARTESIAN_POINT ( 'NONE',  ( -221.8625228856896001, 40.92932871110220105, -334.3319531314813844 ) ) ;
#116 = CARTESIAN_POINT ( 'NONE',  ( 5.050673245201183998E-11, 0.000000000000000000, 498.0555349262137952 ) ) ;
#117 = CARTESIAN_POINT ( 'NONE',  ( 225.0000000000000284, 32.93525210251686275, -368.9067913768919311 ) ) ;
#118 = ORIENTED_EDGE ( 'NONE', *, *, #2352, .F. ) ;
#119 = DIRECTION ( 'NONE',  ( 0.000000000000000000, 0.000000000000000000, -1.000000000000000000 ) ) ;
#120 = CARTESIAN_POINT ( 'NONE',  ( -42.76841221814679983, 47.78078843889254301, 150.6443957425967426 ) ) ;
#121 = PLANE ( 'NONE',  #3683 ) ;
#122 = CARTESIAN_POINT ( 'NONE',  ( -37.22084782870509656, 26.00627597529323864, 18.98704156791389508 ) ) ;
#123 = CARTESIAN_POINT ( 'NONE',  ( 54.04228422362226070, 24.99815056900754584, 36.36885739317335009 ) ) ;
#124 = ORIENTED_EDGE ( 'NONE', *, *, #218, .F. ) ;
#125 = CARTESIAN_POINT ( 'NONE',  ( 28.57666405927047748, -39.64529204545062413, 438.0555349262138520 ) ) ;
#126 = CARTESIAN_POINT ( 'NONE',  ( -73.80202650379985130, 19.41748891912632047, 244.2160800888717631 ) ) ;
#127 = CARTESIAN_POINT ( 'NONE',  ( -209.1774412640129128, 27.24711067771894335, -346.9609739895877851 ) ) ;
#128 = CARTESIAN_POINT ( 'NONE',  ( 36.28009128266322847, 26.95544542403953869, 37.37965917335208132 ) ) ;
#129 = CARTESIAN_POINT ( 'NONE',  ( -224.9999999999999716, 38.83775913167228566, -336.6617268782250676 ) ) ;
#130 = CARTESIAN_POINT ( 'NONE',  ( -212.0644708725881173, 33.85638151662293183, -303.4572599869723604 ) ) ;
#131 = CARTESIAN_POINT ( 'NONE',  ( 55.04824954174657137, 7.871910209474068942, 94.98660525850772274 ) ) ;
#132 = CARTESIAN_POINT ( 'NONE',  ( -54.77989379111898671, 34.02052904530496136, 402.2845281192506377 ) ) ;
#133 = CARTESIAN_POINT ( 'NONE',  ( -210.4896180848459153, 34.64896727577652769, -394.4656120102642376 ) ) ;
#134 = CARTESIAN_POINT ( 'NONE',  ( 41.61357135987798728, 2.340463350838036138, 466.7211743237411383 ) ) ;
#135 = CARTESIAN_POINT ( 'NONE',  ( 79.59174415980739070, 27.63568806220319374, 233.9199652396507076 ) ) ;
#136 = CARTESIAN_POINT ( 'NONE',  ( -62.40327599893241484, 42.20350140901712876, 193.6262137167405228 ) ) ;
#137 = CARTESIAN_POINT ( 'NONE',  ( -11.36314499104307885, -67.68332858348566106, 106.1228587319000667 ) ) ;
#138 = CARTESIAN_POINT ( 'NONE',  ( 225.0000000000000568, 34.75541381476472935, -311.8473634484227546 ) ) ;
#139 = CARTESIAN_POINT ( 'NONE',  ( 225.0000000000000568, 16.95306894933556308, -350.1675169215259871 ) ) ;
#140 = B_SPLINE_CURVE_WITH_KNOTS ( 'NONE', 3,
 ( #4891, #2679, #4402, #2620, #2246, #2706, #956, #2187, #3167, #3571, #4462, #3943, #1304, #3999, #4920, #5708, #4834, #55, #2272, #899, #2218, #1761, #410, #5298, #3914, #3971, #870, #5271, #1734, #3051, #28, #4805, #4576, #4549, #4606, #1902 ),
 .UNSPECIFIED., .F., .F.,
 ( 4, 2, 2, 2, 2, 2, 2, 2, 2, 2, 2, 2, 2, 2, 2, 2, 2, 4 ),
 ( 3.399349888776295571E-17, 0.003391612767395261498, 0.005087419151092875333, 0.006783225534790489168, 0.008479031918488103003, 0.01017483830218571771, 0.01187064468588333067, 0.01271854787773213369, 0.01356645106958093844, 0.01526225745327852712, 0.01695806383697611927, 0.01865387022067370795, 0.01950177341252249882, 0.02034967660437129316, 0.02204548298806886797, 0.02289338617991762068, 0.02374128937176637338, 0.02713290213916130095 ),
 .UNSPECIFIED. ) ;
#141 = ORIENTED_EDGE ( 'NONE', *, *, #3396, .F. ) ;
#142 = CARTESIAN_POINT ( 'NONE',  ( -220.2520327719485635, 41.20181710885201909, -332.3771121842354432 ) ) ;
#143 = EDGE_CURVE ( 'NONE', #4976, #5475, #978, .T. ) ;
#144 = CARTESIAN_POINT ( 'NONE',  ( 55.00000000000000711, 0.5876281446089695049, 438.0555349262138520 ) ) ;
#145 = CARTESIAN_POINT ( 'NONE',  ( 225.0000000000000000, 26.60514401204399704, -296.8029224134158426 ) ) ;
#146 = CARTESIAN_POINT ( 'NONE',  ( 225.0000000000000284, 32.72292912060137837, -370.2516216394021740 ) ) ;
#147 = EDGE_LOOP ( 'NONE', ( #1594, #86, #2209, #4579 ) ) ;
#148 = LINE ( 'NONE', #5295, #2104 ) ;
#149 = CARTESIAN_POINT ( 'NONE',  ( -73.28957466463289450, 13.02393116740110557, 232.7362175563641813 ) ) ;
#150 = CARTESIAN_POINT ( 'NONE',  ( -225.0000000000000284, 21.49091955331005366, -375.8627307751468152 ) ) ;
#151 = CARTESIAN_POINT ( 'NONE',  ( -38.25351244216254543, 25.74546687964616964, 23.31923324571626210 ) ) ;
#152 = CARTESIAN_POINT ( 'NONE',  ( -214.4810294457014379, 35.39768625243966937, -399.3788289551727075 ) ) ;
#153 = ORIENTED_EDGE ( 'NONE', *, *, #4760, .F. ) ;
#154 = CARTESIAN_POINT ( 'NONE',  ( 3.388131789017200393E-19, 37.11810816137889191, 216.5449174620515578 ) ) ;
#155 = CARTESIAN_POINT ( 'NONE',  ( -81.48852376331784342, 27.00866227379895790, 234.1767231775876326 ) ) ;
#156 = CARTESIAN_POINT ( 'NONE',  ( -210.0103156701961211, 25.70007590200389203, -347.0670370831640525 ) ) ;
#157 = CARTESIAN_POINT ( 'NONE',  ( 34.89830974139353970, 25.58431281907094501, 25.85538329826508175 ) ) ;
#158 = CARTESIAN_POINT ( 'NONE',  ( 0.000000000000000000, 185.7945943861955413, -472.9308350128676466 ) ) ;
#159 = CARTESIAN_POINT ( 'NONE',  ( -212.1332934322700225, 33.97263291576304312, -303.3540566886265992 ) ) ;
#160 = CARTESIAN_POINT ( 'NONE',  ( 29.57149331536520975, 14.41453354103882845, -33.77294985139468508 ) ) ;
#161 = CARTESIAN_POINT ( 'NONE',  ( 16.62949007128086620, 26.04273790706354674, -46.53904117984432531 ) ) ;
#162 = CARTESIAN_POINT ( 'NONE',  ( -62.60464691930660308, 42.16348721895181484, 194.2733234543410106 ) ) ;
#163 = AXIS2_PLACEMENT_3D ( 'NONE', #1496, #1067, #1892 ) ;
#164 = CARTESIAN_POINT ( 'NONE',  ( 54.62715720368577621, 5.249978976709511969, 438.0555349262138520 ) ) ;
#165 = CARTESIAN_POINT ( 'NONE',  ( 224.9999999999999716, 37.71777392765422121, -339.9500647038085503 ) ) ;
#166 = EDGE_CURVE ( 'NONE', #4393, #5447, #3371, .T. ) ;
#167 = CARTESIAN_POINT ( 'NONE',  ( 80.95636847088714205, 26.95144216616897026, 234.1955212508849229 ) ) ;
#168 = CARTESIAN_POINT ( 'NONE',  ( 39.58579821196683213, 30.86709666939215779, 438.0555349262133973 ) ) ;
#169 = CARTESIAN_POINT ( 'NONE',  ( 34.63887454820550005, -72.30134053674849781, 294.0012731391508396 ) ) ;
#170 = CARTESIAN_POINT ( 'NONE',  ( 63.86696871062903824, 6.162113563365495317, 165.9612821497543109 ) ) ;
#171 = CARTESIAN_POINT ( 'NONE',  ( 225.0000000000000284, 17.59580807134810243, -353.6550196245782445 ) ) ;
#172 = CARTESIAN_POINT ( 'NONE',  ( -10.88871497028993751, 15.61540703970806376, -105.3597117730671613 ) ) ;
#173 = PLANE ( 'NONE',  #926 ) ;
#174 = CARTESIAN_POINT ( 'NONE',  ( -216.9217039794184529, 39.97966776421820612, -314.8771141304177945 ) ) ;
#175 = CARTESIAN_POINT ( 'NONE',  ( 7.388418229304805074, 14.77144893424670080, 498.0555349261633182 ) ) ;
#176 = CARTESIAN_POINT ( 'NONE',  ( 225.0000000000000284, 32.60897172801106336, -305.1303689527891834 ) ) ;
#177 = CARTESIAN_POINT ( 'NONE',  ( 224.9999999999999716, 31.12184017969120475, -380.2921529374010561 ) ) ;
#178 = FILL_AREA_STYLE ('',( #2643 ) ) ;
#179 = CIRCLE ( 'NONE', #5520, 11.99999999999998224 ) ;
#180 = CARTESIAN_POINT ( 'NONE',  ( -40.32197395277165697, 46.16827242625279126, 133.8153671537660045 ) ) ;
#181 = CARTESIAN_POINT ( 'NONE',  ( 225.0000000000505338, 26.26107159832745452, -397.0000000000000000 ) ) ;
#182 = CARTESIAN_POINT ( 'NONE',  ( -10.97340757659162591, 15.61731671296587720, -105.0968191850019480 ) ) ;
#183 = CARTESIAN_POINT ( 'NONE',  ( -213.1902974400611868, 36.18911642500373915, -399.7524379745943861 ) ) ;
#184 = VERTEX_POINT ( 'NONE', #4694 ) ;
#185 = CARTESIAN_POINT ( 'NONE',  ( 5.050673245201183998E-11, 0.000000000000000000, 498.0555349262137952 ) ) ;
#186 = CARTESIAN_POINT ( 'NONE',  ( -82.28238030942327441, 26.56912415227848712, 234.2285470757791757 ) ) ;
#187 = CARTESIAN_POINT ( 'NONE',  ( -210.9112970286100506, 31.54844286138524367, -311.2319993521066408 ) ) ;
#188 = CARTESIAN_POINT ( 'NONE',  ( 72.04328035031846866, 24.49668502323546804, 245.4086012145622817 ) ) ;
#189 = CARTESIAN_POINT ( 'NONE',  ( -209.2989547021432202, 28.62566873398861134, -326.5442191473025559 ) ) ;
#190 = CARTESIAN_POINT ( 'NONE',  ( 62.41956272730421773, 41.54936327328258727, 219.4964256426619613 ) ) ;
#191 = CARTESIAN_POINT ( 'NONE',  ( 41.68053621189360314, 12.28334087301409738, 21.03684028617127666 ) ) ;
#192 = CARTESIAN_POINT ( 'NONE',  ( 12.36333925791456245, 8.528231932319995323, -124.9949820965278491 ) ) ;
#193 = DIRECTION ( 'NONE',  ( -1.000000000000000000, 0.000000000000000000, 0.000000000000000000 ) ) ;
#194 = CARTESIAN_POINT ( 'NONE',  ( -54.99999999999998579, 11.75256289217833228, 438.0555349262138520 ) ) ;
#195 = AXIS2_PLACEMENT_3D ( 'NONE', #1653, #277, #5105 ) ;
#196 = CARTESIAN_POINT ( 'NONE',  ( 70.88348615213524795, 24.41270672180118240, 235.1846463239349703 ) ) ;
#197 = CARTESIAN_POINT ( 'NONE',  ( -47.93475475156918719, 43.85352121328386943, 139.0862588908812825 ) ) ;
#198 = CARTESIAN_POINT ( 'NONE',  ( 84.04897196847454666, -29.01759918940243921, 294.0012731391508396 ) ) ;
#199 = CARTESIAN_POINT ( 'NONE',  ( 0.000000000000000000, 182.4742510694330804, -414.3975106221485589 ) ) ;
#200 = CARTESIAN_POINT ( 'NONE',  ( 225.0000000000001137, 20.53888346062930381, -370.8446485776724444 ) ) ;
#201 = CARTESIAN_POINT ( 'NONE',  ( -54.27229781606750691, 8.433096158933638620, 89.22613179934546679 ) ) ;
#202 = CARTESIAN_POINT ( 'NONE',  ( -71.38331967662706745, 25.77090550942992664, 235.7923665125567823 ) ) ;
#203 = CARTESIAN_POINT ( 'NONE',  ( -221.7221874200830030, 40.89883894581311807, -331.2605402276137170 ) ) ;
#204 = CARTESIAN_POINT ( 'NONE',  ( -8.257909099476263393, 15.46201034970011357, -112.7298070923694979 ) ) ;
#205 = CARTESIAN_POINT ( 'NONE',  ( 225.0000000000000284, 32.93847643741489151, -306.0223440107930628 ) ) ;
#206 = CARTESIAN_POINT ( 'NONE',  ( 225.0000000000000568, 32.12419569732238500, -374.0576846236886581 ) ) ;
#207 = CARTESIAN_POINT ( 'NONE',  ( -50.45784303050056252, 47.82072281302393435, 183.7036949830705055 ) ) ;
#208 = CARTESIAN_POINT ( 'NONE',  ( 0.000000000000000000, 196.3543798449791780, -476.0423086973928548 ) ) ;
#209 = CARTESIAN_POINT ( 'NONE',  ( -14.63213494746970156, 15.68244500839657540, -93.70284054470239710 ) ) ;
#210 = CARTESIAN_POINT ( 'NONE',  ( -213.5554430233504775, 34.82773711377249271, -400.0006356296823355 ) ) ;
#211 = ORIENTED_EDGE ( 'NONE', *, *, #4098, .T. ) ;
#212 = CARTESIAN_POINT ( 'NONE',  ( 59.62277339513677532, 6.354257777058363033, 129.7531928238744854 ) ) ;
#213 = CARTESIAN_POINT ( 'NONE',  ( -7.709691586163759602, 15.42020322226124307, -114.1370646745488386 ) ) ;
#214 = B_SPLINE_CURVE_WITH_KNOTS ( 'NONE', 3,
 ( #1796, #4958, #3550, #3609, #5306, #2771, #3667, #3175, #4928, #3118, #562, #4899, #2310, #2224, #1025, #4527, #1455, #594, #2338, #4099, #4068, #130, #159, #3087, #906, #2653, #3977, #36, #1970, #1600, #2027, #1055, #4673, #2921, #1570, #2801, #3810, #5015, #4184, #247, #1997, #4558, #1483, #3753, #5515, #1114, #2399, #2890, #5453, #2428, #622, #738, #1513, #4585, #2861, #2486, #711, #3319, #3723, #3697, #5075, #3781, #3260, #4156, #5107, #219, #1144, #4241, #306, #4646, #2369, #3233, #1083, #2456, #4212, #278 ),
 .UNSPECIFIED., .F., .F.,
 ( 4, 2, 2, 2, 2, 2, 2, 2, 2, 2, 2, 2, 2, 2, 2, 2, 2, 2, 2, 2, 2, 2, 2, 2, 2, 2, 2, 2, 2, 2, 2, 2, 2, 2, 2, 2, 2, 4 ),
 ( 0.06606317179516280058, 0.07420274558027740996, 0.07827253247283470772, 0.08234231936539201935, 0.08641210625794931710, 0.08844699970422789659, 0.09048189315050647608, 0.09251678659678504169, 0.09353423331992440082, 0.09455168004306375995, 0.09556912676620313296, 0.09607785012777286804, 0.09658657348934261699, 0.09709529685091235207, 0.09760402021248210103, 0.09862146693562157118, 0.09963891365876104134, 0.1006563603819005115, 0.1016738071050399816, 0.1026912538281794518, 0.1047261472744582533, 0.1067610407207370549, 0.1108308276132945192, 0.1149006145058519557, 0.1189704013984094200, 0.1230401882909668843, 0.1271099751835243485, 0.1311797620760817851, 0.1352495489686392216, 0.1393193358611966581, 0.1474589096463114202, 0.1555984834314261267, 0.1637380572165408887, 0.1718776310016556230, 0.1800172047867703573, 0.1881567785718851193, 0.1922265654644423616, 0.1962963523569996593 ),
 .UNSPECIFIED. ) ;
#215 = CARTESIAN_POINT ( 'NONE',  ( -210.4866519151532884, 30.21765856041013976, -316.0440604805501152 ) ) ;
#216 = DIRECTION ( 'NONE',  ( -1.000000000000000000, 0.000000000000000000, 0.000000000000000000 ) ) ;
#217 = DIRECTION ( 'NONE',  ( 0.000000000000000000, 0.000000000000000000, 1.000000000000000000 ) ) ;
#218 = EDGE_CURVE ( 'NONE', #429, #2326, #2904, .T. ) ;
#219 = CARTESIAN_POINT ( 'NONE',  ( -218.4932663695752808, 39.78045976687440088, -367.6494316101085360 ) ) ;
#220 = CARTESIAN_POINT ( 'NONE',  ( 37.91233157208768034, 29.39662581927760243, -34.98139930198808401 ) ) ;
#221 = CARTESIAN_POINT ( 'NONE',  ( -51.68718098786833082, 37.22811580382892060, 106.1228587318994840 ) ) ;
#222 = CARTESIAN_POINT ( 'NONE',  ( -64.52787790389082545, 41.09667902509373505, 199.3608620110690879 ) ) ;
#223 = CARTESIAN_POINT ( 'NONE',  ( 5.050673245201183998E-11, 0.000000000000000000, 498.0555349262137952 ) ) ;
#224 = CARTESIAN_POINT ( 'NONE',  ( 64.44998956212768348, 39.52870151842743951, 225.9829883880927639 ) ) ;
#225 = CARTESIAN_POINT ( 'NONE',  ( -58.23486378513553774, 43.98476027214296380, 181.7119593368769301 ) ) ;
#226 = CARTESIAN_POINT ( 'NONE',  ( 4.655531014732589234, -14.28398379393091489, -124.9949820965277496 ) ) ;
#227 = CARTESIAN_POINT ( 'NONE',  ( 224.9999999999999716, 37.07305088275636251, -320.9211166004150186 ) ) ;
#228 = CARTESIAN_POINT ( 'NONE',  ( 225.0000000000000853, 20.31505115710469767, -369.4244901290571761 ) ) ;
#229 = CARTESIAN_POINT ( 'NONE',  ( -44.45120526719055221, 12.31090270829436406, 30.43342374165998976 ) ) ;
#230 = CARTESIAN_POINT ( 'NONE',  ( 36.14011935205807902, 36.43816612976502256, 75.22177189585769952 ) ) ;
#231 = DIRECTION ( 'NONE',  ( 1.000000000000000000, 0.000000000000000000, 0.000000000000000000 ) ) ;
#232 = CARTESIAN_POINT ( 'NONE',  ( 29.89581213741701404, -37.27926783967434687, 438.0555349262136815 ) ) ;
#233 = CARTESIAN_POINT ( 'NONE',  ( 225.0000000000001137, 17.15274853437457381, -316.9760742496940793 ) ) ;
#234 = CARTESIAN_POINT ( 'NONE',  ( 225.0000000000000000, 32.08428047474371425, -374.3108260796815330 ) ) ;
#235 = CARTESIAN_POINT ( 'NONE',  ( -213.9715509601574581, 35.05466129247365359, -399.9876529377562520 ) ) ;
#236 = CARTESIAN_POINT ( 'NONE',  ( 225.0000000000000568, 36.41988885244053620, -318.8968083400050659 ) ) ;
#237 = CARTESIAN_POINT ( 'NONE',  ( -60.27741259137865626, 16.39110891103274170, 140.2919678825053893 ) ) ;
#238 = CARTESIAN_POINT ( 'NONE',  ( 225.0000000000000284, 26.58422779996181262, -296.8204220777539604 ) ) ;
#239 = CARTESIAN_POINT ( 'NONE',  ( 7.548298566650281316, 32.50303647194822076, -93.43485250863884062 ) ) ;
#240 = CARTESIAN_POINT ( 'NONE',  ( -215.3791002208589589, 34.93904390305435470, -399.8443665325136749 ) ) ;
#241 = EDGE_LOOP ( 'NONE', ( #5185, #3661, #300, #1043 ) ) ;
#242 = CARTESIAN_POINT ( 'NONE',  ( -960.0000000000000000, 11.24820983489293091, -9.855662225942040777 ) ) ;
#243 = CARTESIAN_POINT ( 'NONE',  ( -74.02249493054185336, 16.35625977705054623, 241.7366689262860575 ) ) ;
#244 = CARTESIAN_POINT ( 'NONE',  ( -210.3784101672612792, 29.61833128689579198, -313.7723590715385171 ) ) ;
#245 = CARTESIAN_POINT ( 'NONE',  ( -240.0000000000505054, 26.26107159832745808, -400.0000000000000000 ) ) ;
#246 = CARTESIAN_POINT ( 'NONE',  ( -210.4150789976357601, 34.46210181908092096, -393.4210532509632117 ) ) ;
#247 = CARTESIAN_POINT ( 'NONE',  ( -216.0096971984269771, 38.27334730969332810, -306.2620814941957974 ) ) ;
#248 = CARTESIAN_POINT ( 'NONE',  ( 36.98554297041644645, 29.61456266385675562, -38.64031100651200035 ) ) ;
#249 = CARTESIAN_POINT ( 'NONE',  ( -9.673990015442662127, 11.49061430065776612, -124.9949820965278207 ) ) ;
#250 = CARTESIAN_POINT ( 'NONE',  ( 225.0000000000505338, 26.26107159832745452, -400.0000000000000000 ) ) ;
#251 = CARTESIAN_POINT ( 'NONE',  ( 24.10361641807631372, -26.43019469696711354, 466.7211743237411383 ) ) ;
#252 = ORIENTED_EDGE ( 'NONE', *, *, #5064, .F. ) ;
#253 = EDGE_CURVE ( 'NONE', #5475, #3254, #3788, .T. ) ;
#254 = CARTESIAN_POINT ( 'NONE',  ( 62.68793387697645159, 38.24041086435824610, 209.9216960579028921 ) ) ;
#255 = CARTESIAN_POINT ( 'NONE',  ( -41.61487308384373307, 26.38695722987470305, 33.63904963168488393 ) ) ;
#256 = CARTESIAN_POINT ( 'NONE',  ( 66.76329542077471046, -17.61871504385960563, 106.1228587318998109 ) ) ;
#257 = CARTESIAN_POINT ( 'NONE',  ( 0.000000000000000000, 183.4551897322243121, -410.4356226108509986 ) ) ;
#258 = CARTESIAN_POINT ( 'NONE',  ( 224.9999999999999432, 19.82460908770508112, -366.3462764570919035 ) ) ;
#259 = CARTESIAN_POINT ( 'NONE',  ( 14.75338298709104023, -2.708817165794496606, -124.9949820965277922 ) ) ;
#260 =( GEOMETRIC_REPRESENTATION_CONTEXT ( 3 ) GLOBAL_UNCERTAINTY_ASSIGNED_CONTEXT ( ( #3927 ) ) GLOBAL_UNIT_ASSIGNED_CONTEXT ( ( #2667, #4020, #860 ) ) REPRESENTATION_CONTEXT ( 'NONE', 'WORKASPACE' ) );
#261 = CARTESIAN_POINT ( 'NONE',  ( -214.8827799178758653, 39.22253190524024546, -380.6225617364681284 ) ) ;
#262 = CARTESIAN_POINT ( 'NONE',  ( -210.0000000000505054, 26.48053772123666505, -354.9807489828895655 ) ) ;
#263 = CARTESIAN_POINT ( 'NONE',  ( -21.94776500088860871, -23.83136840777894960, -46.53904117984429689 ) ) ;
#264 = CARTESIAN_POINT ( 'NONE',  ( 224.9999999999999716, 17.49633636922775892, -315.4617313277556150 ) ) ;
#265 = CARTESIAN_POINT ( 'NONE',  ( 225.0000000000000284, 33.39049708939879224, -366.0569529143206751 ) ) ;
#266 = CARTESIAN_POINT ( 'NONE',  ( -212.7229665418731201, 37.35771791331676184, -398.1764519354232448 ) ) ;
#267 = CARTESIAN_POINT ( 'NONE',  ( -58.64339964850433518, 16.88620024392144003, 129.2337362981654678 ) ) ;
#268 = CARTESIAN_POINT ( 'NONE',  ( -220.0163748847467673, 41.13022906445908689, -329.4890181917796212 ) ) ;
#269 = CARTESIAN_POINT ( 'NONE',  ( -25.43475562065389184, 32.22691032292230062, -82.58493263600598766 ) ) ;
#270 = CARTESIAN_POINT ( 'NONE',  ( -214.7303865627389712, 34.71634719517972201, -399.7484858798943606 ) ) ;
#271 = ADVANCED_FACE ( 'NONE', ( #986 ), #895, .F. ) ;
#272 = EDGE_LOOP ( 'NONE', ( #2675, #384, #2541, #1867 ) ) ;
#273 = CARTESIAN_POINT ( 'NONE',  ( 3.388131789017200393E-19, 45.13878300764273632, 145.4242441552477487 ) ) ;
#274 = CARTESIAN_POINT ( 'NONE',  ( -71.67920604999702050, 24.71437595430880663, 233.5161154462357445 ) ) ;
#275 = CARTESIAN_POINT ( 'NONE',  ( -211.5665013764796925, 32.93641368065416231, -304.5938511346095083 ) ) ;
#276 = CARTESIAN_POINT ( 'NONE',  ( 14.86207832113522187, 16.16946829105157590, -90.78673349943184689 ) ) ;
#277 = DIRECTION ( 'NONE',  ( 0.000000000000000000, 0.000000000000000000, 1.000000000000000000 ) ) ;
#278 = CARTESIAN_POINT ( 'NONE',  ( -215.3580776145169580, 37.75164741990169404, -397.0000000000000000 ) ) ;
#279 = CARTESIAN_POINT ( 'NONE',  ( 29.15865172718559606, 31.34614012181699394, -67.80202813956439911 ) ) ;
#280 = CARTESIAN_POINT ( 'NONE',  ( -46.26853106119845194, -24.08751611863855402, 438.0555349262136815 ) ) ;
#281 = CARTESIAN_POINT ( 'NONE',  ( -76.16769725238027888, 30.72387348054901324, 228.5248850337989097 ) ) ;
#282 = CARTESIAN_POINT ( 'NONE',  ( 20.85958685597148232, 0.000000000000000000, 498.0555349261633182 ) ) ;
#283 = CARTESIAN_POINT ( 'NONE',  ( 70.53193101633368656, 26.56893149460680448, 235.5335711104533232 ) ) ;
#284 = CARTESIAN_POINT ( 'NONE',  ( -37.35755237456456967, 26.49545963475116395, 34.07037855209492250 ) ) ;
#285 = CARTESIAN_POINT ( 'NONE',  ( 21.12706887055469451, -24.85713835430799179, -46.53904117984434663 ) ) ;
#286 = CARTESIAN_POINT ( 'NONE',  ( 72.69084810271378672, 13.88988985085174477, 236.3973238123262206 ) ) ;
#287 = CARTESIAN_POINT ( 'NONE',  ( 225.0000000000000853, 18.39731967812761226, -357.9900277028986579 ) ) ;
#288 = CARTESIAN_POINT ( 'NONE',  ( 32.63434774576320763, -6.134177507854657208, -46.53904117984428979 ) ) ;
#289 = B_SPLINE_CURVE_WITH_KNOTS ( 'NONE', 3,
 ( #5025, #5405, #5436, #2009, #2320, #1465, #2409, #1127, #2812, #3649, #1094, #5493, #4568, #4596, #3707, #2839, #5526, #3243, #201, #4999, #1552, #605, #4166, #634, #229, #1980, #3185, #4080, #3734, #2783, #3763, #3300, #5056, #4110, #574, #4940, #1953, #2872, #2380, #172, #4627, #693, #2439, #3214 ),
 .UNSPECIFIED., .F., .F.,
 ( 4, 2, 2, 2, 2, 2, 2, 2, 2, 2, 2, 2, 2, 2, 2, 2, 2, 2, 2, 2, 2, 4 ),
 ( 2.780973288783981667E-17, 0.01114133257832405910, 0.02228266515664809044, 0.04456533031329615313, 0.06684799546994421582, 0.08913066062659227851, 0.1002719932049162543, 0.1114133257832402440, 0.1336959909398882096, 0.1559786560965361335, 0.1782613212531840852, 0.2005439864098320091, 0.2116853189881560127, 0.2228266515664799885, 0.2673919818797759196, 0.2896746470364238712, 0.3119573121930717674, 0.3230986447713957710, 0.3342399773497197191, 0.3453813099280436671, 0.3509519762172056412, 0.3565226425063676152 ),
 .UNSPECIFIED. ) ;
#290 = CARTESIAN_POINT ( 'NONE',  ( -216.0254360887094833, 39.84772667718077344, -370.5013521794961093 ) ) ;
#291 = FACE_OUTER_BOUND ( 'NONE', #1703, .T. ) ;
#292 = CARTESIAN_POINT ( 'NONE',  ( -9.426123624428718983, -11.69870977069377460, -124.9949820965277922 ) ) ;
#293 = CARTESIAN_POINT ( 'NONE',  ( 225.0000000000000853, 24.15276373906519680, -298.2699167473061834 ) ) ;
#294 = CARTESIAN_POINT ( 'NONE',  ( 224.9999999999999716, 35.30906996920064955, -355.0706233001908458 ) ) ;
#295 =( LENGTH_UNIT ( ) NAMED_UNIT ( * ) SI_UNIT ( .MILLI., .METRE. ) );
#296 = CARTESIAN_POINT ( 'NONE',  ( -225.0000000000505338, 26.26107159832745452, 147.0000000000000284 ) ) ;
#297 = CARTESIAN_POINT ( 'NONE',  ( -66.83424915500486918, 18.33460286927532934, 109.3661026544068875 ) ) ;
#298 = CARTESIAN_POINT ( 'NONE',  ( -220.1794274721473244, 41.17886492159347966, -331.2749048470062121 ) ) ;
#299 = CARTESIAN_POINT ( 'NONE',  ( -212.8369709701571537, 33.02326411425188724, -399.3154293648758539 ) ) ;
#300 = ORIENTED_EDGE ( 'NONE', *, *, #3476, .F. ) ;
#301 = CARTESIAN_POINT ( 'NONE',  ( 213.0000000000505338, 26.26107159832745452, 150.0000000000000000 ) ) ;
#302 = CARTESIAN_POINT ( 'NONE',  ( -9.932128951582162912, 15.98444837122495521, -106.5705036333467604 ) ) ;
#303 = CARTESIAN_POINT ( 'NONE',  ( -212.4328660260684387, 36.34045645528507151, -304.5903605363214979 ) ) ;
#304 = CARTESIAN_POINT ( 'NONE',  ( -216.0943051301346713, 39.52097400091032853, -312.2679953746350066 ) ) ;
#305 = CARTESIAN_POINT ( 'NONE',  ( -61.05928150912752983, 21.87050676995812282, 70.57305469131254938 ) ) ;
#306 = CARTESIAN_POINT ( 'NONE',  ( -217.4130508836161653, 39.20457723979981779, -378.3407133939319351 ) ) ;
#307 = CARTESIAN_POINT ( 'NONE',  ( 10.72107398883952456, 15.70642590630081159, -105.0305848758844149 ) ) ;
#308 = CARTESIAN_POINT ( 'NONE',  ( -31.24297935666973203, 54.39596665634508810, 106.1228587319000098 ) ) ;
#309 = DIRECTION ( 'NONE',  ( 0.000000000000000000, 0.000000000000000000, 1.000000000000000000 ) ) ;
#310 = CARTESIAN_POINT ( 'NONE',  ( -49.20508187124979571, -23.02465821068931007, 438.0555349262138520 ) ) ;
#311 = CARTESIAN_POINT ( 'NONE',  ( 0.000000000000000000, 0.000000000000000000, -134.9949820965277638 ) ) ;
#312 = CARTESIAN_POINT ( 'NONE',  ( -52.29470538418879499, 47.21317470284934359, 189.8981298100847539 ) ) ;
#313 = CARTESIAN_POINT ( 'NONE',  ( 12.55789899361127127, -8.250920327604028159, -124.9949820965277638 ) ) ;
#314 = CARTESIAN_POINT ( 'NONE',  ( -225.0000000000505338, 26.26107159832745452, -397.0000000000000000 ) ) ;
#315 = CARTESIAN_POINT ( 'NONE',  ( 225.0000000000000568, 18.49997708106321781, -358.5571564622259757 ) ) ;
#316 = CARTESIAN_POINT ( 'NONE',  ( 29.17395571622373396, 10.75809379805179056, -46.53904117984432531 ) ) ;
#317 = CARTESIAN_POINT ( 'NONE',  ( 39.98284342087472965, 45.20036364116070615, 126.1097952017138937 ) ) ;
#318 = CARTESIAN_POINT ( 'NONE',  ( -211.4065022432551757, 32.60274477943661964, -397.0000000000000000 ) ) ;
#319 = CARTESIAN_POINT ( 'NONE',  ( -34.22750639807011908, -58.05102580759276520, 106.1228587319004077 ) ) ;
#320 = CARTESIAN_POINT ( 'NONE',  ( 225.0000000000000000, 21.39418635289105097, -303.0641240379188162 ) ) ;
#321 = CARTESIAN_POINT ( 'NONE',  ( 224.9999999999999716, 34.08563170906217010, -361.8650656675716846 ) ) ;
#322 = ADVANCED_FACE ( 'NONE', ( #291 ), #4254, .T. ) ;
#323 = CARTESIAN_POINT ( 'NONE',  ( 26.40542161392779263, 20.31382344923316197, -40.73938169320031477 ) ) ;
#324 = CARTESIAN_POINT ( 'NONE',  ( -212.6605504339227082, 35.12642889755593245, -399.8733586625900216 ) ) ;
#325 = CARTESIAN_POINT ( 'NONE',  ( -70.76497803299433542, 16.57237845017861488, 138.9492459333357885 ) ) ;
#326 = CARTESIAN_POINT ( 'NONE',  ( 225.0000000000000568, 24.59241812754154566, -393.0203258693962312 ) ) ;
#327 = ORIENTED_EDGE ( 'NONE', *, *, #4571, .F. ) ;
#328 = CARTESIAN_POINT ( 'NONE',  ( -12.05453871373013541, 16.52436649258291013, -98.97387687292024339 ) ) ;
#329 = CARTESIAN_POINT ( 'NONE',  ( 46.25286535789689424, 24.96351174718784449, 20.66131026586831965 ) ) ;
#330 = CARTESIAN_POINT ( 'NONE',  ( 77.73646138049485899, 28.31243337572855978, 233.2013123861060251 ) ) ;
#331 = CARTESIAN_POINT ( 'NONE',  ( 12.79498131828625063, 34.04761772055329061, -114.1092245381987453 ) ) ;
#332 = CARTESIAN_POINT ( 'NONE',  ( -94.82415839199641994, -2.179641807510845020, 294.0012731391482248 ) ) ;
#333 = CARTESIAN_POINT ( 'NONE',  ( 237.0000000000505054, 26.26107159832745452, -400.0000000000000000 ) ) ;
#334 = CARTESIAN_POINT ( 'NONE',  ( -52.65861684740639248, 25.58217614702395082, 27.81779135371288803 ) ) ;
#335 = CARTESIAN_POINT ( 'NONE',  ( -211.7160807872104442, 33.41318089165423544, -392.6641416739458919 ) ) ;
#336 = CARTESIAN_POINT ( 'NONE',  ( 58.10567568224502821, 42.05126605751598845, 194.7813426474112930 ) ) ;
#337 = CARTESIAN_POINT ( 'NONE',  ( -35.61270096196349755, 25.06543162578227779, 20.31566144093502402 ) ) ;
#338 = CARTESIAN_POINT ( 'NONE',  ( 9.674112263184605709, -11.48993016833007097, -124.9949820965277922 ) ) ;
#339 = DIRECTION ( 'NONE',  ( -0.000000000000000000, -0.000000000000000000, -1.000000000000000000 ) ) ;
#340 = CARTESIAN_POINT ( 'NONE',  ( 225.0000000000000284, 21.16860840982157299, -374.8453454253783548 ) ) ;
#341 = CARTESIAN_POINT ( 'NONE',  ( 62.00815668516415968, 14.00879342956179663, 106.1228587319000098 ) ) ;
#342 = CARTESIAN_POINT ( 'NONE',  ( -215.3348086504534251, 37.82972231713820577, -386.7361816691721401 ) ) ;
#343 = DIRECTION ( 'NONE',  ( 0.000000000000000000, 0.000000000000000000, 1.000000000000000000 ) ) ;
#344 = CARTESIAN_POINT ( 'NONE',  ( 52.16257740802041809, -29.92871102927752247, 402.2845281192503535 ) ) ;
#345 = CARTESIAN_POINT ( 'NONE',  ( 225.0000000000000284, 37.98317389054228954, -335.9506577414171034 ) ) ;
#346 = CARTESIAN_POINT ( 'NONE',  ( 225.0000000000000853, 18.39628230852386537, -311.9105747009782590 ) ) ;
#347 = CARTESIAN_POINT ( 'NONE',  ( 225.0000000000000853, 35.00987167862930249, -356.6864461445558732 ) ) ;
#348 = AXIS2_PLACEMENT_3D ( 'NONE', #949, #1436, #5698 ) ;
#349 = SURFACE_STYLE_FILL_AREA ( #1643 ) ;
#350 = DIRECTION ( 'NONE',  ( 0.000000000000000000, 0.8799468142165087770, 0.4750722094063352108 ) ) ;
#351 = CARTESIAN_POINT ( 'NONE',  ( -217.1342559066290505, 40.07524658719030697, -315.6303162789176895 ) ) ;
#352 = ORIENTED_EDGE ( 'NONE', *, *, #4760, .T. ) ;
#353 = CARTESIAN_POINT ( 'NONE',  ( -210.0000000000505338, 26.26107159833037485, -353.1462783196023452 ) ) ;
#354 = CARTESIAN_POINT ( 'NONE',  ( -67.37849430869000855, 18.02082564803596298, 113.3367018083161639 ) ) ;
#355 = CARTESIAN_POINT ( 'NONE',  ( -21.16232382970697046, 32.62669837525812966, -98.06785688553048885 ) ) ;
#356 = CARTESIAN_POINT ( 'NONE',  ( -15.02489881523325010, -0.3265576192472796069, -124.9949820965279059 ) ) ;
#357 = DIRECTION ( 'NONE',  ( 0.000000000000000000, 0.000000000000000000, 1.000000000000000000 ) ) ;
#358 = CARTESIAN_POINT ( 'NONE',  ( -960.0000000000000000, 30.79053247483070521, 92.11952401667286949 ) ) ;
#359 = VERTEX_POINT ( 'NONE', #2903 ) ;
#360 = CARTESIAN_POINT ( 'NONE',  ( -211.9711687064971670, 32.91308499519007569, -398.4581240529263368 ) ) ;
#361 = CARTESIAN_POINT ( 'NONE',  ( 41.89400076548962204, 46.88516135479154201, 139.5015838055345512 ) ) ;
#362 = VECTOR ( 'NONE', #3599, 1000.000000000000227 ) ;
#363 = CARTESIAN_POINT ( 'NONE',  ( -34.56012503141170811, 22.38866815427008916, -12.34193572885986079 ) ) ;
#364 = CARTESIAN_POINT ( 'NONE',  ( 51.19332024895597755, 16.39201268681097190, 438.0555349262135110 ) ) ;
#365 = CARTESIAN_POINT ( 'NONE',  ( 38.46942077483661393, 24.99538295103827679, 19.89189220631518751 ) ) ;
#366 = CARTESIAN_POINT ( 'NONE',  ( 225.0000000000000568, 22.50204983025166783, -382.9804863107447659 ) ) ;
#367 = CARTESIAN_POINT ( 'NONE',  ( 47.69136642132428250, 37.40382364816436223, 106.1228587319003935 ) ) ;
#368 = DIRECTION ( 'NONE',  ( 0.000000000000000000, 0.000000000000000000, -1.000000000000000000 ) ) ;
#369 = CARTESIAN_POINT ( 'NONE',  ( 53.45918200954794486, -42.14393227831530453, 106.1228587319000098 ) ) ;
#370 = CARTESIAN_POINT ( 'NONE',  ( 225.0000000000000853, 36.92367261752543328, -321.5933650270440580 ) ) ;
#371 = CARTESIAN_POINT ( 'NONE',  ( 225.0000000000001137, 15.15805612957467297, -332.3782094985670028 ) ) ;
#372 = CARTESIAN_POINT ( 'NONE',  ( 225.0000000000000568, 34.66417382248965851, -358.5809908549358056 ) ) ;
#373 = CARTESIAN_POINT ( 'NONE',  ( 29.51112402764148257, 21.09027744426492035, -29.18508563403401368 ) ) ;
#374 = CARTESIAN_POINT ( 'NONE',  ( 7.628843918213131126, 15.45530106256030578, -114.1466913267855432 ) ) ;
#375 = CIRCLE ( 'NONE', #561, 9.999999999999991118 ) ;
#376 = CARTESIAN_POINT ( 'NONE',  ( -218.7821459781508509, 40.93782754848489702, -350.7563953457133152 ) ) ;
#377 = EDGE_LOOP ( 'NONE', ( #2915, #4428, #2078, #2823 ) ) ;
#378 = DIRECTION ( 'NONE',  ( -0.000000000000000000, -0.000000000000000000, 1.000000000000000000 ) ) ;
#379 = CARTESIAN_POINT ( 'NONE',  ( 82.61103782916605098, 25.56501073272388069, 233.9942673448651362 ) ) ;
#380 = CARTESIAN_POINT ( 'NONE',  ( -10.77306655575796945, 32.66738810999398623, -96.68757284802211416 ) ) ;
#381 = CARTESIAN_POINT ( 'NONE',  ( -32.21253750827683149, 4.841653302585378071, -46.53904117984417610 ) ) ;
#382 = FACE_OUTER_BOUND ( 'NONE', #2265, .T. ) ;
#383 = CARTESIAN_POINT ( 'NONE',  ( -46.58452381707273560, 24.82235652366994216, 18.99743717193314652 ) ) ;
#384 = ORIENTED_EDGE ( 'NONE', *, *, #3058, .F. ) ;
#385 = CARTESIAN_POINT ( 'NONE',  ( -94.21952993915174090, 25.82911545138364673, 294.0012731391514080 ) ) ;
#386 = CARTESIAN_POINT ( 'NONE',  ( -212.1198440080945034, 34.13180649599701866, -396.6014228987210117 ) ) ;
#387 = EDGE_CURVE ( 'NONE', #4521, #1648, #5092, .T. ) ;
#388 = CARTESIAN_POINT ( 'NONE',  ( 34.42129611966426239, 31.82273117923093508, 48.56132834031735968 ) ) ;
#389 = CARTESIAN_POINT ( 'NONE',  ( -32.78398009993998841, 28.24989471367893046, 20.86327088697187193 ) ) ;
#390 = CARTESIAN_POINT ( 'NONE',  ( 27.60521679689813368, 13.62180750188105804, -46.53904117984419742 ) ) ;
#391 = CARTESIAN_POINT ( 'NONE',  ( 0.000000000000000000, 190.1903158943321159, -508.8278670517207729 ) ) ;
#392 = CARTESIAN_POINT ( 'NONE',  ( 225.0000000000000284, 23.23607881858962187, -387.0093030862001910 ) ) ;
#393 = CARTESIAN_POINT ( 'NONE',  ( -7.365328105300430472, 122.2399614945829853, 294.0012731391515217 ) ) ;
#394 = CARTESIAN_POINT ( 'NONE',  ( 24.83523087682030805, 24.93197856120908540, -19.74548783111085015 ) ) ;
#395 = CARTESIAN_POINT ( 'NONE',  ( 60.80729803020462754, 23.08168719947348180, 402.2845281192504672 ) ) ;
#396 = CARTESIAN_POINT ( 'NONE',  ( 25.87152769440677247, -75.72447426234282375, 294.0012731391508396 ) ) ;
#397 = CARTESIAN_POINT ( 'NONE',  ( 225.0000000000000284, 37.93371815170392125, -337.0518025214121280 ) ) ;
#398 = CARTESIAN_POINT ( 'NONE',  ( 225.0000000000000568, 15.14947352134469583, -334.5146716639262650 ) ) ;
#399 = CARTESIAN_POINT ( 'NONE',  ( 225.0000000000000568, 35.62921831838091435, -353.3512112840377881 ) ) ;
#400 = CARTESIAN_POINT ( 'NONE',  ( 58.94103910536571789, 6.526648474661208787, 124.1002664564733777 ) ) ;
#401 = CARTESIAN_POINT ( 'NONE',  ( -214.3781638422708511, 36.85426030094394889, -303.4737332266111025 ) ) ;
#402 = CARTESIAN_POINT ( 'NONE',  ( 17.53980145750568198, 18.18796396450683872, -75.53124165016950542 ) ) ;
#403 = CARTESIAN_POINT ( 'NONE',  ( 45.08803077184415287, 11.47539754965230863, 38.00819317135256625 ) ) ;
#404 = CARTESIAN_POINT ( 'NONE',  ( 225.0000000000000000, 25.61173597278301273, -395.8581708323325756 ) ) ;
#405 = CIRCLE ( 'NONE', #2519, 11.99999999999998224 ) ;
#406 = ORIENTED_EDGE ( 'NONE', *, *, #4939, .F. ) ;
#407 = CARTESIAN_POINT ( 'NONE',  ( 43.72593219150421362, 24.52631876401466826, 14.97748133043938346 ) ) ;
#408 = CARTESIAN_POINT ( 'NONE',  ( 16.14333759780516075, 15.79381113639677103, -86.39770920075821437 ) ) ;
#409 = CARTESIAN_POINT ( 'NONE',  ( -6.277005280332819126, -44.09610109127087441, 438.0555349262137383 ) ) ;
#410 = CARTESIAN_POINT ( 'NONE',  ( -73.88226543166491922, 18.71631594166955637, 243.7937534063188423 ) ) ;
#411 = CARTESIAN_POINT ( 'NONE',  ( -49.21726738396612433, 25.24565846164361815, 24.16414603205999967 ) ) ;
#412 = VERTEX_POINT ( 'NONE', #2384 ) ;
#413 = CARTESIAN_POINT ( 'NONE',  ( -55.88669260448440923, 32.01852796247087696, 106.1228587318997967 ) ) ;
#414 = CARTESIAN_POINT ( 'NONE',  ( -211.7613421928291757, 35.29100093969663732, -399.2356785924638416 ) ) ;
#415 = CARTESIAN_POINT ( 'NONE',  ( 58.47648952962067881, 44.35713565270953751, 177.6220207377757276 ) ) ;
#416 = CARTESIAN_POINT ( 'NONE',  ( -37.15438409560126587, 23.60542872638040279, 2.817972978305622433 ) ) ;
#417 = CARTESIAN_POINT ( 'NONE',  ( 31.25668603971744375, 36.46269079359090171, 438.0555349262138520 ) ) ;
#418 = CARTESIAN_POINT ( 'NONE',  ( 0.000000000000000000, 0.000000000000000000, -134.9949820965277638 ) ) ;
#419 = CARTESIAN_POINT ( 'NONE',  ( 225.0000000000000568, 22.16433796260582412, -380.9975246378755287 ) ) ;
#420 = EDGE_CURVE ( 'NONE', #4393, #5324, #4964, .T. ) ;
#421 = CARTESIAN_POINT ( 'NONE',  ( -24.08113499523723178, 117.4063605599359477, 294.0012731391516354 ) ) ;
#422 = CARTESIAN_POINT ( 'NONE',  ( 71.02076187631524817, 24.98512023294438933, 233.7550202089530273 ) ) ;
#423 = CARTESIAN_POINT ( 'NONE',  ( 55.08034513699293910, -0.7260872326187582937, 438.0555349262136815 ) ) ;
#424 = CARTESIAN_POINT ( 'NONE',  ( -9.543218621903442056, -52.48438244627485005, 402.2845281192508651 ) ) ;
#425 = CARTESIAN_POINT ( 'NONE',  ( 225.0000000000000284, 37.99651760771477171, -331.8169525390543981 ) ) ;
#426 = CARTESIAN_POINT ( 'NONE',  ( 225.0000000000000853, 16.54754010193731517, -319.9226573565109675 ) ) ;
#427 = CARTESIAN_POINT ( 'NONE',  ( 225.0000000000000568, 35.48210599442941060, -354.1410977510647058 ) ) ;
#428 = CARTESIAN_POINT ( 'NONE',  ( -84.34651111667055545, 25.67710211472466852, 32.02471619495722166 ) ) ;
#429 = VERTEX_POINT ( 'NONE', #5466 ) ;
#430 = CARTESIAN_POINT ( 'NONE',  ( -217.8430032339857689, 39.44719866758212135, -311.4912557788945264 ) ) ;
#431 = CARTESIAN_POINT ( 'NONE',  ( 800.0000000000000000, 0.000000000000000000, 0.000000000000000000 ) ) ;
#432 = CARTESIAN_POINT ( 'NONE',  ( 225.0000000000000568, 29.17894931043075246, -390.6205385774723595 ) ) ;
#433 = ORIENTED_EDGE ( 'NONE', *, *, #1411, .T. ) ;
#434 = CARTESIAN_POINT ( 'NONE',  ( 71.22317066787105944, 27.47323248295940346, 244.8734968536006988 ) ) ;
#435 = CARTESIAN_POINT ( 'NONE',  ( 225.0000000000000853, 30.43451551015901657, -300.3440640307730973 ) ) ;
#436 = EDGE_CURVE ( 'NONE', #3220, #611, #5704, .T. ) ;
#437 = CARTESIAN_POINT ( 'NONE',  ( -80.30844250749123603, -35.97387061538231023, 294.0012731391505554 ) ) ;
#438 = FACE_BOUND ( 'NONE', #4854, .T. ) ;
#439 = CARTESIAN_POINT ( 'NONE',  ( 707.6248507959812741, 28.44692161226919325, 214.2435187219809052 ) ) ;
#440 = CARTESIAN_POINT ( 'NONE',  ( -51.19326184925682099, -16.39202071488219659, 438.0555349262136247 ) ) ;
#441 = CARTESIAN_POINT ( 'NONE',  ( -212.5048206023044770, 34.36947327712591971, -398.1195592326945984 ) ) ;
#442 = CARTESIAN_POINT ( 'NONE',  ( 42.59605706980518391, 42.17348739960349491, 124.3612506541694813 ) ) ;
#443 = CARTESIAN_POINT ( 'NONE',  ( -214.8942353305188817, 38.75017363663241809, -308.8733442890227252 ) ) ;
#444 = CARTESIAN_POINT ( 'NONE',  ( -26.41195179799465720, 24.75582005068056191, -18.91698080754911260 ) ) ;
#445 = CARTESIAN_POINT ( 'NONE',  ( 53.93162593759887358, 8.322220184156329026, 87.58773740054202506 ) ) ;
#446 = CARTESIAN_POINT ( 'NONE',  ( 14.97992204346043188, -1.184573238902240755, -124.9949820965278207 ) ) ;
#447 = CARTESIAN_POINT ( 'NONE',  ( 38.57128907042815058, 25.05046040434563892, 20.57210906938244932 ) ) ;
#448 = CARTESIAN_POINT ( 'NONE',  ( 800.0000000000000000, 28.34244247031788788, 97.73208133257904251 ) ) ;
#449 = CARTESIAN_POINT ( 'NONE',  ( 38.14819215795847640, 47.77440228908989184, 106.1228587318994840 ) ) ;
#450 = DIRECTION ( 'NONE',  ( -1.000000000000000000, 0.000000000000000000, 0.000000000000000000 ) ) ;
#451 = CARTESIAN_POINT ( 'NONE',  ( 12.55789899361127127, -8.250920327604028159, -124.9949820965277638 ) ) ;
#452 = CARTESIAN_POINT ( 'NONE',  ( -6.277005280332819126, -44.09610109127087441, 438.0555349262137383 ) ) ;
#453 = CARTESIAN_POINT ( 'NONE',  ( -214.2745364889784980, 33.45165956457272927, -399.8596722981528160 ) ) ;
#454 = CARTESIAN_POINT ( 'NONE',  ( 225.0000000000000853, 16.10700311444015398, -322.4173241744653069 ) ) ;
#455 = CARTESIAN_POINT ( 'NONE',  ( 225.0000000000000284, 36.05192079236495317, -351.0665870047315593 ) ) ;
#456 = CARTESIAN_POINT ( 'NONE',  ( -210.0000000000505338, 26.26107159833037485, -353.1462783196023452 ) ) ;
#457 = ORIENTED_EDGE ( 'NONE', *, *, #4042, .T. ) ;
#458 = CARTESIAN_POINT ( 'NONE',  ( -213.4207424909015458, 37.49146987776514806, -305.6928555601951984 ) ) ;
#459 =( LENGTH_UNIT ( ) NAMED_UNIT ( * ) SI_UNIT ( .MILLI., .METRE. ) );
#460 = ADVANCED_FACE ( 'NONE', ( #5058 ), #2842, .T. ) ;
#461 = CARTESIAN_POINT ( 'NONE',  ( 42.37350146669563600, 12.14455337598545093, 24.45143017624530657 ) ) ;
#462 = CARTESIAN_POINT ( 'NONE',  ( 225.0000000000000000, 28.41527855301156080, -393.5796461663446166 ) ) ;
#463 = ORIENTED_EDGE ( 'NONE', *, *, #640, .T. ) ;
#464 = AXIS2_PLACEMENT_3D ( 'NONE', #311, #4189, #687 ) ;
#465 = CARTESIAN_POINT ( 'NONE',  ( -210.0130110335003053, 25.62504073230672219, -338.6857546320230199 ) ) ;
#466 = B_SPLINE_SURFACE_WITH_KNOTS ( 'NONE', 3, 1, ( 
 ( #1074, #3687 ),
 ( #2329, #5444 ),
 ( #2820, #2360 ),
 ( #583, #643 ),
 ( #613, #4147 ),
 ( #3195, #1561 ),
 ( #4089, #552 ),
 ( #150, #673 ),
 ( #3251, #208 ),
 ( #5067, #1015 ),
 ( #2417, #4949 ),
 ( #4175, #2388 ),
 ( #5472, #2762 ),
 ( #4518, #1932 ),
 ( #5034, #1135 ),
 ( #5006, #1045 ) ),
 .UNSPECIFIED., .T., .F., .F.,
 ( 4, 1, 1, 1, 1, 1, 1, 1, 1, 1, 1, 1, 1, 4 ),
 ( 2, 2 ),
 ( 0.000000000000000000, 0.02161159401679269010, 0.07570000000004212248, 0.1971115940168136071, 0.2266192821405969005, 0.4002000000000214275, 0.4021192821406178175, 0.5737807178594460655, 0.5757000000000420670, 0.7492807178594663720, 0.7787884059832502759, 0.9002000000000215385, 0.9542884059832705823, 1.000000000000000000 ),
 ( 0.000000000000000000, 1.000000000000000000 ),
 .UNSPECIFIED. ) ;
#467 = CARTESIAN_POINT ( 'NONE',  ( 224.9999999999999716, 29.68903298909904365, -299.1497767276967465 ) ) ;
#468 = CARTESIAN_POINT ( 'NONE',  ( -43.68249930676279291, -37.93827324920633970, 402.2845281192504672 ) ) ;
#469 = DIRECTION ( 'NONE',  ( 0.000000000000000000, 0.000000000000000000, -1.000000000000000000 ) ) ;
#470 = CARTESIAN_POINT ( 'NONE',  ( 80.41887575681457179, 20.91354647962326396, 215.8096062453867603 ) ) ;
#471 = CARTESIAN_POINT ( 'NONE',  ( -31.24297935666973203, 54.39596665634508810, 106.1228587319000098 ) ) ;
#472 = CARTESIAN_POINT ( 'NONE',  ( -210.2323454641617957, 28.90040429389290111, -316.7328877444790578 ) ) ;
#473 = CARTESIAN_POINT ( 'NONE',  ( 15.07833992899180586, 19.72703977840970069, -75.46461583521451644 ) ) ;
#474 = CARTESIAN_POINT ( 'NONE',  ( -225.0000000000505338, 26.26107159832745452, -397.0000000000000000 ) ) ;
#475 = CARTESIAN_POINT ( 'NONE',  ( -12.79712641853357624, 15.27775143142821968, -101.9212152174846011 ) ) ;
#476 = CARTESIAN_POINT ( 'NONE',  ( 69.25022133711412664, 17.09419464299574187, 127.8711723175482717 ) ) ;
#477 = CARTESIAN_POINT ( 'NONE',  ( 26.88802322015385116, 57.23677149365595085, 402.2845281192508082 ) ) ;
#478 = CARTESIAN_POINT ( 'NONE',  ( 39.33321289016077316, 25.55065380697257638, 26.01769086651335527 ) ) ;
#479 = CARTESIAN_POINT ( 'NONE',  ( 52.28042225061611958, 25.59353060659663726, 27.87878479711572055 ) ) ;
#480 = CARTESIAN_POINT ( 'NONE',  ( -26.98845783226164485, 57.78791139143559263, 402.2845281192504672 ) ) ;
#481 = CARTESIAN_POINT ( 'NONE',  ( 82.73060231159159628, 24.83702367199440886, 233.3200055871429583 ) ) ;
#482 = CARTESIAN_POINT ( 'NONE',  ( 21.12706887055469451, -24.85713835430799179, -46.53904117984434663 ) ) ;
#483 = CARTESIAN_POINT ( 'NONE',  ( -29.33480806901222238, -13.29285068030435113, -46.53904117984424715 ) ) ;
#484 = CARTESIAN_POINT ( 'NONE',  ( 225.0000000000000568, 33.88652371805373065, -308.8690848872242327 ) ) ;
#485 = CARTESIAN_POINT ( 'NONE',  ( 225.0000000000000853, 17.70691233290197886, -354.2514868012425495 ) ) ;
#486 = CARTESIAN_POINT ( 'NONE',  ( 224.9999999999999716, 37.29434027999411683, -343.5580312358606534 ) ) ;
#487 = DIRECTION ( 'NONE',  ( -0.000000000000000000, -0.000000000000000000, -1.000000000000000000 ) ) ;
#488 = ORIENTED_EDGE ( 'NONE', *, *, #2671, .F. ) ;
#489 = CARTESIAN_POINT ( 'NONE',  ( -216.6002284014067811, 38.69662811977895700, -307.7227884292150861 ) ) ;
#490 = CARTESIAN_POINT ( 'NONE',  ( -31.61415962143733438, 7.835041928118858579, 466.7211743237411383 ) ) ;
#491 = CARTESIAN_POINT ( 'NONE',  ( 224.9999999999999432, 25.44246772930795686, -395.5064106881839052 ) ) ;
#492 = EDGE_CURVE ( 'NONE', #2420, #1785, #2042, .T. ) ;
#493 = VERTEX_POINT ( 'NONE', #2011 ) ;
#494 = CARTESIAN_POINT ( 'NONE',  ( -210.0047592290605678, 25.86467814975722490, -335.1020576103817916 ) ) ;
#495 = CARTESIAN_POINT ( 'NONE',  ( 7.863099356340152113, -79.75179385194438453, 294.0012731391510101 ) ) ;
#496 = CARTESIAN_POINT ( 'NONE',  ( 0.000000000000000000, 0.000000000000000000, -134.9949820965277638 ) ) ;
#497 = AXIS2_PLACEMENT_3D ( 'NONE', #3458, #309, #5137 ) ;
#498 = CARTESIAN_POINT ( 'NONE',  ( -37.87386434529263823, 25.84310244298346149, 21.71855178946567477 ) ) ;
#499 = CARTESIAN_POINT ( 'NONE',  ( 73.68199794421988713, 16.24327286861067066, 164.7050480470046807 ) ) ;
#500 = CARTESIAN_POINT ( 'NONE',  ( -7.304585951720921067, 13.12490642194070567, -124.9949820965277212 ) ) ;
#501 = CARTESIAN_POINT ( 'NONE',  ( -210.2261542509077685, 29.15373742234345045, -364.2192441414990753 ) ) ;
#502 = CARTESIAN_POINT ( 'NONE',  ( 29.04285225709000073, 22.49177966834491826, -11.91121834118337830 ) ) ;
#503 = CARTESIAN_POINT ( 'NONE',  ( -212.2353732799440422, 36.10155970750850685, -304.5531717417811137 ) ) ;
#504 = CARTESIAN_POINT ( 'NONE',  ( -15.28344079684122647, 16.17098706264623331, -90.70557270358322910 ) ) ;
#505 = CARTESIAN_POINT ( 'NONE',  ( 48.65651671526258326, 21.34208593118044206, 74.38262665906376014 ) ) ;
#506 = CARTESIAN_POINT ( 'NONE',  ( 42.25038105141707945, 107.1213364117487288, 294.0012731391513512 ) ) ;
#507 = CARTESIAN_POINT ( 'NONE',  ( 69.12498733445291066, 38.47033096589151313, 209.1501348113778533 ) ) ;
#508 = CARTESIAN_POINT ( 'NONE',  ( 5.050673245201183998E-11, 0.000000000000000000, 498.0555349262137952 ) ) ;
#509 = CARTESIAN_POINT ( 'NONE',  ( 2.202428787110037423, 31.65985645311570451, -46.53904117984397715 ) ) ;
#510 = CARTESIAN_POINT ( 'NONE',  ( 70.74826166082576151, 24.24999392887870187, 233.7639130205384959 ) ) ;
#511 = CARTESIAN_POINT ( 'NONE',  ( 63.90914755664324787, 86.96317297817954284, 294.0012731391510101 ) ) ;
#512 = CARTESIAN_POINT ( 'NONE',  ( -32.55078516305855629, 1.772976038484928907, -46.53904117984439637 ) ) ;
#513 = CARTESIAN_POINT ( 'NONE',  ( -213.4664565594617329, 33.14802505858486370, -399.6416872951468235 ) ) ;
#514 = CARTESIAN_POINT ( 'NONE',  ( 225.0000000000000284, 18.01377174618973953, -355.9024440326771810 ) ) ;
#515 = EDGE_CURVE ( 'NONE', #3312, #517, #2201, .T. ) ;
#516 = CARTESIAN_POINT ( 'NONE',  ( 225.0000000000000284, 33.62957358472948499, -308.0590257774019847 ) ) ;
#517 = VERTEX_POINT ( 'NONE', #1795 ) ;
#518 = CARTESIAN_POINT ( 'NONE',  ( -219.6637458712636999, 40.32011386983950274, -350.3989648403893398 ) ) ;
#519 = CARTESIAN_POINT ( 'NONE',  ( 41.71917371189599777, 0.3917520964059496014, 466.7211743237411383 ) ) ;
#520 = CARTESIAN_POINT ( 'NONE',  ( 225.0000000000000284, 24.87472855828270468, -393.9709148415569757 ) ) ;
#521 = VERTEX_POINT ( 'NONE', #532 ) ;
#522 = CARTESIAN_POINT ( 'NONE',  ( 0.000000000000000000, 193.8080463568161633, -496.7725349299225854 ) ) ;
#523 = CARTESIAN_POINT ( 'NONE',  ( -38.68733829087688747, 43.88237697493661216, 116.9829613403823316 ) ) ;
#524 = DIRECTION ( 'NONE',  ( -1.000000000000000000, 0.000000000000000000, 0.000000000000000000 ) ) ;
#525 =( BOUNDED_SURFACE ( )  B_SPLINE_SURFACE ( 3, 2, ( 
 ( #2032, #716, #1089 ),
 ( #3786, #1605, #3353 ),
 ( #224, #5051, #5112 ),
 ( #3758, #1178, #4273 ),
 ( #1206, #2926, #5579 ),
 ( #4703, #254, #4678 ),
 ( #2434, #1975, #771 ),
 ( #1121, #2003, #5521 ),
 ( #2867, #3729, #4591 ),
 ( #2834, #336, #3702 ),
 ( #1632, #3381, #5141 ),
 ( #2954, #4622, #5458 ),
 ( #3265, #1519, #658 ),
 ( #5080, #1149, #3891 ),
 ( #2651, #2624, #415 ),
 ( #5634, #1255, #4406 ),
 ( #3489, #3947, #3 ),
 ( #2088, #1335, #4377 ),
 ( #4755, #4838, #3919 ),
 ( #361, #4811, #5249 ),
 ( #3085, #1687, #4783 ),
 ( #2166, #2114, #1765 ),
 ( #875, #5659, #2543 ),
 ( #3463, #442, #3435 ),
 ( #5685, #2141, #2192 ),
 ( #904, #795, #3518 ),
 ( #1714, #4352, #1281 ),
 ( #5196, #3028, #848 ),
 ( #5221, #4298, #3867 ),
 ( #3003, #2596, #1739 ),
 ( #3840, #1309, #5276 ),
 ( #5606, #820, #2568 ),
 ( #4325, #1661, #3056 ),
 ( #388, #3409, #5169 ),
 ( #1230, #2978, #4729 ),
 ( #2279, #128, #1052 ),
 ( #1423, #5393, #4096 ),
 ( #3607, #531, #1480 ),
 ( #3173, #157, #3636 ),
 ( #4035, #97, #1880 ),
 ( #1023, #4926, #1453 ),
 ( #592, #34, #5304 ),
 ( #3231, #2252, #1822 ),
 ( #3146, #1365, #5332 ),
 ( #3116, #3202, #4868 ),
 ( #2684, #994, #3665 ),
 ( #559, #1794, #1909 ),
 ( #2308, #2769, #3548 ),
 ( #936, #1852, #4005 ),
 ( #5362, #4437, #2799 ),
 ( #4497, #502, #62 ),
 ( #2741, #5422, #4956 ),
 ( #2712, #3578, #4066 ),
 ( #4525, #963, #4897 ),
 ( #2336, #4984, #1394 ),
 ( #473, #4468, #2222 ),
 ( #3975, #3288, #2859 ),
 ( #3779, #1995, #3694 ),
 ( #5513, #276, #4239 ),
 ( #4154, #2484, #4643 ),
 ( #4671, #1967, #3373 ),
 ( #1081, #709, #2454 ),
 ( #5451, #736, #1941 ),
 ( #2888, #1540, #4210 ),
 ( #5572, #4125, #3346 ),
 ( #2024, #1510, #3721 ) ),
 .UNSPECIFIED., .F., .F., .F. ) 
 B_SPLINE_SURFACE_WITH_KNOTS ( ( 4, 2, 2, 2, 2, 2, 2, 2, 2, 2, 2, 2, 2, 2, 2, 2, 2, 2, 2, 2, 2, 2, 2, 2, 2, 2, 2, 2, 2, 2, 2, 2, 4 ),
 ( 3, 3 ),
 ( 0.6960843700470646933, 0.7193053346743223386, 0.7251105758311366944, 0.7309158169879510503, 0.7425262993015798729, 0.7483315404583943398, 0.7541367816152086956, 0.7657472639288374072, 0.7889682285560950525, 0.8005787108697238752, 0.8121891931833526979, 0.8179944343401670537, 0.8237996754969814095, 0.8354101578106102322, 0.8586311224378677665, 0.8818520870651254118, 0.8934625693787542344, 0.9050730516923830571, 0.9166835340060117687, 0.9224887751628261245, 0.9253913957412334135, 0.9257542233135342968, 0.9261170508858351802, 0.9268427060304369469, 0.9282940163196405914, 0.9747359455741557710, 0.9979569102014134163, 1.021177874828671062, 1.032788357142299773, 1.044398839455928485, 1.056009321769557197, 1.061814562926371774, 1.067619804083186130 ),
 ( 0.000000000000000000, 1.000000000000000000 ),
 .UNSPECIFIED. ) 
 GEOMETRIC_REPRESENTATION_ITEM ( )  RATIONAL_B_SPLINE_SURFACE ( (
 ( 1.000000000000000000, 0.7904024295046422344, 1.000000000000000000),
 ( 1.000000000000000000, 0.8045432138120988119, 1.000000000000000000),
 ( 1.000000000000000000, 0.8185217009101590779, 1.000000000000000000),
 ( 1.000000000000000000, 0.8346859718308021758, 1.000000000000000000),
 ( 1.000000000000000000, 0.8378531735138620151, 1.000000000000000000),
 ( 1.000000000000000000, 0.8440536636634993206, 1.000000000000000000),
 ( 1.000000000000000000, 0.8470590567563226481, 1.000000000000000000),
 ( 1.000000000000000000, 0.8560733557316299036, 1.000000000000000000),
 ( 1.000000000000000000, 0.8618204338831839673, 1.000000000000000000),
 ( 1.000000000000000000, 0.8700191417814523431, 1.000000000000000000),
 ( 1.000000000000000000, 0.8726812966326382703, 1.000000000000000000),
 ( 1.000000000000000000, 0.8778579288491794586, 1.000000000000000000),
 ( 1.000000000000000000, 0.8803634376944340367, 1.000000000000000000),
 ( 1.000000000000000000, 0.8876074879330206890, 1.000000000000000000),
 ( 1.000000000000000000, 0.8920898184635304151, 1.000000000000000000),
 ( 1.000000000000000000, 0.9044597905629748746, 1.000000000000000000),
 ( 1.000000000000000000, 0.9112237939763299099, 1.000000000000000000),
 ( 1.000000000000000000, 0.9191132486143176461, 1.000000000000000000),
 ( 1.000000000000000000, 0.9213689946760049709, 1.000000000000000000),
 ( 1.000000000000000000, 0.9251121572009718408, 1.000000000000000000),
 ( 1.000000000000000000, 0.9266011741175194105, 1.000000000000000000),
 ( 1.000000000000000000, 0.9283019082194119420, 1.000000000000000000),
 ( 1.000000000000000000, 0.9287803815586832545, 1.000000000000000000),
 ( 1.000000000000000000, 0.9295707110268258688, 1.000000000000000000),
 ( 1.000000000000000000, 0.9298819499552486434, 1.000000000000000000),
 ( 1.000000000000000000, 0.9305819599023453792, 1.000000000000000000),
 ( 1.000000000000000000, 0.9307356567261773073, 1.000000000000000000),
 ( 1.000000000000000000, 0.9304423856936459014, 1.000000000000000000),
 ( 1.000000000000000000, 0.9292723275665667471, 1.000000000000000000),
 ( 1.000000000000000000, 0.9262388105490119150, 1.000000000000000000),
 ( 1.000000000000000000, 0.9243687901662094308, 1.000000000000000000),
 ( 1.000000000000000000, 0.9216852066375809116, 1.000000000000000000),
 ( 1.000000000000000000, 0.9208086196299302140, 1.000000000000000000),
 ( 1.000000000000000000, 0.9191862040955195434, 1.000000000000000000),
 ( 1.000000000000000000, 0.9184395808276613060, 1.000000000000000000),
 ( 1.000000000000000000, 0.9171709874332634183, 1.000000000000000000),
 ( 1.000000000000000000, 0.9166487942257769417, 1.000000000000000000),
 ( 1.000000000000000000, 0.9161128006723012751, 1.000000000000000000),
 ( 1.000000000000000000, 0.9159754693490548272, 1.000000000000000000),
 ( 1.000000000000000000, 0.9158428602276270647, 1.000000000000000000),
 ( 1.000000000000000000, 0.9158109012650428316, 1.000000000000000000),
 ( 1.000000000000000000, 0.9157898898078644656, 1.000000000000000000),
 ( 1.000000000000000000, 0.9157865504146518454, 1.000000000000000000),
 ( 1.000000000000000000, 0.9158113417244602150, 1.000000000000000000),
 ( 1.000000000000000000, 0.9158237630967828169, 1.000000000000000000),
 ( 1.000000000000000000, 0.9158611055459566774, 1.000000000000000000),
 ( 1.000000000000000000, 0.9158861049539982480, 1.000000000000000000),
 ( 1.000000000000000000, 0.9159614259186579233, 1.000000000000000000),
 ( 1.000000000000000000, 0.9160120702199514575, 1.000000000000000000),
 ( 1.000000000000000000, 0.9176983582972009224, 1.000000000000000000),
 ( 1.000000000000000000, 0.9197802407150240667, 1.000000000000000000),
 ( 1.000000000000000000, 0.9249622592125446019, 1.000000000000000000),
 ( 1.000000000000000000, 0.9270352005316352395, 1.000000000000000000),
 ( 1.000000000000000000, 0.9321846744499039383, 1.000000000000000000),
 ( 1.000000000000000000, 0.9352597999434627551, 1.000000000000000000),
 ( 1.000000000000000000, 0.9410021435370444776, 1.000000000000000000),
 ( 1.000000000000000000, 0.9431070375713132004, 1.000000000000000000),
 ( 1.000000000000000000, 0.9477806583410138819, 1.000000000000000000),
 ( 1.000000000000000000, 0.9503498850402113396, 1.000000000000000000),
 ( 1.000000000000000000, 0.9560428926640694991, 1.000000000000000000),
 ( 1.000000000000000000, 0.9591738605761704894, 1.000000000000000000),
 ( 1.000000000000000000, 0.9643647070992864556, 1.000000000000000000),
 ( 1.000000000000000000, 0.9661765517619006483, 1.000000000000000000),
 ( 1.000000000000000000, 0.9699601391419223617, 1.000000000000000000),
 ( 1.000000000000000000, 0.9719327723101243155, 1.000000000000000000),
 ( 1.000000000000000000, 0.9739791726808542105, 1.000000000000000000) ) ) 
 REPRESENTATION_ITEM ( '' )  SURFACE ( )  );
#526 = CARTESIAN_POINT ( 'NONE',  ( -33.18914916454600217, 30.73655401311662771, -57.28680859521730895 ) ) ;
#527 = CARTESIAN_POINT ( 'NONE',  ( -800.0000000000002274, 28.83302432184767738, 209.6851584081997260 ) ) ;
#528 = CARTESIAN_POINT ( 'NONE',  ( 20.73530592386673632, -1.749992992236492295, 498.0555349261633182 ) ) ;
#529 = CARTESIAN_POINT ( 'NONE',  ( -72.43546173266373955, 25.62673478121569914, 245.2725307907968499 ) ) ;
#530 = CARTESIAN_POINT ( 'NONE',  ( -210.0564109776131261, 27.59913585489558940, -362.4006754960439594 ) ) ;
#531 = CARTESIAN_POINT ( 'NONE',  ( 35.15187287308256714, 25.78679137346556161, 27.78002932364222843 ) ) ;
#532 = CARTESIAN_POINT ( 'NONE',  ( 237.0000000000505054, 26.26107159832745452, 150.0000000000000000 ) ) ;
#533 = CARTESIAN_POINT ( 'NONE',  ( -11.95956213724179129, 14.16091660480154069, -115.6063531667305426 ) ) ;
#534 = CARTESIAN_POINT ( 'NONE',  ( 47.02618014252391987, 22.04996840634609967, 67.10809895772298717 ) ) ;
#535 = CARTESIAN_POINT ( 'NONE',  ( -15.36171337155513683, 61.96609155395723434, 402.2845281192504672 ) ) ;
#536 = CARTESIAN_POINT ( 'NONE',  ( -55.00005328015243578, 1.461198160358700537E-08, 438.0555349262137952 ) ) ;
#537 = FACE_OUTER_BOUND ( 'NONE', #5294, .T. ) ;
#538 = CARTESIAN_POINT ( 'NONE',  ( 16.62949007128086620, 26.04273790706354674, -46.53904117984432531 ) ) ;
#539 = CARTESIAN_POINT ( 'NONE',  ( 70.82665474941929062, 25.11290532937612596, 235.5681452129503270 ) ) ;
#540 = CARTESIAN_POINT ( 'NONE',  ( -56.73253379698670074, 42.28384656070816305, 193.6276155855314016 ) ) ;
#541 = CARTESIAN_POINT ( 'NONE',  ( -5.266780795741467180, -68.18049328972992384, 106.1228587319002088 ) ) ;
#542 = CARTESIAN_POINT ( 'NONE',  ( -212.3616511670579712, 32.96765739714815169, -398.9282548050546211 ) ) ;
#543 = CARTESIAN_POINT ( 'NONE',  ( 225.0000000000000568, 17.54107481798471468, -353.3610830710413779 ) ) ;
#544 = DIRECTION ( 'NONE',  ( 0.000000000000000000, 0.000000000000000000, -1.000000000000000000 ) ) ;
#545 = VERTEX_POINT ( 'NONE', #3579 ) ;
#546 = CARTESIAN_POINT ( 'NONE',  ( -218.2913537951909291, 39.72050783791070216, -316.5862040395132908 ) ) ;
#547 = CARTESIAN_POINT ( 'NONE',  ( -6.999301163785304425, -13.21509734848357986, 498.0555349261633182 ) ) ;
#548 = CARTESIAN_POINT ( 'NONE',  ( 225.0000000000000000, 32.04615544966620178, -374.5523420366145047 ) ) ;
#549 = VERTEX_POINT ( 'NONE', #4812 ) ;
#550 = CARTESIAN_POINT ( 'NONE',  ( 224.9999999999999716, 33.62957271917406388, -308.0590260570313035 ) ) ;
#551 = CARTESIAN_POINT ( 'NONE',  ( -27.92463440915498651, 25.54336655608907591, -10.02147779075406220 ) ) ;
#552 = CARTESIAN_POINT ( 'NONE',  ( 0.000000000000000000, 188.7698046821921309, -497.2274650700773577 ) ) ;
#553 = CARTESIAN_POINT ( 'NONE',  ( -51.76349322661894803, 26.12696769148134024, 19.90204001172867621 ) ) ;
#554 = CARTESIAN_POINT ( 'NONE',  ( 81.21642035179499430, 22.15914646149462186, 222.1539556919281893 ) ) ;
#555 = ORIENTED_EDGE ( 'NONE', *, *, #4116, .T. ) ;
#556 = CARTESIAN_POINT ( 'NONE',  ( 0.000000000000000000, 25.48233891542692220, 20.07672402328893924 ) ) ;
#557 = CARTESIAN_POINT ( 'NONE',  ( -80.05635334798745362, 27.63802736044977948, 233.9114555197749041 ) ) ;
#558 = CARTESIAN_POINT ( 'NONE',  ( -210.0126297606108210, 25.64463596218529418, -346.0318977111544996 ) ) ;
#559 = CARTESIAN_POINT ( 'NONE',  ( 31.13123423034480908, 28.33176846039719621, 20.03870967718144058 ) ) ;
#560 = CARTESIAN_POINT ( 'NONE',  ( 0.000000000000000000, 182.0104814593017579, -416.2706178082341353 ) ) ;
#561 = AXIS2_PLACEMENT_3D ( 'NONE', #1254, #3918, #3002 ) ;
#562 = CARTESIAN_POINT ( 'NONE',  ( -210.6215877533919354, 30.53971502480166578, -310.4653750737246583 ) ) ;
#563 = CARTESIAN_POINT ( 'NONE',  ( 66.30698422816887216, 18.64755236512596781, 105.6762635879742476 ) ) ;
#564 = CARTESIAN_POINT ( 'NONE',  ( -38.31051380600611367, 31.89417614432924708, 438.0555349262138520 ) ) ;
#565 = CARTESIAN_POINT ( 'NONE',  ( 76.08617182227915521, 30.73867572510224377, 228.4968047007637892 ) ) ;
#566 = CARTESIAN_POINT ( 'NONE',  ( 83.31211417988343726, 25.67423796493491750, 31.89790386493027086 ) ) ;
#567 = PRODUCT ( 'Aircraft Demo', 'Aircraft Demo', '', ( #3994 ) ) ;
#568 = EDGE_CURVE ( 'NONE', #3460, #3019, #4870, .T. ) ;
#569 = CARTESIAN_POINT ( 'NONE',  ( 70.75812363779323277, 24.50180555590755560, 233.6248972936228654 ) ) ;
#570 = CARTESIAN_POINT ( 'NONE',  ( 57.00844439527377716, 94.24550978867188178, 294.0012731391505554 ) ) ;
#571 = CARTESIAN_POINT ( 'NONE',  ( 7.139310263291346992, -67.14004073580247223, 106.1228587318994840 ) ) ;
#572 = CARTESIAN_POINT ( 'NONE',  ( 225.0000000000000284, 34.18464690016285346, -309.8453982385834706 ) ) ;
#573 = CARTESIAN_POINT ( 'NONE',  ( 225.0000000000000000, 16.66777053117521135, -348.5633927931698395 ) ) ;
#574 = CARTESIAN_POINT ( 'NONE',  ( -19.10107502073462271, 15.57325413716207407, -78.58482517242735810 ) ) ;
#575 = CARTESIAN_POINT ( 'NONE',  ( 0.000000000000000000, 0.000000000000000000, -134.9949820965277638 ) ) ;
#576 = CARTESIAN_POINT ( 'NONE',  ( -219.0650682532196356, 40.03970591617749619, -362.6497265315754248 ) ) ;
#577 = CARTESIAN_POINT ( 'NONE',  ( 40.27664033297616442, 10.40596193441548678, 466.7211743237411383 ) ) ;
#578 = CARTESIAN_POINT ( 'NONE',  ( -800.0000000000000000, 25.04930180042009980, 144.7645458119850446 ) ) ;
#579 = CARTESIAN_POINT ( 'NONE',  ( 224.9999999999999716, 32.16350526401685528, -373.8082617833363201 ) ) ;
#580 = ORIENTED_EDGE ( 'NONE', *, *, #1756, .T. ) ;
#581 = LINE ( 'NONE', #2733, #3301 ) ;
#582 = CARTESIAN_POINT ( 'NONE',  ( -34.55375922744498496, 29.76374101767248348, 34.92173634099911084 ) ) ;
#583 = CARTESIAN_POINT ( 'NONE',  ( -225.0000000000000000, 24.34287066045268233, -291.0527924030765234 ) ) ;
#584 = CARTESIAN_POINT ( 'NONE',  ( -36.77985467345164494, 26.11466696907590546, 17.17117659653919759 ) ) ;
#585 = CARTESIAN_POINT ( 'NONE',  ( -214.2189995163319907, 34.74034816044663643, -399.9409827465129865 ) ) ;
#586 = B_SPLINE_CURVE_WITH_KNOTS ( 'NONE', 3,
 ( #353, #1652, #2105, #3426, #4802, #5186, #465, #494, #1357, #2215 ),
 .UNSPECIFIED., .F., .F.,
 ( 4, 2, 2, 2, 4 ),
 ( 0.04433476888881050793, 0.04976686961539858456, 0.05519897034198665425, 0.06063107106857472395, 0.06606317179516280058 ),
 .UNSPECIFIED. ) ;
#587 = EDGE_CURVE ( 'NONE', #3072, #2420, #902, .T. ) ;
#588 = EDGE_LOOP ( 'NONE', ( #3046, #2131, #1414, #793 ) ) ;
#589 = CARTESIAN_POINT ( 'NONE',  ( 5.050673245201183998E-11, 0.000000000000000000, 498.0555349262137952 ) ) ;
#590 = CARTESIAN_POINT ( 'NONE',  ( -71.65788534575402480, 24.36437443470844144, 235.4494650699214446 ) ) ;
#591 = CARTESIAN_POINT ( 'NONE',  ( -210.3359493708489651, 29.66895950578360797, -367.2564051410136017 ) ) ;
#592 = CARTESIAN_POINT ( 'NONE',  ( 31.29309585926886328, 28.42120195922969828, 21.09868269679672892 ) ) ;
#593 = CARTESIAN_POINT ( 'NONE',  ( -209.2606645930681282, 27.64393292794968815, -332.7245232759560736 ) ) ;
#594 = CARTESIAN_POINT ( 'NONE',  ( -211.4842729730444262, 32.76926379054130933, -304.8623992131165323 ) ) ;
#595 = CARTESIAN_POINT ( 'NONE',  ( 20.49341899572955228, 15.54357094420547192, -70.16883038058820432 ) ) ;
#596 = CARTESIAN_POINT ( 'NONE',  ( -40.22926169817274911, 108.2215882366449904, 294.0012731391512375 ) ) ;
#597 = CARTESIAN_POINT ( 'NONE',  ( -39.82242309508838218, 24.95213364425213243, 19.56663154345618594 ) ) ;
#598 = CARTESIAN_POINT ( 'NONE',  ( -2.335911184028528265, 14.77144893424669725, 498.0555349261633182 ) ) ;
#599 = CARTESIAN_POINT ( 'NONE',  ( 225.0000000000000284, 37.75120206813964074, -339.5890987516572750 ) ) ;
#600 = CARTESIAN_POINT ( 'NONE',  ( 70.80515403912458794, 23.99833651746484264, 234.2428885423891245 ) ) ;
#601 = CARTESIAN_POINT ( 'NONE',  ( 800.0000000000000000, 28.34244247031788788, 97.73208133257904251 ) ) ;
#602 = CARTESIAN_POINT ( 'NONE',  ( 59.01543589441121185, -57.31934301954125743, 294.0012731391514080 ) ) ;
#603 = CARTESIAN_POINT ( 'NONE',  ( 63.76125198345737033, 16.14458872316631499, 165.8146483521360608 ) ) ;
#604 = CARTESIAN_POINT ( 'NONE',  ( 225.0000000000001137, 17.05295466298378670, -350.7185984194755406 ) ) ;
#605 = CARTESIAN_POINT ( 'NONE',  ( -48.44372348169132891, 11.03633043440951056, 52.43759838894595759 ) ) ;
#606 = CARTESIAN_POINT ( 'NONE',  ( -71.03954534728583781, 26.90888567963533262, 235.5196162271775506 ) ) ;
#607 = CARTESIAN_POINT ( 'NONE',  ( -220.4665434169984337, 40.59195725467041171, -344.3826370273990847 ) ) ;
#608 = CARTESIAN_POINT ( 'NONE',  ( -6.999301163785337287, 13.21509734848354078, 498.0555349261633182 ) ) ;
#609 = CARTESIAN_POINT ( 'NONE',  ( 225.0000000000000853, 33.42097099120644543, -307.4207717303177105 ) ) ;
#610 = CARTESIAN_POINT ( 'NONE',  ( 225.0000000000000568, 32.33187246274304982, -372.7383503217605494 ) ) ;
#611 = VERTEX_POINT ( 'NONE', #4378 ) ;
#612 = CARTESIAN_POINT ( 'NONE',  ( -81.27419952985796670, 20.79043576360217571, 214.9839809095038845 ) ) ;
#613 = CARTESIAN_POINT ( 'NONE',  ( -225.0000000000000000, 17.51765250230849347, -312.9134555907852473 ) ) ;
#614 = CARTESIAN_POINT ( 'NONE',  ( -47.09322429737447635, 27.46120735057959550, -2.302254078538323423 ) ) ;
#615 = CARTESIAN_POINT ( 'NONE',  ( -214.7075193092502161, 34.45330854291403000, -399.8086127340451412 ) ) ;
#616 = EDGE_LOOP ( 'NONE', ( #5624, #1355, #3227, #2304 ) ) ;
#617 = CARTESIAN_POINT ( 'NONE',  ( -2.335911184028493182, -14.77144893424673455, 498.0555349261633182 ) ) ;
#618 = CARTESIAN_POINT ( 'NONE',  ( -73.37927826360268568, 21.95219717929963110, 245.1773417942549429 ) ) ;
#619 = CARTESIAN_POINT ( 'NONE',  ( -212.8615108329671557, 35.07854999591150857, -304.0771113596010196 ) ) ;
#620 = CARTESIAN_POINT ( 'NONE',  ( 72.29424387443459921, 23.37255070799811563, 245.3699440841538149 ) ) ;
#621 = CARTESIAN_POINT ( 'NONE',  ( -209.2345351551628312, 27.03581891632179079, -341.0727980296425130 ) ) ;
#622 = CARTESIAN_POINT ( 'NONE',  ( -220.7357963781265084, 40.64396679270967638, -323.5642740723703810 ) ) ;
#623 = CARTESIAN_POINT ( 'NONE',  ( 30.81128730430646101, 27.03284612119565367, 1.352784110788704863 ) ) ;
#624 = B_SPLINE_CURVE_WITH_KNOTS ( 'NONE', 1,
 ( #1071, #3512 ),
 .UNSPECIFIED., .F., .F.,
 ( 2, 2 ),
 ( 0.03958086608829030489, 1.000000000000000000 ),
 .UNSPECIFIED. ) ;
#625 = CARTESIAN_POINT ( 'NONE',  ( -62.23868450396194874, 88.21422594666640293, 294.0012731391506691 ) ) ;
#626 = CARTESIAN_POINT ( 'NONE',  ( -38.74820281772253594, 24.40128315107995149, 12.71837677619256546 ) ) ;
#627 = CIRCLE ( 'NONE', #1353, 9.750000000000000000 ) ;
#628 = CARTESIAN_POINT ( 'NONE',  ( 12.05180820906163675, -13.21509734848355677, 498.0555349261633182 ) ) ;
#629 = CARTESIAN_POINT ( 'NONE',  ( 81.65073059508648612, 26.50662719595545980, 234.2391829048640943 ) ) ;
#630 = CARTESIAN_POINT ( 'NONE',  ( -43.42853054154890913, 43.58971110178284647, 135.9228064722836393 ) ) ;
#631 = CARTESIAN_POINT ( 'NONE',  ( 55.80607449160842037, -25.29428103234562286, 402.2845281192504672 ) ) ;
#632 = CARTESIAN_POINT ( 'NONE',  ( 80.78045132742683165, 21.35994009758238121, 218.5619541445602465 ) ) ;
#633 = CARTESIAN_POINT ( 'NONE',  ( 225.0000000000000284, 19.28259327758894415, -363.0424824953720986 ) ) ;
#634 = CARTESIAN_POINT ( 'NONE',  ( -45.13621515819743735, 12.12486168687747146, 34.09890765234160881 ) ) ;
#635 = CARTESIAN_POINT ( 'NONE',  ( -71.19260866578164837, 26.45114605331767521, 235.6948658755231918 ) ) ;
#636 = CARTESIAN_POINT ( 'NONE',  ( -219.5691769120952586, 40.24607567740829239, -358.6134102667825800 ) ) ;
#637 = CARTESIAN_POINT ( 'NONE',  ( -6.954944713193781602, 15.35942662357157396, -115.9973779958531850 ) ) ;
#638 = DIRECTION ( 'NONE',  ( 0.000000000000000000, 0.000000000000000000, 1.000000000000000000 ) ) ;
#639 = CARTESIAN_POINT ( 'NONE',  ( 225.0000000000000568, 32.30278794737618142, -372.9233709555965675 ) ) ;
#640 = EDGE_CURVE ( 'NONE', #2363, #1876, #99, .T. ) ;
#641 = AXIS2_PLACEMENT_3D ( 'NONE', #5480, #2919, #216 ) ;
#642 = CARTESIAN_POINT ( 'NONE',  ( -40.54939260697298664, 46.38643628041287315, 135.6883491917215849 ) ) ;
#643 = CARTESIAN_POINT ( 'NONE',  ( 0.000000000000000000, 179.0075402666169282, -436.8413048004711641 ) ) ;
#644 = CARTESIAN_POINT ( 'NONE',  ( -16.48120620414123749, 33.61464326871573860, -106.4796467792118193 ) ) ;
#645 = CARTESIAN_POINT ( 'NONE',  ( -213.7924130444613127, 34.11486333989666520, -399.5500507326568140 ) ) ;
#646 = ORIENTED_EDGE ( 'NONE', *, *, #1022, .F. ) ;
#647 = CARTESIAN_POINT ( 'NONE',  ( 3.388131789017200393E-19, 43.79838536941200999, 190.2159935437191791 ) ) ;
#648 = CARTESIAN_POINT ( 'NONE',  ( -71.64978516545679099, 23.68582293585824416, 234.4505027713558434 ) ) ;
#649 = CARTESIAN_POINT ( 'NONE',  ( -212.8253887869672383, 35.02643154084761790, -302.7958221925975408 ) ) ;
#650 = CARTESIAN_POINT ( 'NONE',  ( 0.000000000000000000, 26.50459451475026285, 232.2342902614960565 ) ) ;
#651 = DIRECTION ( 'NONE',  ( 1.000000000000000000, 0.000000000000000000, 0.000000000000000000 ) ) ;
#652 = CARTESIAN_POINT ( 'NONE',  ( 67.03706615067473251, 36.03987579959513710, 234.2983945925502951 ) ) ;
#653 = CARTESIAN_POINT ( 'NONE',  ( 23.29577284361007372, 15.26227172526995091, -59.28478370924922558 ) ) ;
#654 = CARTESIAN_POINT ( 'NONE',  ( -15.23101760914636138, 42.65609016761895589, 438.0555349262139089 ) ) ;
#655 = CARTESIAN_POINT ( 'NONE',  ( -74.28203864378852472, 32.94225509301356425, 223.8057509991291170 ) ) ;
#656 = CARTESIAN_POINT ( 'NONE',  ( 5.050673245201183998E-11, 0.000000000000000000, 498.0555349262137952 ) ) ;
#657 = AXIS2_PLACEMENT_3D ( 'NONE', #3273, #5028, #231 ) ;
#658 = CARTESIAN_POINT ( 'NONE',  ( 61.22799128033178562, 43.38113026627411983, 186.2507440543357689 ) ) ;
#659 = CONICAL_SURFACE ( 'NONE', #3862, 3.000000000000002665, 0.01221730476396033251 ) ;
#660 = CARTESIAN_POINT ( 'NONE',  ( -44.63968038831255569, 38.56966633076495299, 102.0763073752376897 ) ) ;
#661 = CARTESIAN_POINT ( 'NONE',  ( 91.93695054508415865, -12.23269394471955884, 294.0012731391517491 ) ) ;
#662 = CARTESIAN_POINT ( 'NONE',  ( 81.68119817589921183, 22.80059769484686782, 225.6498405551590452 ) ) ;
#663 = CARTESIAN_POINT ( 'NONE',  ( 225.0000000000000000, 19.20150480550616123, -362.5624104674537307 ) ) ;
#664 = DIRECTION ( 'NONE',  ( 0.000000000000000000, 0.000000000000000000, 1.000000000000000000 ) ) ;
#665 = CARTESIAN_POINT ( 'NONE',  ( 39.57328319280495066, 44.71336393591518998, 122.7116629901127993 ) ) ;
#666 = CARTESIAN_POINT ( 'NONE',  ( -11.43025292555255312, 34.18640359307097043, -116.5905920881470905 ) ) ;
#667 = CARTESIAN_POINT ( 'NONE',  ( 48.20646253507365486, -21.48438193265414853, 438.0555349262137383 ) ) ;
#668 = CARTESIAN_POINT ( 'NONE',  ( 225.0000000000000284, 21.92540848079075388, -301.8980801001752070 ) ) ;
#669 = CARTESIAN_POINT ( 'NONE',  ( 225.0000000000000284, 32.52269475275427624, -371.5243361092668124 ) ) ;
#670 = CARTESIAN_POINT ( 'NONE',  ( -211.5528539090436482, 35.30884493032512950, -398.9793839395339319 ) ) ;
#671 = EDGE_CURVE ( 'NONE', #4889, #429, #3924, .T. ) ;
#672 = CARTESIAN_POINT ( 'NONE',  ( -62.93637411905380930, 5.655447206269326621, 154.8380786230015929 ) ) ;
#673 = CARTESIAN_POINT ( 'NONE',  ( 0.000000000000000000, 193.8080463568161633, -496.7725349299225854 ) ) ;
#674 = CARTESIAN_POINT ( 'NONE',  ( -17.59425905480783214, 33.46523562288376041, -103.8779425477655565 ) ) ;
#675 = CARTESIAN_POINT ( 'NONE',  ( -215.4448259107788886, 35.74613426826541485, -399.6245148296210914 ) ) ;
#676 = ORIENTED_EDGE ( 'NONE', *, *, #5095, .F. ) ;
#677 = CARTESIAN_POINT ( 'NONE',  ( 3.388131789017200393E-19, 24.26434103007520804, 5.287949081263535689 ) ) ;
#678 = CARTESIAN_POINT ( 'NONE',  ( 0.000000000000000000, 195.5952647681596090, -481.6864607382723875 ) ) ;
#679 = CARTESIAN_POINT ( 'NONE',  ( -212.0314680318975036, 33.80088962242660955, -303.5054501362783981 ) ) ;
#680 = CARTESIAN_POINT ( 'NONE',  ( 73.06310767075306956, 16.69353254646512852, 241.9482116819780515 ) ) ;
#681 = CARTESIAN_POINT ( 'NONE',  ( -225.0000000000000284, 21.49091955331005366, -375.8627307751468152 ) ) ;
#682 = CARTESIAN_POINT ( 'NONE',  ( 65.52274075489791016, 38.07054245308074059, 229.4127517710677751 ) ) ;
#683 = CARTESIAN_POINT ( 'NONE',  ( 32.15853079217206556, 14.01048157934815208, -22.80553441463362319 ) ) ;
#684 = CARTESIAN_POINT ( 'NONE',  ( -7.863426251084023377, 63.44378188942978625, 106.1228587319000951 ) ) ;
#685 = DIRECTION ( 'NONE',  ( -0.000000000000000000, -0.000000000000000000, 1.000000000000000000 ) ) ;
#686 = CARTESIAN_POINT ( 'NONE',  ( -54.99999999999996447, -11.75256289217840155, 438.0555349262138520 ) ) ;
#687 = DIRECTION ( 'NONE',  ( -1.000000000000000000, 0.000000000000000000, 0.000000000000000000 ) ) ;
#688 = CARTESIAN_POINT ( 'NONE',  ( -43.31106722366356365, 29.95792624453203956, 56.80421798104079301 ) ) ;
#689 = CARTESIAN_POINT ( 'NONE',  ( 58.17946542329714532, 28.36398354792783394, 402.2845281192506945 ) ) ;
#690 = CARTESIAN_POINT ( 'NONE',  ( 0.000000000000000000, 200.3276468959807346, -413.0930335130314006 ) ) ;
#691 = CARTESIAN_POINT ( 'NONE',  ( 224.9999999999999716, 19.14800259088725198, -362.2469557857429550 ) ) ;
#692 = AXIS2_PLACEMENT_3D ( 'NONE', #3756, #685, #2431 ) ;
#693 = CARTESIAN_POINT ( 'NONE',  ( -9.039142270205596574, 15.51781694046803928, -110.6460014977470223 ) ) ;
#694 = CARTESIAN_POINT ( 'NONE',  ( -213.1391961062929283, 38.03047401824230178, -394.6339123867412013 ) ) ;
#695 = CARTESIAN_POINT ( 'NONE',  ( -46.43164341727452893, -28.01797647983805106, 438.0555349262138520 ) ) ;
#696 = CARTESIAN_POINT ( 'NONE',  ( 55.80607449160842037, -25.29428103234562286, 402.2845281192504672 ) ) ;
#697 = ADVANCED_FACE ( 'NONE', ( #3259 ), #2828, .T. ) ;
#698 = CARTESIAN_POINT ( 'NONE',  ( 225.0000000000000284, 19.88580028791496801, -307.0118705879991694 ) ) ;
#699 = CARTESIAN_POINT ( 'NONE',  ( 225.0000000000000000, 35.28765737626131482, -355.1857921158858176 ) ) ;
#700 = CARTESIAN_POINT ( 'NONE',  ( -83.70556264942808866, 25.14784585609390177, 233.6827645220351712 ) ) ;
#701 = CARTESIAN_POINT ( 'NONE',  ( -60.09035340075532616, 22.44009762358101057, 64.78348227412058691 ) ) ;
#702 = CARTESIAN_POINT ( 'NONE',  ( -218.5074716629514739, 40.85783520824750070, -352.5159592956144934 ) ) ;
#703 = CARTESIAN_POINT ( 'NONE',  ( -23.60284667035993422, 32.54093669300442571, -87.95407182637552523 ) ) ;
#704 = CARTESIAN_POINT ( 'NONE',  ( -214.0529327430428452, 33.35297212839566328, -399.8138083133670193 ) ) ;
#705 = EDGE_LOOP ( 'NONE', ( #2866, #5129, #5676, #4056 ) ) ;
#706 = CARTESIAN_POINT ( 'NONE',  ( 62.91866522982505927, 6.043362793169438696, 157.9997571068042816 ) ) ;
#707 = CARTESIAN_POINT ( 'NONE',  ( -24.30258084744680858, 19.43250729159070289, -53.23637863659869396 ) ) ;
#708 = CARTESIAN_POINT ( 'NONE',  ( -210.8974193571375224, 31.37517548605876172, -307.9489401541160305 ) ) ;
#709 = CARTESIAN_POINT ( 'NONE',  ( 11.34482173454728127, 14.83268795868715628, -107.5412955759913700 ) ) ;
#710 = CARTESIAN_POINT ( 'NONE',  ( -82.45754777260964374, 22.61495980157627983, 224.2733557704455336 ) ) ;
#711 = CARTESIAN_POINT ( 'NONE',  ( -221.8816668854037744, 40.93338112799336415, -335.6124022340757165 ) ) ;
#712 = CARTESIAN_POINT ( 'NONE',  ( 13.42303347142373937, 30.39643099486023559, -55.72054311156226447 ) ) ;
#713 = CARTESIAN_POINT ( 'NONE',  ( -42.00942949310536534, 46.64184955384865816, 106.1228587319009193 ) ) ;
#714 = CARTESIAN_POINT ( 'NONE',  ( -49.12655946519947037, 44.50551221537943292, 146.5653191940457418 ) ) ;
#715 = CARTESIAN_POINT ( 'NONE',  ( 20.73530592386673632, -1.749992992236492295, 498.0555349261633182 ) ) ;
#716 = CARTESIAN_POINT ( 'NONE',  ( 70.28209756033771782, 27.39310077197484361, 235.1130916659282377 ) ) ;
#717 = CARTESIAN_POINT ( 'NONE',  ( -45.00621850954842529, 48.41110082914035928, 162.4305771168735646 ) ) ;
#718 = CARTESIAN_POINT ( 'NONE',  ( 11.69846941678170715, -9.427420207762189364, -124.9949820965277780 ) ) ;
#719 = CARTESIAN_POINT ( 'NONE',  ( 5.050673245201183998E-11, 0.000000000000000000, -124.9949820965277922 ) ) ;
#720 = CARTESIAN_POINT ( 'NONE',  ( 225.0000000000000568, 18.95468424653468986, -361.1220691076650269 ) ) ;
#721 = CARTESIAN_POINT ( 'NONE',  ( -9.915752524290683212, 43.66277367656622488, 438.0555349262139089 ) ) ;
#722 = CARTESIAN_POINT ( 'NONE',  ( 40.19948544319310457, 45.43548260783595083, 127.8104567619867709 ) ) ;
#723 = CARTESIAN_POINT ( 'NONE',  ( 799.9999999999997726, 29.81303788679203493, 206.6255596649808979 ) ) ;
#724 = CARTESIAN_POINT ( 'NONE',  ( 43.45183998745002185, -38.20765077356573158, 402.2845281192507514 ) ) ;
#725 = CARTESIAN_POINT ( 'NONE',  ( 225.0000000000000853, 20.20979266589739964, -306.0806564184558738 ) ) ;
#726 = CARTESIAN_POINT ( 'NONE',  ( 225.0000000000000284, 34.00272309956434924, -362.3512764974386187 ) ) ;
#727 = CARTESIAN_POINT ( 'NONE',  ( -212.8567432294772175, 36.90805954673295020, -399.0073098137709167 ) ) ;
#728 = CARTESIAN_POINT ( 'NONE',  ( -40.69515423153048062, 25.01949221281118341, 33.69996601814404613 ) ) ;
#729 = CARTESIAN_POINT ( 'NONE',  ( 224.9999999999999716, 23.66054425153718910, -389.1209186077937261 ) ) ;
#730 = CARTESIAN_POINT ( 'NONE',  ( -212.3451103814638827, 35.19988853244743154, -399.7281076669935374 ) ) ;
#731 = VERTEX_POINT ( 'NONE', #2398 ) ;
#732 = DIRECTION ( 'NONE',  ( 0.09719602870164446851, -0.2083415465275174905, 0.9732146381940375290 ) ) ;
#733 = CARTESIAN_POINT ( 'NONE',  ( -4.671822368103948797, -29.54289786849346910, 466.7211743237411383 ) ) ;
#734 = CARTESIAN_POINT ( 'NONE',  ( -210.2937674026927084, 33.16821583739882584, -309.1266577317691144 ) ) ;
#735 =( GEOMETRIC_REPRESENTATION_CONTEXT ( 3 ) GLOBAL_UNCERTAINTY_ASSIGNED_CONTEXT ( ( #72 ) ) GLOBAL_UNIT_ASSIGNED_CONTEXT ( ( #459, #81, #980 ) ) REPRESENTATION_CONTEXT ( 'NONE', 'WORKASPACE' ) );
#736 = CARTESIAN_POINT ( 'NONE',  ( 10.92939563091479194, 14.68527973311637780, -109.3929438773716640 ) ) ;
#737 = CARTESIAN_POINT ( 'NONE',  ( 31.25672182785192632, 36.46275510619607729, 438.0555349262138520 ) ) ;
#738 = CARTESIAN_POINT ( 'NONE',  ( -221.1711694526593703, 40.76593848296924705, -326.2097322808805302 ) ) ;
#739 = CARTESIAN_POINT ( 'NONE',  ( 16.74254595209542984, 33.55615145650391895, -105.4951742813251343 ) ) ;
#740 = CARTESIAN_POINT ( 'NONE',  ( -54.72912734285562664, 5.057479694076725707, 438.0555349262134541 ) ) ;
#741 = DIRECTION ( 'NONE',  ( 1.000000000000000000, 0.000000000000000000, 0.000000000000000000 ) ) ;
#742 = CARTESIAN_POINT ( 'NONE',  ( 5.050673245201183998E-11, 0.000000000000000000, 498.0555349262137952 ) ) ;
#743 = FACE_OUTER_BOUND ( 'NONE', #4487, .T. ) ;
#744 = CARTESIAN_POINT ( 'NONE',  ( -41.35887615877715007, 47.02235871915591048, 141.7129115776352819 ) ) ;
#745 = CARTESIAN_POINT ( 'NONE',  ( 64.06340230528415702, -26.92271158994491032, 106.1228587318995267 ) ) ;
#746 = CARTESIAN_POINT ( 'NONE',  ( 31.25672182785192632, 36.46275510619607729, 438.0555349262138520 ) ) ;
#747 = CARTESIAN_POINT ( 'NONE',  ( 225.0000000000000000, 18.79009376995852776, -360.1817583985966280 ) ) ;
#748 = ADVANCED_FACE ( 'NONE', ( #3722 ), #2714, .T. ) ;
#749 = AXIS2_PLACEMENT_3D ( 'NONE', #575, #1893, #1007 ) ;
#750 = CARTESIAN_POINT ( 'NONE',  ( 14.91856353541688129, 1.803894204243336796, -124.9949820965278207 ) ) ;
#751 = CARTESIAN_POINT ( 'NONE',  ( -214.2503231502121821, 36.84991867036583812, -395.6827129158125445 ) ) ;
#752 = DIRECTION ( 'NONE',  ( 1.000000000000000000, 0.000000000000000000, 0.000000000000000000 ) ) ;
#753 = CARTESIAN_POINT ( 'NONE',  ( 58.89461861680405974, -20.41658218983167572, 402.2845281192505809 ) ) ;
#754 = CARTESIAN_POINT ( 'NONE',  ( 225.0000000000000284, 19.26349341009906624, -308.9284551536268850 ) ) ;
#755 = CARTESIAN_POINT ( 'NONE',  ( 224.9999999999999716, 35.46473093262596166, -354.2343726503106609 ) ) ;
#756 = LINE ( 'NONE', #5619, #1924 ) ;
#757 = CARTESIAN_POINT ( 'NONE',  ( -211.1775199176118178, 35.31205888496322842, -398.3710119441215056 ) ) ;
#758 = CARTESIAN_POINT ( 'NONE',  ( -75.71653374225999755, 16.53295472416392187, 175.5144571484131575 ) ) ;
#759 = CARTESIAN_POINT ( 'NONE',  ( 225.0000000000000853, 24.53505358463715069, -392.8129899752235588 ) ) ;
#760 = ORIENTED_EDGE ( 'NONE', *, *, #5600, .F. ) ;
#761 = CARTESIAN_POINT ( 'NONE',  ( -9.332153244372692669, 16.27336402994109577, -106.7496213709766266 ) ) ;
#762 = CARTESIAN_POINT ( 'NONE',  ( 40.52293053162148340, 23.86945870629008937, 6.525201530044732579 ) ) ;
#763 = CARTESIAN_POINT ( 'NONE',  ( 79.12896305050846024, 27.83050970419724734, 233.7825279472248496 ) ) ;
#764 = CARTESIAN_POINT ( 'NONE',  ( 11.79943250297326074, 15.76156192126667399, -101.5306996251697171 ) ) ;
#765 = EDGE_CURVE ( 'NONE', #4952, #5418, #2817, .T. ) ;
#766 = CARTESIAN_POINT ( 'NONE',  ( -12.65270400406750184, 28.62095256621839923, -46.53904117984447453 ) ) ;
#767 = DIRECTION ( 'NONE',  ( -1.000000000000000000, 0.000000000000000000, 0.000000000000000000 ) ) ;
#768 = CARTESIAN_POINT ( 'NONE',  ( -960.0000000000000000, 28.56333696509031483, 196.5080602716489295 ) ) ;
#769 = B_SPLINE_CURVE_WITH_KNOTS ( 'NONE', 3,
 ( #2481, #832, #2582, #1992, #1726, #1699, #4337, #5509, #3285, #4236, #3475, #1139 ),
 .UNSPECIFIED., .F., .F.,
 ( 4, 2, 2, 2, 2, 4 ),
 ( 5.594315114139762021E-17, 0.004881885005956859008, 0.03066793014154780075, 0.05645397527713873209, 0.08224002041272966690, 0.1121462898439842260 ),
 .UNSPECIFIED. ) ;
#770 = CARTESIAN_POINT ( 'NONE',  ( -210.1062866806541081, 33.65445434274374037, -388.5747245082880568 ) ) ;
#771 = CARTESIAN_POINT ( 'NONE',  ( 68.15579578954148587, 39.18918381279627283, 206.4097137814652001 ) ) ;
#772 = CARTESIAN_POINT ( 'NONE',  ( -25.86150539803081472, 18.76296899023090248, -57.65950734967572799 ) ) ;
#773 = CARTESIAN_POINT ( 'NONE',  ( 14.42367769983064640, -4.214119101049085714, -124.9949820965277922 ) ) ;
#774 = CARTESIAN_POINT ( 'NONE',  ( -210.0000000000505338, 26.26107159832745452, 147.0000000000000284 ) ) ;
#775 = CARTESIAN_POINT ( 'NONE',  ( 768.8292572709663091, 28.21049284449247097, 94.95456640598044373 ) ) ;
#776 = CARTESIAN_POINT ( 'NONE',  ( -9.282440825486515834, 63.17476232196381147, 402.2845281192510356 ) ) ;
#777 = CARTESIAN_POINT ( 'NONE',  ( -218.1733200689546948, 39.61960341635100491, -370.7387255389858751 ) ) ;
#778 = CARTESIAN_POINT ( 'NONE',  ( 799.9999999999997726, 32.60737332170468505, 196.9684616617890072 ) ) ;
#779 = CARTESIAN_POINT ( 'NONE',  ( 3.616789591121770453, -32.64621539347167101, -46.53904117984439637 ) ) ;
#780 = CARTESIAN_POINT ( 'NONE',  ( 225.0000000000001137, 37.98337533686930811, -331.4301163810783919 ) ) ;
#781 = CIRCLE ( 'NONE', #1969, 9.750000000000000000 ) ;
#782 = CARTESIAN_POINT ( 'NONE',  ( 225.0000000000000000, 21.74815348690349026, -302.2701067865577897 ) ) ;
#783 = CARTESIAN_POINT ( 'NONE',  ( 225.0000000000000853, 33.02380315279750533, -368.3483773024804009 ) ) ;
#784 = CARTESIAN_POINT ( 'NONE',  ( -214.0900024799189509, 34.61431129058822620, -399.9454713718174048 ) ) ;
#785 = CARTESIAN_POINT ( 'NONE',  ( 225.0000000000000568, 24.67814733381136705, -393.3249361346728392 ) ) ;
#786 = ORIENTED_EDGE ( 'NONE', *, *, #3798, .F. ) ;
#787 = CARTESIAN_POINT ( 'NONE',  ( 45.06558073016273624, 24.76647929881309196, 18.09288741903851516 ) ) ;
#788 = CARTESIAN_POINT ( 'NONE',  ( -59.63290009294473748, 22.70694829147772609, 62.05025960640667648 ) ) ;
#789 = CARTESIAN_POINT ( 'NONE',  ( -9.285326662678279774, 32.62362563790316727, -95.69856664438445648 ) ) ;
#790 = CARTESIAN_POINT ( 'NONE',  ( -68.02007507778948536, -50.33004298429310808, 294.0012731391505554 ) ) ;
#791 = CARTESIAN_POINT ( 'NONE',  ( 9.750000000000000000, 1.194030629168669469E-15, -134.9949820965277638 ) ) ;
#792 = CARTESIAN_POINT ( 'NONE',  ( -960.0000000000000000, 26.65406062177009261, 162.1951857783421644 ) ) ;
#793 = ORIENTED_EDGE ( 'NONE', *, *, #1778, .T. ) ;
#794 = CARTESIAN_POINT ( 'NONE',  ( -211.9481281185238970, 35.26766254170324544, -399.4254453264547351 ) ) ;
#795 = CARTESIAN_POINT ( 'NONE',  ( 41.74230235148202439, 41.08509552464683168, 116.8582380255391939 ) ) ;
#796 = CARTESIAN_POINT ( 'NONE',  ( -32.62565058904874604, 28.15704957661415619, 19.79872779778084890 ) ) ;
#797 = CARTESIAN_POINT ( 'NONE',  ( 12.72327066407247820, -29.85305086828908827, -46.53904117984429689 ) ) ;
#798 = CARTESIAN_POINT ( 'NONE',  ( 0.000000000000000000, 177.7280957879287087, -435.8638898994141186 ) ) ;
#799 = CARTESIAN_POINT ( 'NONE',  ( 225.0000000000000568, 21.82701260508327223, -378.9551585098923283 ) ) ;
#800 = CARTESIAN_POINT ( 'NONE',  ( 3.047894895348997046, 63.62503658061116596, 402.2845281192503535 ) ) ;
#801 = CARTESIAN_POINT ( 'NONE',  ( 82.74887006326719074, 25.24466971764183754, 233.7741786663513324 ) ) ;
#802 = CARTESIAN_POINT ( 'NONE',  ( 43.13744883235957417, 27.60454126699516308, 438.0555349262152731 ) ) ;
#803 = CARTESIAN_POINT ( 'NONE',  ( 224.9999999999999716, 35.89002753257368283, -316.4118336138113818 ) ) ;
#804 = CARTESIAN_POINT ( 'NONE',  ( 225.0000000000000284, 15.83056238741936994, -343.2383267422000017 ) ) ;
#805 = CARTESIAN_POINT ( 'NONE',  ( 225.0000000000000000, 34.38765691522282708, -360.1290913360828654 ) ) ;
#806 = CARTESIAN_POINT ( 'NONE',  ( 11.74538602118407837, 16.64881757788350214, -98.74768449624517075 ) ) ;
#807 = CARTESIAN_POINT ( 'NONE',  ( 3.388131789017200393E-19, 29.14992498146921918, 233.6492908699229361 ) ) ;
#808 = CARTESIAN_POINT ( 'NONE',  ( 210.0000000000505338, 26.26107159832745808, -397.0000000000000000 ) ) ;
#809 = ADVANCED_FACE ( 'NONE', ( #5133 ), #2119, .T. ) ;
#810 = ORIENTED_EDGE ( 'NONE', *, *, #1829, .F. ) ;
#811 = CARTESIAN_POINT ( 'NONE',  ( 0.000000000000000000, 0.000000000000000000, -144.9949820965277922 ) ) ;
#812 = CARTESIAN_POINT ( 'NONE',  ( -80.81968262756633692, 20.20741353855209255, 211.5996970104577315 ) ) ;
#813 = CARTESIAN_POINT ( 'NONE',  ( 17.45257690450078059, 33.45476396328820812, -103.7385134101230904 ) ) ;
#814 = CARTESIAN_POINT ( 'NONE',  ( -45.42089954061206925, -67.44919172958077525, 294.0012731391496459 ) ) ;
#815 = CARTESIAN_POINT ( 'NONE',  ( -1.694065894508600678E-18, 23.11779990183465117, -8.633207031769728701 ) ) ;
#816 = PLANE ( 'NONE',  #1386 ) ;
#817 = ORIENTED_EDGE ( 'NONE', *, *, #3696, .F. ) ;
#818 = CARTESIAN_POINT ( 'NONE',  ( -15.43078327117935977, 27.13490172006675749, -46.53904117984416189 ) ) ;
#819 = CARTESIAN_POINT ( 'NONE',  ( -212.2830890289799015, 34.32888818329335123, -397.5773210687054871 ) ) ;
#820 = CARTESIAN_POINT ( 'NONE',  ( 38.14363054817464871, 30.66997152631931556, 60.27427609804414743 ) ) ;
#821 = CARTESIAN_POINT ( 'NONE',  ( -32.55504096437955752, 28.11578137203126815, 19.32564533806645812 ) ) ;
#822 = CARTESIAN_POINT ( 'NONE',  ( 31.52183515072305653, 4.860836525402530306, -46.53904117984444611 ) ) ;
#823 = CARTESIAN_POINT ( 'NONE',  ( 0.000000000000000000, 182.0104814593017579, -416.2706178082341353 ) ) ;
#824 = CARTESIAN_POINT ( 'NONE',  ( 225.0000000000000568, 21.13529300643763520, -374.6345634553111381 ) ) ;
#825 = CARTESIAN_POINT ( 'NONE',  ( 17.93845052927456152, 119.7958629573901987, 294.0012731391494185 ) ) ;
#826 = CARTESIAN_POINT ( 'NONE',  ( 82.56383354903405802, 24.62209252757695666, 232.9150313371851553 ) ) ;
#827 = CARTESIAN_POINT ( 'NONE',  ( 94.89786694894874586, 24.45638635620879953, 294.0012731391511238 ) ) ;
#828 = CARTESIAN_POINT ( 'NONE',  ( -21.94776500088860871, -23.83136840777894960, -46.53904117984429689 ) ) ;
#829 = CARTESIAN_POINT ( 'NONE',  ( 225.0000000000000000, 38.02354703739433717, -333.3434752794934752 ) ) ;
#830 = CARTESIAN_POINT ( 'NONE',  ( 224.9999999999999716, 16.20875966113779398, -321.8043202451833054 ) ) ;
#831 = CARTESIAN_POINT ( 'NONE',  ( 225.0000000000000284, 35.79279957600468975, -352.4709927103708083 ) ) ;
#832 = CARTESIAN_POINT ( 'NONE',  ( -800.0000000000000000, 29.33853132759038829, 208.1578262751537238 ) ) ;
#833 = CARTESIAN_POINT ( 'NONE',  ( -214.7175995286567911, 37.22497869257341563, -305.8400911684255448 ) ) ;
#834 = DIRECTION ( 'NONE',  ( -1.000000000000000000, 0.000000000000000000, 0.000000000000000000 ) ) ;
#835 = DIRECTION ( 'NONE',  ( 0.000000000000000000, 0.000000000000000000, -1.000000000000000000 ) ) ;
#836 = AXIS2_PLACEMENT_3D ( 'NONE', #5269, #2677, #2354 ) ;
#837 = B_SPLINE_CURVE_WITH_KNOTS ( 'NONE', 3,
 ( #4348, #2085, #439, #2515, #4779, #3814, #2162, #1276, #1204, #5578 ),
 .UNSPECIFIED., .F., .F.,
 ( 4, 2, 2, 2, 4 ),
 ( 1.110223024625156540E-16, 0.1387314619107220814, 0.2774629238214440519, 0.4161943857321660500, 0.5549258476428879927 ),
 .UNSPECIFIED. ) ;
#838 = CARTESIAN_POINT ( 'NONE',  ( 225.0000000000000853, 26.91564349731689632, -396.7581248426552634 ) ) ;
#839 = ORIENTED_EDGE ( 'NONE', *, *, #3125, .F. ) ;
#840 = CARTESIAN_POINT ( 'NONE',  ( 46.50242997102970577, 25.00391803493433329, 21.17013769520165667 ) ) ;
#841 = EDGE_CURVE ( 'NONE', #4807, #549, #3569, .T. ) ;
#842 = CARTESIAN_POINT ( 'NONE',  ( 21.36551713576598388, 32.83398582077783345, -93.06765594938380559 ) ) ;
#843 = CARTESIAN_POINT ( 'NONE',  ( -26.66497631405102808, -38.84068924092388642, 438.0555349262136247 ) ) ;
#844 = CARTESIAN_POINT ( 'NONE',  ( 960.0000000000000000, 18.80739166784487892, 228.1170176376847110 ) ) ;
#845 = VERTEX_POINT ( 'NONE', #2025 ) ;
#846 = CARTESIAN_POINT ( 'NONE',  ( -52.94210221968774732, -12.27276258207948700, 438.0555349262136815 ) ) ;
#847 = CARTESIAN_POINT ( 'NONE',  ( -211.6767550761226460, 32.83423607354922780, -397.9364565459685537 ) ) ;
#848 = CARTESIAN_POINT ( 'NONE',  ( 44.36597752801158379, 38.48508074708302473, 101.5937781562117266 ) ) ;
#849 = CARTESIAN_POINT ( 'NONE',  ( -32.71366755357120581, 28.20863105380151481, 20.39012947570024181 ) ) ;
#850 = CARTESIAN_POINT ( 'NONE',  ( 3.047894895348997046, 63.62503658061116596, 402.2845281192503535 ) ) ;
#851 = FACE_OUTER_BOUND ( 'NONE', #5218, .T. ) ;
#852 = CARTESIAN_POINT ( 'NONE',  ( 225.0000000000000568, 21.08813206350228953, -374.3359230184450439 ) ) ;
#853 = CARTESIAN_POINT ( 'NONE',  ( -50.58496724894657603, 17.57526595490909216, 438.0555349262133404 ) ) ;
#854 = CARTESIAN_POINT ( 'NONE',  ( 71.29007794824397592, 24.70861092521233005, 233.8319068230580058 ) ) ;
#855 = CARTESIAN_POINT ( 'NONE',  ( 43.41257198044192478, -50.86744903752693858, 106.1228587318996404 ) ) ;
#856 = CARTESIAN_POINT ( 'NONE',  ( -15.02489881523325010, -0.3265576192472796069, -124.9949820965279059 ) ) ;
#857 = CARTESIAN_POINT ( 'NONE',  ( 224.9999999999999716, 37.79047911218878397, -328.2496057705722023 ) ) ;
#858 = CARTESIAN_POINT ( 'NONE',  ( 225.0000000000000284, 15.79510026946035950, -324.5006509848636256 ) ) ;
#859 = CARTESIAN_POINT ( 'NONE',  ( 225.0000000000001137, 35.47677758354873845, -354.1697020396146058 ) ) ;
#860 =( NAMED_UNIT ( * ) SI_UNIT ( $, .STERADIAN. ) SOLID_ANGLE_UNIT ( ) );
#861 = ORIENTED_EDGE ( 'NONE', *, *, #1356, .T. ) ;
#862 = CARTESIAN_POINT ( 'NONE',  ( -215.0931206684032020, 38.89499997025551892, -309.3768801366063030 ) ) ;
#863 = CARTESIAN_POINT ( 'NONE',  ( -79.21219901382822570, 27.94546851935758980, 233.6746984552651725 ) ) ;
#864 = EDGE_CURVE ( 'NONE', #3160, #4693, #1041, .T. ) ;
#865 = CARTESIAN_POINT ( 'NONE',  ( 225.0000000000000000, 24.93207520328916615, -394.1493290194346741 ) ) ;
#866 = ORIENTED_EDGE ( 'NONE', *, *, #143, .T. ) ;
#867 = DIRECTION ( 'NONE',  ( 0.000000000000000000, 0.000000000000000000, -1.000000000000000000 ) ) ;
#868 = CARTESIAN_POINT ( 'NONE',  ( 225.0000000000000568, 31.39835248739891682, -302.2249364185372542 ) ) ;
#869 = CARTESIAN_POINT ( 'NONE',  ( -14.66940300103072836, -3.249303158260822944, -124.9949820965277070 ) ) ;
#870 = CARTESIAN_POINT ( 'NONE',  ( -73.99071559095629880, 17.17581347523986679, 242.5380325340884440 ) ) ;
#871 = CARTESIAN_POINT ( 'NONE',  ( -47.54864008518906360, 24.98446705144521829, 21.10927182171186800 ) ) ;
#872 = EDGE_LOOP ( 'NONE', ( #2392, #4946 ) ) ;
#873 = CARTESIAN_POINT ( 'NONE',  ( -48.25518421040753481, -33.98158005138174076, 402.2845281192504672 ) ) ;
#874 = CARTESIAN_POINT ( 'NONE',  ( -211.6336320178613448, 33.25346867270375384, -391.6602205749633754 ) ) ;
#875 = CARTESIAN_POINT ( 'NONE',  ( 40.24098531192370132, 45.48041875858407934, 128.1364036312756127 ) ) ;
#876 = CARTESIAN_POINT ( 'NONE',  ( 799.9999999999997726, 36.02164551183346930, 163.4045401874965080 ) ) ;
#877 = CARTESIAN_POINT ( 'NONE',  ( -35.59497927899264624, 25.05588558473927563, 20.19711674494425324 ) ) ;
#878 = CARTESIAN_POINT ( 'NONE',  ( 21.13616785754812355, 59.66908141524381648, 402.2845281192508082 ) ) ;
#879 = CARTESIAN_POINT ( 'NONE',  ( -77.97210579670120012, 28.34834005515497424, 233.1280811230805625 ) ) ;
#880 = CARTESIAN_POINT ( 'NONE',  ( 225.0000000000000284, 20.84094072979980794, -372.7660476185223501 ) ) ;
#881 = EDGE_CURVE ( 'NONE', #184, #2363, #3490, .T. ) ;
#882 = CARTESIAN_POINT ( 'NONE',  ( -84.79355824113413576, 54.11319895648482969, 294.0012731391488501 ) ) ;
#883 = CARTESIAN_POINT ( 'NONE',  ( 71.00082474991440051, 24.98064300556036343, 233.7393167429095513 ) ) ;
#884 = CARTESIAN_POINT ( 'NONE',  ( 6.689633150122456406, -31.98977989002112210, -46.53904117984431821 ) ) ;
#885 = CARTESIAN_POINT ( 'NONE',  ( 7.863099356340152113, -79.75179385194438453, 294.0012731391510101 ) ) ;
#886 = CARTESIAN_POINT ( 'NONE',  ( 225.0000000000000284, 37.30442766682878641, -324.0075992846929580 ) ) ;
#887 = CARTESIAN_POINT ( 'NONE',  ( 225.0000000000000000, 15.42120219655759428, -339.6327864183172096 ) ) ;
#888 = CARTESIAN_POINT ( 'NONE',  ( 225.0000000000001137, 36.91034428310382509, -346.1236013736781842 ) ) ;
#889 = CARTESIAN_POINT ( 'NONE',  ( -301.8860015958055669, 26.38453742703045179, 54.57077808388511642 ) ) ;
#890 = ORIENTED_EDGE ( 'NONE', *, *, #4939, .T. ) ;
#891 = CARTESIAN_POINT ( 'NONE',  ( -215.0716304431658727, 37.55218904648584299, -306.5924422236470832 ) ) ;
#892 = CARTESIAN_POINT ( 'NONE',  ( -81.35839641830719415, 27.07605838453251224, 234.1636207871834756 ) ) ;
#893 = B_SPLINE_CURVE_WITH_KNOTS ( 'NONE', 3,
 ( #448, #775, #3895, #5663, #4103, #3179, #1886, #5310, #4072, #2747, #4415, #2342, #942, #4041, #68, #5339, #3122, #566, #4474, #479 ),
 .UNSPECIFIED., .F., .F.,
 ( 4, 2, 2, 2, 2, 2, 2, 2, 2, 4 ),
 ( 0.000000000000000000, 0.09388313503959554163, 0.1877662700791910833, 0.3755325401583825551, 0.4694156751979781661, 0.5632988102375737771, 0.6102403777573716104, 0.6571819452771693326, 0.7041235127969670549, 0.7510650803167648881 ),
 .UNSPECIFIED. ) ;
#894 = CARTESIAN_POINT ( 'NONE',  ( 225.0000000000001137, 28.27510807885143862, -394.0293675750924649 ) ) ;
#895 =( BOUNDED_SURFACE ( )  B_SPLINE_SURFACE ( 3, 2, ( 
 ( #3686, #3280, #1044 ),
 ( #149, #1502, #3194 ),
 ( #4948, #4575, #1014 ),
 ( #5471, #1531, #1901 ),
 ( #5415, #4548, #612 ),
 ( #2761, #2359, #5443 ),
 ( #4517, #2271, #89 ),
 ( #2328, #1073, #4489 ),
 ( #1645, #4691, #758 ),
 ( #4605, #2849, #1134 ),
 ( #672, #2416, #5504 ),
 ( #2880, #4174, #5594 ),
 ( #4202, #237, #325 ),
 ( #2939, #5126, #1988 ),
 ( #2506, #267, #3743 ),
 ( #4261, #3338, #4635 ),
 ( #1619, #3367, #297 ),
 ( #2075, #2016, #5563 ),
 ( #1560, #3770, #5096 ),
 ( #3309, #3829, #1193 ),
 ( #5535, #5066, #701 ),
 ( #2047, #2446, #1590 ),
 ( #3801, #1162, #2911 ),
 ( #4664, #728, #2476 ),
 ( #4232, #56, #5416 ),
 ( #4950, #4550, #4491 ),
 ( #1418, #2763, #5327 ),
 ( #1389, #151, #958 ),
 ( #1473, #4090, #3168 ),
 ( #5356, #2302, #4921 ),
 ( #3572, #988, #553 ),
 ( #1903, #3141, #1046 ),
 ( #4519, #4060, #4433 ),
 ( #3225, #498, #1016 ),
 ( #4978, #2792, #2736 ),
 ( #3196, #122, #3659 ),
 ( #1874, #584, #2247 ),
 ( #4000, #3630, #5387 ),
 ( #1447, #2330, #614 ),
 ( #2707, #2361, #1817 ),
 ( #30, #1790, #4892 ),
 ( #3543, #5299, #1361 ),
 ( #4029, #2273, #3111 ),
 ( #4463, #1847, #526 ),
 ( #92, #3602, #4864 ),
 ( #932, #2680, #4637 ),
 ( #1075, #5506, #1562 ),
 ( #5445, #2018, #1504 ),
 ( #2913, #1933, #269 ),
 ( #3340, #3688, #703 ),
 ( #5007, #2448, #5537 ),
 ( #4204, #1592, #5098 ),
 ( #209, #1136, #3744 ),
 ( #3310, #4176, #2882 ),
 ( #3772, #2821, #4608 ),
 ( #4577, #1961, #1989 ),
 ( #5068, #239, #674 ),
 ( #1164, #4119, #3715 ),
 ( #182, #3252, #644 ),
 ( #2389, #4148, #5473 ),
 ( #1533, #3282, #5035 ),
 ( #1106, #2851, #2418 ),
 ( #5149, #3709, #3794 ),
 ( #3388, #1613, #2470 ),
 ( #204, #2815, #1583 ),
 ( #4629, #1955, #4572 ),
 ( #1156, #1526, #666 ),
 ( #637, #2499, #4225 ) ),
 .UNSPECIFIED., .F., .F., .F. ) 
 B_SPLINE_SURFACE_WITH_KNOTS ( ( 4, 2, 2, 2, 2, 2, 2, 2, 2, 2, 2, 2, 2, 2, 2, 2, 2, 2, 2, 2, 2, 2, 2, 2, 2, 2, 2, 2, 2, 2, 2, 2, 2, 4 ),
 ( 3, 3 ),
 ( 0.7127842594831220735, 0.7241811152625539094, 0.7355779710419856343, 0.7583716826008493062, 0.7811653941597129780, 0.8039591057185766498, 0.8153559614980084858, 0.8267528172774403217, 0.8495465288363038825, 0.8723402403951674433, 0.8951339519540311152, 0.9179276635128947870, 0.9293245192923265119, 0.9321737332371844431, 0.9328860367233988704, 0.9332421884665060841, 0.9335983402096134087, 0.9350229471820423743, 0.9407213750717583478, 0.9635150866306219086, 0.9863087981894855805, 1.009102509748349252, 1.020499365527780977, 1.031896221307212702, 1.043293077086644427, 1.048991504976360289, 1.054689932866076374, 1.060388360755792458, 1.063237574700650390, 1.066086788645508321, 1.068936002590366252, 1.071785216535224183, 1.074634430480082115, 1.077483644424940046 ),
 ( 0.000000000000000000, 1.000000000000000000 ),
 .UNSPECIFIED. ) 
 GEOMETRIC_REPRESENTATION_ITEM ( )  RATIONAL_B_SPLINE_SURFACE ( (
 ( 1.000000000000000000, 0.6633218683160170270, 1.000000000000000000),
 ( 1.000000000000000000, 0.6677997258919341483, 1.000000000000000000),
 ( 1.000000000000000000, 0.6717822135860496147, 1.000000000000000000),
 ( 1.000000000000000000, 0.6787510628987414307, 1.000000000000000000),
 ( 1.000000000000000000, 0.6817355744665023476, 1.000000000000000000),
 ( 1.000000000000000000, 0.6893769059798876553, 1.000000000000000000),
 ( 1.000000000000000000, 0.6927643235075704453, 1.000000000000000000),
 ( 1.000000000000000000, 0.6965366801387053997, 1.000000000000000000),
 ( 1.000000000000000000, 0.6969247657115811290, 1.000000000000000000),
 ( 1.000000000000000000, 0.6952963590791758630, 1.000000000000000000),
 ( 1.000000000000000000, 0.6932634324377235924, 1.000000000000000000),
 ( 1.000000000000000000, 0.6888102623962876203, 1.000000000000000000),
 ( 1.000000000000000000, 0.6870902246525307788, 1.000000000000000000),
 ( 1.000000000000000000, 0.6832483964983298019, 1.000000000000000000),
 ( 1.000000000000000000, 0.6811284404279913662, 1.000000000000000000),
 ( 1.000000000000000000, 0.6742556608181171640, 1.000000000000000000),
 ( 1.000000000000000000, 0.6689967501666077565, 1.000000000000000000),
 ( 1.000000000000000000, 0.6573985875616342733, 1.000000000000000000),
 ( 1.000000000000000000, 0.6510362926065582645, 1.000000000000000000),
 ( 1.000000000000000000, 0.6373410035596489553, 1.000000000000000000),
 ( 1.000000000000000000, 0.6300064059092325142, 1.000000000000000000),
 ( 1.000000000000000000, 0.6146900904482355266, 1.000000000000000000),
 ( 1.000000000000000000, 0.6067049037712775039, 1.000000000000000000),
 ( 1.000000000000000000, 0.5946553359701745034, 1.000000000000000000),
 ( 1.000000000000000000, 0.5906289024055435544, 1.000000000000000000),
 ( 1.000000000000000000, 0.5856469009557588867, 1.000000000000000000),
 ( 1.000000000000000000, 0.5846531167436385124, 1.000000000000000000),
 ( 1.000000000000000000, 0.5834153177910692545, 1.000000000000000000),
 ( 1.000000000000000000, 0.5831679798602142917, 1.000000000000000000),
 ( 1.000000000000000000, 0.5827973284244710728, 1.000000000000000000),
 ( 1.000000000000000000, 0.5826978072729388503, 1.000000000000000000),
 ( 1.000000000000000000, 0.5824763355063942161, 1.000000000000000000),
 ( 1.000000000000000000, 0.5823654761110025335, 1.000000000000000000),
 ( 1.000000000000000000, 0.5818105584892232507, 1.000000000000000000),
 ( 1.000000000000000000, 0.5813646383669163198, 1.000000000000000000),
 ( 1.000000000000000000, 0.5791249090997999671, 1.000000000000000000),
 ( 1.000000000000000000, 0.5773008411371438608, 1.000000000000000000),
 ( 1.000000000000000000, 0.5680068279558302402, 1.000000000000000000),
 ( 1.000000000000000000, 0.5600197998859227644, 1.000000000000000000),
 ( 1.000000000000000000, 0.5425498121444913835, 1.000000000000000000),
 ( 1.000000000000000000, 0.5330735680717371139, 1.000000000000000000),
 ( 1.000000000000000000, 0.5120332156733600204, 1.000000000000000000),
 ( 1.000000000000000000, 0.5004805315053060255, 1.000000000000000000),
 ( 1.000000000000000000, 0.4808307361288985948, 1.000000000000000000),
 ( 1.000000000000000000, 0.4738858175836357378, 1.000000000000000000),
 ( 1.000000000000000000, 0.4588932247511222084, 1.000000000000000000),
 ( 1.000000000000000000, 0.4508546359239529178, 1.000000000000000000),
 ( 1.000000000000000000, 0.4331683860280621801, 1.000000000000000000),
 ( 1.000000000000000000, 0.4235249778532876319, 1.000000000000000000),
 ( 1.000000000000000000, 0.4071558542310193540, 1.000000000000000000),
 ( 1.000000000000000000, 0.4013740751094837522, 1.000000000000000000),
 ( 1.000000000000000000, 0.3890752067794182034, 1.000000000000000000),
 ( 1.000000000000000000, 0.3825463179177050477, 1.000000000000000000),
 ( 1.000000000000000000, 0.3685373856890054589, 1.000000000000000000),
 ( 1.000000000000000000, 0.3610575388082775672, 1.000000000000000000),
 ( 1.000000000000000000, 0.3488404355901335574, 1.000000000000000000),
 ( 1.000000000000000000, 0.3446049108752136103, 1.000000000000000000),
 ( 1.000000000000000000, 0.3357665938712206533, 1.000000000000000000),
 ( 1.000000000000000000, 0.3311704533345843915, 1.000000000000000000),
 ( 1.000000000000000000, 0.3215277327789425321, 1.000000000000000000),
 ( 1.000000000000000000, 0.3164785954259154432, 1.000000000000000000),
 ( 1.000000000000000000, 0.3058582626299405915, 1.000000000000000000),
 ( 1.000000000000000000, 0.3002871428128614517, 1.000000000000000000),
 ( 1.000000000000000000, 0.2885440431213329160, 1.000000000000000000),
 ( 1.000000000000000000, 0.2823740577408888619, 1.000000000000000000),
 ( 1.000000000000000000, 0.2693534458167973211, 1.000000000000000000),
 ( 1.000000000000000000, 0.2625006963075283695, 1.000000000000000000),
 ( 1.000000000000000000, 0.2552502874646194742, 1.000000000000000000) ) ) 
 REPRESENTATION_ITEM ( '' )  SURFACE ( )  );
#896 = ORIENTED_EDGE ( 'NONE', *, *, #4992, .T. ) ;
#897 = CARTESIAN_POINT ( 'NONE',  ( 225.0000000000000853, 30.49453872943914945, -300.4502701045344679 ) ) ;
#898 = CARTESIAN_POINT ( 'NONE',  ( 3.073106506701200669, -53.16782555717301051, 402.2845281192506945 ) ) ;
#899 = CARTESIAN_POINT ( 'NONE',  ( -73.60760838502697823, 20.73309851060493969, 244.8179687082197233 ) ) ;
#900 = FACE_OUTER_BOUND ( 'NONE', #1068, .T. ) ;
#901 = CARTESIAN_POINT ( 'NONE',  ( -9.673990015442662127, 11.49061430065776612, -124.9949820965278207 ) ) ;
#902 = B_SPLINE_CURVE_WITH_KNOTS ( 'NONE', 3,
 ( #3549, #2652, #3416, #35, #1766, #5277 ),
 .UNSPECIFIED., .F., .F.,
 ( 4, 1, 1, 4 ),
 ( 0.000000000000000000, 0.4145220653946068423, 0.8065893458047120879, 1.000000000000000000 ),
 .UNSPECIFIED. ) ;
#903 = CARTESIAN_POINT ( 'NONE',  ( -210.0319750895569655, 27.76537053069093730, -356.1347996129948115 ) ) ;
#904 = CARTESIAN_POINT ( 'NONE',  ( 38.90980776580931177, 43.81211803844084329, 116.7186731635359109 ) ) ;
#905 = CARTESIAN_POINT ( 'NONE',  ( -213.0000000000505338, 26.26107159832745452, 147.0000000000000284 ) ) ;
#906 = CARTESIAN_POINT ( 'NONE',  ( -212.3630976791404521, 34.34396169978449365, -303.0829468958440316 ) ) ;
#907 = CARTESIAN_POINT ( 'NONE',  ( 58.79126675842125849, 16.89469853553706002, 129.1199794804418559 ) ) ;
#908 = CARTESIAN_POINT ( 'NONE',  ( 9.170225169242133489, 62.89306348568335636, 402.2845281192513767 ) ) ;
#909 = CARTESIAN_POINT ( 'NONE',  ( 47.05154920117040973, 42.56945647115484377, 127.7245725726333063 ) ) ;
#910 = CARTESIAN_POINT ( 'NONE',  ( 55.00000000000000711, 4.510281037539698445E-14, 438.0555349262138520 ) ) ;
#911 = B_SPLINE_CURVE_WITH_KNOTS ( 'NONE', 3,
 ( #4434, #4403, #2708, #4492, #2737, #2681, #4865, #4951, #4030, #554, #470, #4922, #3603, #5273, #3197, #3544, #959, #933, #499, #3972, #1419, #1390, #989, #57, #2647, #2219, #5328, #2303, #5300, #123, #2274 ),
 .UNSPECIFIED., .F., .F.,
 ( 4, 2, 1, 1, 1, 2, 2, 2, 2, 2, 2, 2, 2, 2, 2, 2, 4 ),
 ( -5.999999996464490559E-08, 0.0004042359536667577817, 0.0008085319073334801872, 0.001617123814667001652, 0.003234307629333969987, 0.006468675258667904923, 0.01293741051733585286, 0.02587488103467183026, 0.03881235155200781634, 0.05174982206934378853, 0.06468729258667976767, 0.07762476310401573987, 0.1034997041386876981, 0.1293746451733596425, 0.1552495862080316147, 0.1811245272427035591, 0.2069994682773755035 ),
 .UNSPECIFIED. ) ;
#912 = CARTESIAN_POINT ( 'NONE',  ( -6.847590703446711835, 30.76598115813125744, -46.53904117984434663 ) ) ;
#913 = CARTESIAN_POINT ( 'NONE',  ( 17.84787503049965096, 21.24319085134981222, -60.30958311013004902 ) ) ;
#914 = EDGE_CURVE ( 'NONE', #845, #2237, #3438, .T. ) ;
#915 = CARTESIAN_POINT ( 'NONE',  ( 29.58028235098841563, -15.55823898868888655, -46.53904117984431821 ) ) ;
#916 = CARTESIAN_POINT ( 'NONE',  ( 9.914620956768896320, -43.66249465893557868, 438.0555349262136815 ) ) ;
#917 = CARTESIAN_POINT ( 'NONE',  ( -9.750000000000000000, 0.000000000000000000, -134.9949820965277638 ) ) ;
#918 = CARTESIAN_POINT ( 'NONE',  ( 225.0000000000000568, 15.78354578647791051, -342.8805888776073516 ) ) ;
#919 = CARTESIAN_POINT ( 'NONE',  ( 225.0000000000000568, 35.82266177356484604, -352.3099578030889347 ) ) ;
#920 = CARTESIAN_POINT ( 'NONE',  ( -644.3405218244703292, 27.69761403480285367, 84.22966175009048584 ) ) ;
#921 = EDGE_LOOP ( 'NONE', ( #4206, #2293 ) ) ;
#922 = CARTESIAN_POINT ( 'NONE',  ( -213.2284314795375053, 35.55899881839982868, -304.0173566772569984 ) ) ;
#923 = CARTESIAN_POINT ( 'NONE',  ( -82.25067319222388562, 26.59662208407455353, 234.2360664974287943 ) ) ;
#924 = CARTESIAN_POINT ( 'NONE',  ( 225.0000000000000568, 28.75473508967057157, -392.3624499714054537 ) ) ;
#925 = EDGE_LOOP ( 'NONE', ( #4178, #580 ) ) ;
#926 = AXIS2_PLACEMENT_3D ( 'NONE', #2813, #4941, #1923 ) ;
#927 =( GEOMETRIC_REPRESENTATION_CONTEXT ( 3 ) GLOBAL_UNCERTAINTY_ASSIGNED_CONTEXT ( ( #4790 ) ) GLOBAL_UNIT_ASSIGNED_CONTEXT ( ( #1472, #3224, #5505 ) ) REPRESENTATION_CONTEXT ( 'NONE', 'WORKASPACE' ) );
#928 = CARTESIAN_POINT ( 'NONE',  ( 224.9999999999999716, 16.56867141724177017, -347.2499780119509296 ) ) ;
#929 = FACE_OUTER_BOUND ( 'NONE', #1711, .T. ) ;
#930 = CARTESIAN_POINT ( 'NONE',  ( -26.08701233113897544, -18.83413467832994215, -46.53904117984431821 ) ) ;
#931 = CARTESIAN_POINT ( 'NONE',  ( -291.7586691674221697, 26.69808166473427136, 230.6753628273270635 ) ) ;
#932 = CARTESIAN_POINT ( 'NONE',  ( -22.37696548368066374, 15.37907597290319295, -66.80579370694029251 ) ) ;
#933 = CARTESIAN_POINT ( 'NONE',  ( 74.75595488129863497, 16.47667791122416148, 173.2692476798411576 ) ) ;
#934 = CARTESIAN_POINT ( 'NONE',  ( -64.74625625904570825, 14.97529088843407763, 106.1228587318994556 ) ) ;
#935 = CARTESIAN_POINT ( 'NONE',  ( -209.2098626592813275, 27.08776416273877530, -343.9209442139398334 ) ) ;
#936 = CARTESIAN_POINT ( 'NONE',  ( 30.95104510578471135, 28.23235473124589490, 18.86104912644297116 ) ) ;
#937 = CARTESIAN_POINT ( 'NONE',  ( -213.3215144188810370, 37.38968620881723837, -305.5266380901421712 ) ) ;
#938 = CARTESIAN_POINT ( 'NONE',  ( -10.46085200368496437, 16.85924600810120211, -101.4553127944583224 ) ) ;
#939 = CARTESIAN_POINT ( 'NONE',  ( 60.40504255929783994, 16.39947423557960704, 140.1234917534223996 ) ) ;
#940 = CARTESIAN_POINT ( 'NONE',  ( 55.78167554723636101, 25.91537055144555168, 106.1228587319000525 ) ) ;
#941 = CARTESIAN_POINT ( 'NONE',  ( 45.96557548865203557, 41.46894270625816858, 119.5690513063916569 ) ) ;
#942 = CARTESIAN_POINT ( 'NONE',  ( 207.7165252917017426, 26.05903033312362282, 45.53569734257867907 ) ) ;
#943 = CARTESIAN_POINT ( 'NONE',  ( 2.713548198287922375, 14.77914867728411430, -124.9949820965278491 ) ) ;
#944 = CARTESIAN_POINT ( 'NONE',  ( 72.53768087735740266, 22.12601506327426293, 245.1840987362002409 ) ) ;
#945 = FACE_OUTER_BOUND ( 'NONE', #3594, .T. ) ;
#946 = CARTESIAN_POINT ( 'NONE',  ( -66.74311842291562868, 2.905107689229043721, 106.1228587318994840 ) ) ;
#947 = CARTESIAN_POINT ( 'NONE',  ( -215.3967324747263490, 36.26126215386235430, -399.3586831645033044 ) ) ;
#948 = CARTESIAN_POINT ( 'NONE',  ( 225.0000000000000000, 17.82791862338576649, -354.9014338375200737 ) ) ;
#949 = CARTESIAN_POINT ( 'NONE',  ( 237.0000000000505054, 26.26107159832745452, -397.0000000000000000 ) ) ;
#950 = ORIENTED_EDGE ( 'NONE', *, *, #2077, .T. ) ;
#951 = CARTESIAN_POINT ( 'NONE',  ( -213.3136256751036797, 35.66540283909667863, -302.7832178046411968 ) ) ;
#952 = CARTESIAN_POINT ( 'NONE',  ( 5.050673245201183998E-11, 0.000000000000000000, 498.0555349262137952 ) ) ;
#953 = CARTESIAN_POINT ( 'NONE',  ( 225.0000000000000284, 26.46135762892972565, -396.8593559949237601 ) ) ;
#954 = EDGE_LOOP ( 'NONE', ( #2332, #3164 ) ) ;
#955 = CARTESIAN_POINT ( 'NONE',  ( 0.000000000000000000, 182.4742510694330804, -414.3975106221485589 ) ) ;
#956 = CARTESIAN_POINT ( 'NONE',  ( -70.97002547722226495, 29.59403520627716233, 243.6528983752698991 ) ) ;
#957 = AXIS2_PLACEMENT_3D ( 'NONE', #1284, #339, #4681 ) ;
#958 = CARTESIAN_POINT ( 'NONE',  ( -51.90297656266985626, 26.08455587588879609, 20.60406605822215909 ) ) ;
#959 = CARTESIAN_POINT ( 'NONE',  ( 75.30525558712693623, 16.66422480253960714, 177.5445153611074716 ) ) ;
#960 = CARTESIAN_POINT ( 'NONE',  ( 5.050673245201183998E-11, 0.000000000000000000, 498.0555349262137952 ) ) ;
#961 = CARTESIAN_POINT ( 'NONE',  ( -83.30373659307537082, 25.78399705189232805, 234.0815730346792805 ) ) ;
#962 = CARTESIAN_POINT ( 'NONE',  ( -210.0198300416944619, 27.11406466130630477, -325.6845635066183604 ) ) ;
#963 = CARTESIAN_POINT ( 'NONE',  ( 21.24648013902102761, 18.86847043650434230, -57.06547161015076597 ) ) ;
#964 = CARTESIAN_POINT ( 'NONE',  ( -211.1801071813760871, 34.84938191085358739, -305.6030755435420474 ) ) ;
#965 = CARTESIAN_POINT ( 'NONE',  ( -9.270393694873629187, 16.23972489681165499, -107.0204504388771198 ) ) ;
#966 = CARTESIAN_POINT ( 'NONE',  ( 62.36940116506308840, 16.07968068842195564, 154.8156930553068094 ) ) ;
#967 = CARTESIAN_POINT ( 'NONE',  ( -42.00573856236505321, 28.71783836406093826, 438.0555349262136815 ) ) ;
#968 = CARTESIAN_POINT ( 'NONE',  ( 75.66575552406514760, 31.31070185150364082, 227.3119708322357724 ) ) ;
#969 = CARTESIAN_POINT ( 'NONE',  ( -4.671822368104018963, 29.54289786849339450, 466.7211743237411383 ) ) ;
#970 = CARTESIAN_POINT ( 'NONE',  ( -47.92527502875785217, 102.2731684750674788, 294.0012731391499301 ) ) ;
#971 = CARTESIAN_POINT ( 'NONE',  ( 81.20281039591409922, 26.80521364145436181, 234.2219989244534872 ) ) ;
#972 = CARTESIAN_POINT ( 'NONE',  ( -62.40358961547853767, 38.22847679483694350, 210.5038738068768680 ) ) ;
#973 = CARTESIAN_POINT ( 'NONE',  ( 94.40404786437925111, -3.363439235802029081, 294.0012731391507259 ) ) ;
#974 = CARTESIAN_POINT ( 'NONE',  ( -213.0701575108087411, 33.06009098167873361, -399.4567955205401404 ) ) ;
#975 = CARTESIAN_POINT ( 'NONE',  ( 224.9999999999999716, 17.56021679357877829, -353.4639048265265160 ) ) ;
#976 = B_SPLINE_SURFACE_WITH_KNOTS ( 'NONE', 3, 3, ( 
 ( #4827, #3188, #1439, #4054 ),
 ( #144, #519, #3652, #3624 ),
 ( #981, #3136, #1895, #4113 ),
 ( #2756, #5379, #4943, #1010 ),
 ( #2267, #2353, #1467, #3217 ),
 ( #4512, #577, #2295, #3565 ),
 ( #1811, #5408, #1070, #2239 ),
 ( #4023, #5439, #3995, #4973 ),
 ( #4887, #1039, #175, #952 ),
 ( #2786, #3682, #1499, #2323 ),
 ( #4543, #4083, #608, #1926 ),
 ( #3246, #5002, #82, #1840 ),
 ( #4426, #490, #51, #5321 ),
 ( #1382, #4912, #2730, #2700 ),
 ( #5350, #4454, #3596, #1412 ),
 ( #3162, #4485, #547, #116 ),
 ( #1869, #733, #617, #2824 ),
 ( #991, #4031, #4923, #960 ),
 ( #125, #2709, #4465, #185 ),
 ( #4953, #4093, #1849, #4063 ),
 ( #4580, #1877, #5329, #2249 ),
 ( #1391, #3691, #528, #5358 ),
 ( #1507, #1477, #3199, #4493 ),
 ( #2766, #4553, #2796, #2275 ),
 ( #5419, #2364, #94, #3143 ),
 ( #3255, #3604, #3170, #589 ) ),
 .UNSPECIFIED., .T., .F., .F.,
 ( 4, 1, 1, 1, 1, 2, 2, 2, 2, 2, 2, 2, 1, 1, 1, 1, 4 ),
 ( 4, 4 ),
 ( 0.000000000000000000, 0.006250000000000088818, 0.01249999999999995559, 0.01875000000000004441, 0.02499999999999991118, 0.1250000000000000000, 0.2500000000000000000, 0.3750000000000000000, 0.5000000000000000000, 0.6250000000000000000, 0.7500000000000000000, 0.8750000000000000000, 0.9749999999999999778, 0.9812499999999999556, 0.9875000000000000444, 0.9937500000000000222, 1.000000000000000000 ),
 ( 0.000000000000000000, 1.000000000000000000 ),
 .UNSPECIFIED. ) ;
#977 = EDGE_LOOP ( 'NONE', ( #5193, #4801, #3567, #5539 ) ) ;
#978 = B_SPLINE_CURVE_WITH_KNOTS ( 'NONE', 3,
 ( #3042, #2942, #2482, #1110, #1566, #707, #4152, #2079, #3806, #4265, #328, #2022, #302, #2052, #5569, #1623 ),
 .UNSPECIFIED., .F., .F.,
 ( 4, 2, 2, 2, 2, 2, 2, 4 ),
 ( 0.000000000000000000, 0.01185955958333322936, 0.02371911916666645873, 0.04743823833333289663, 0.07115735749999933801, 0.08301691708333253095, 0.08894669687499914823, 0.09487647666666575164 ),
 .UNSPECIFIED. ) ;
#979 = CARTESIAN_POINT ( 'NONE',  ( -217.2511039169828564, 39.16904001635677446, -368.5568253513112609 ) ) ;
#980 =( NAMED_UNIT ( * ) SI_UNIT ( $, .STERADIAN. ) SOLID_ANGLE_UNIT ( ) );
#981 = CARTESIAN_POINT ( 'NONE',  ( 54.97102540935625825, 1.760482095958460613, 438.0555349262138520 ) ) ;
#982 = CARTESIAN_POINT ( 'NONE',  ( 225.0000000000000000, 32.85627236089521119, -369.4063387872805038 ) ) ;
#983 = ORIENTED_EDGE ( 'NONE', *, *, #2671, .T. ) ;
#984 = CARTESIAN_POINT ( 'NONE',  ( 0.000000000000000000, 204.0668985700804683, -437.7956945725627520 ) ) ;
#985 = EDGE_CURVE ( 'NONE', #4693, #493, #4266, .T. ) ;
#986 = FACE_OUTER_BOUND ( 'NONE', #3198, .T. ) ;
#987 = CARTESIAN_POINT ( 'NONE',  ( 14.99999999995778488, 1.836970198715860183E-15, -144.9949820965277922 ) ) ;
#988 = CARTESIAN_POINT ( 'NONE',  ( -38.08966650623115413, 25.78875259198986569, 22.62803038453931848 ) ) ;
#989 = CARTESIAN_POINT ( 'NONE',  ( 68.48669404507117520, 17.42157694172496818, 121.6878676506538426 ) ) ;
#990 = AXIS2_PLACEMENT_3D ( 'NONE', #2349, #664, #3271 ) ;
#991 = CARTESIAN_POINT ( 'NONE',  ( 14.58649412000006862, -44.31434680274012550, 438.0555349262138520 ) ) ;
#992 = CARTESIAN_POINT ( 'NONE',  ( -71.59371769845945721, 23.75416794006621046, 233.9798882854921089 ) ) ;
#993 = CARTESIAN_POINT ( 'NONE',  ( -210.0030214319868378, 26.65977086200238233, -356.2980714177551249 ) ) ;
#994 = CARTESIAN_POINT ( 'NONE',  ( 34.06268307626800151, 25.06551861227559996, 20.08599649983096569 ) ) ;
#995 = CARTESIAN_POINT ( 'NONE',  ( -225.0000000000000284, 32.05070501209371514, -372.7512570906214933 ) ) ;
#996 = CARTESIAN_POINT ( 'NONE',  ( -18.45320641925396643, 17.36750114485671048, -75.70582978508492999 ) ) ;
#997 = CARTESIAN_POINT ( 'NONE',  ( 68.31314235794270928, 17.54524189130739487, 120.4754339806950156 ) ) ;
#998 = CARTESIAN_POINT ( 'NONE',  ( 47.69136642132428250, 37.40382364816436223, 106.1228587319003935 ) ) ;
#999 = CARTESIAN_POINT ( 'NONE',  ( 0.000000000000000000, 182.4742510694331088, -414.3975106221485589 ) ) ;
#1000 = CARTESIAN_POINT ( 'NONE',  ( 41.47061184768650577, 3.499985984472978373, 466.7211743237411383 ) ) ;
#1001 = CARTESIAN_POINT ( 'NONE',  ( 70.86572631435662117, 24.76554938590737009, 235.4318428957180913 ) ) ;
#1002 = CARTESIAN_POINT ( 'NONE',  ( -66.84427342827591190, 33.48344077248461303, 223.2186019907154559 ) ) ;
#1003 = CARTESIAN_POINT ( 'NONE',  ( 58.89461861680405974, -20.41658218983167572, 402.2845281192505809 ) ) ;
#1004 = CARTESIAN_POINT ( 'NONE',  ( -215.4432330769110706, 35.45468028869895249, -399.7262784676408387 ) ) ;
#1005 = CARTESIAN_POINT ( 'NONE',  ( 225.0000000000000284, 16.57676961912343927, -348.0389630815611781 ) ) ;
#1006 = CARTESIAN_POINT ( 'NONE',  ( 225.0000000000505338, 26.26107159832745452, 147.0000000000000284 ) ) ;
#1007 = DIRECTION ( 'NONE',  ( -1.000000000000000000, 0.000000000000000000, 0.000000000000000000 ) ) ;
#1008 = CIRCLE ( 'NONE', #1646, 14.99999999999998579 ) ;
#1009 = CARTESIAN_POINT ( 'NONE',  ( -219.8351858262814460, 40.34672241627423972, -356.5970811286254616 ) ) ;
#1010 = CARTESIAN_POINT ( 'NONE',  ( 5.050673245201183998E-11, 0.000000000000000000, 498.0555349262137952 ) ) ;
#1011 = CARTESIAN_POINT ( 'NONE',  ( 225.0000000000000284, 31.30042108133044465, -379.2062365525994210 ) ) ;
#1012 = ORIENTED_EDGE ( 'NONE', *, *, #4645, .T. ) ;
#1013 = CARTESIAN_POINT ( 'NONE',  ( 225.0000000000000284, 21.49091955331005366, -375.8627307751468152 ) ) ;
#1014 = CARTESIAN_POINT ( 'NONE',  ( -82.62668538462371259, 22.89313112903654357, 225.6342416817192884 ) ) ;
#1015 = CARTESIAN_POINT ( 'NONE',  ( 0.000000000000000000, 201.2766279810474828, -447.4295559341971398 ) ) ;
#1016 = CARTESIAN_POINT ( 'NONE',  ( -51.57700251182037476, 26.18277191709962537, 18.97507856455756681 ) ) ;
#1017 = CIRCLE ( 'NONE', #2946, 1.999999999999994227 ) ;
#1018 = EDGE_LOOP ( 'NONE', ( #3831, #3962, #3284, #5703 ) ) ;
#1019 = CARTESIAN_POINT ( 'NONE',  ( 960.0000000000000000, 29.07205958392727396, 109.7915080539911230 ) ) ;
#1020 = CARTESIAN_POINT ( 'NONE',  ( -80.26767274624317849, 27.55471789920596137, 233.9617991124067657 ) ) ;
#1021 = CARTESIAN_POINT ( 'NONE',  ( -209.9721965635989136, 26.52204963143612204, -343.9374150174075453 ) ) ;
#1022 = EDGE_CURVE ( 'NONE', #3254, #493, #5155, .T. ) ;
#1023 = CARTESIAN_POINT ( 'NONE',  ( 31.45396970246616775, 28.51151682072335802, 22.15869694565818193 ) ) ;
#1024 = CARTESIAN_POINT ( 'NONE',  ( -225.0000000000000284, 24.03725304147305764, -396.5929570076766026 ) ) ;
#1025 = CARTESIAN_POINT ( 'NONE',  ( -211.0869742696549167, 31.87548157353248257, -306.6567539422402433 ) ) ;
#1026 = CARTESIAN_POINT ( 'NONE',  ( 61.22729629799967199, 6.101307230808451720, 143.4532700275348134 ) ) ;
#1027 = CARTESIAN_POINT ( 'NONE',  ( 2.713548198287922375, 14.77914867728411430, -124.9949820965278491 ) ) ;
#1028 = CARTESIAN_POINT ( 'NONE',  ( -46.73178003265023506, 42.88744463722704836, 130.1301311541494385 ) ) ;
#1029 = CARTESIAN_POINT ( 'NONE',  ( 12.05180820906161188, 13.21509734848354611, 498.0555349261633182 ) ) ;
#1030 = CARTESIAN_POINT ( 'NONE',  ( 225.0000000000000568, 35.78613176821964714, -352.5069436790326449 ) ) ;
#1031 = CARTESIAN_POINT ( 'NONE',  ( 70.81361887301345348, 24.74036476858870159, 233.6054130284099983 ) ) ;
#1032 = CARTESIAN_POINT ( 'NONE',  ( -70.87544623477288042, 27.32292759756571243, 235.2289098418270896 ) ) ;
#1033 = CARTESIAN_POINT ( 'NONE',  ( 45.32949448905424106, -25.22542059840456119, 438.0555349262136815 ) ) ;
#1034 = CARTESIAN_POINT ( 'NONE',  ( 225.0000000000000000, 34.47549940530473123, -310.8477546867326851 ) ) ;
#1035 = CARTESIAN_POINT ( 'NONE',  ( 225.0000000000000853, 17.37839192851228631, -352.4857480348843524 ) ) ;
#1036 = CARTESIAN_POINT ( 'NONE',  ( -215.3580776145169580, 37.75164741990169404, -397.0000000000000000 ) ) ;
#1037 = FACE_OUTER_BOUND ( 'NONE', #377, .T. ) ;
#1038 = CARTESIAN_POINT ( 'NONE',  ( -221.4560358400698021, 40.83754136802176049, -328.1931547793273580 ) ) ;
#1039 = CARTESIAN_POINT ( 'NONE',  ( 14.77683645856264860, 29.54289786849340160, 466.7211743237411383 ) ) ;
#1040 = CARTESIAN_POINT ( 'NONE',  ( -800.0000000000002274, 28.83302432184767738, 209.6851584081997260 ) ) ;
#1041 = B_SPLINE_CURVE_WITH_KNOTS ( 'NONE', 3,
 ( #1200, #2995, #4722, #788, #305, #3780, #2536, #354, #4292, #5544, #5187, #2106, #3857, #2485, #4644, #1247, #4747, #4240, #2055, #812, #2560, #5573, #710, #1626, #5213, #3883, #2133, #5651, #1705, #3455, #1588, #2878 ),
 .UNSPECIFIED., .F., .F.,
 ( 4, 2, 2, 2, 2, 2, 2, 2, 2, 2, 2, 2, 2, 2, 2, 4 ),
 ( 0.000000000000000000, 0.02604012275506985274, 0.05208024551013970549, 0.07812036826520955823, 0.1041604910202794110, 0.1171805523978143165, 0.1302006137753492498, 0.1562407365304191165, 0.1692607979079539804, 0.1822808592854888721, 0.1953009206630237360, 0.2018109513517911680, 0.2050659666961749117, 0.2066934743683667697, 0.2075072282044626848, 0.2083209820405586277 ),
 .UNSPECIFIED. ) ;
#1042 = CARTESIAN_POINT ( 'NONE',  ( 225.0000000000000853, 32.20443091162152882, -373.5484725503573600 ) ) ;
#1043 = ORIENTED_EDGE ( 'NONE', *, *, #1535, .F. ) ;
#1044 = CARTESIAN_POINT ( 'NONE',  ( -83.41061016287184771, 24.58247493297890074, 232.7132548308615014 ) ) ;
#1045 = CARTESIAN_POINT ( 'NONE',  ( 0.000000000000000000, 182.4742510694330804, -414.3975106221485589 ) ) ;
#1046 = CARTESIAN_POINT ( 'NONE',  ( -51.71692113298578874, 26.14091994154256682, 19.67029048359879084 ) ) ;
#1047 = CARTESIAN_POINT ( 'NONE',  ( -215.3611672996779873, 36.47944508407987030, -399.2011488383307096 ) ) ;
#1048 = ORIENTED_EDGE ( 'NONE', *, *, #1334, .T. ) ;
#1049 = CARTESIAN_POINT ( 'NONE',  ( 3.388131789017200393E-19, 29.14992498146921918, 233.6492908699229361 ) ) ;
#1050 = CARTESIAN_POINT ( 'NONE',  ( -80.99317309416224475, 27.24367948607812195, 234.1045907275181150 ) ) ;
#1051 = CARTESIAN_POINT ( 'NONE',  ( -211.8528428711235279, 35.66921820647973362, -304.6900652013718513 ) ) ;
#1052 = CARTESIAN_POINT ( 'NONE',  ( 40.60294751719766282, 26.84350238698157298, 36.95597718956548761 ) ) ;
#1053 = CARTESIAN_POINT ( 'NONE',  ( -209.1242115183868862, 27.70981993494588735, -351.6494060379021676 ) ) ;
#1054 = CIRCLE ( 'NONE', #2062, 9.750000000000000000 ) ;
#1055 = CARTESIAN_POINT ( 'NONE',  ( -213.8668627422434554, 36.31893365575692201, -303.0107346815835285 ) ) ;
#1056 = CARTESIAN_POINT ( 'NONE',  ( 41.54012942131205222, 12.31073803398479605, 20.34619768317394417 ) ) ;
#1057 = CARTESIAN_POINT ( 'NONE',  ( -42.52508202481470789, 47.70533510016544199, 402.2845281192506945 ) ) ;
#1058 = CARTESIAN_POINT ( 'NONE',  ( -47.25209731368232724, 43.35622542723307760, 134.2393586334431745 ) ) ;
#1059 = CARTESIAN_POINT ( 'NONE',  ( -39.36011955395181872, 23.29739578514284304, -0.5937986120689477954 ) ) ;
#1060 = CARTESIAN_POINT ( 'NONE',  ( 225.0000000000000853, 37.68326251236462099, -340.3071367861119256 ) ) ;
#1061 = CARTESIAN_POINT ( 'NONE',  ( 80.15675621453661392, 27.37606048963700900, 234.0600051879381738 ) ) ;
#1062 = CARTESIAN_POINT ( 'NONE',  ( 800.0000000000000000, 24.69668979363159522, 162.2045157295700051 ) ) ;
#1063 = CARTESIAN_POINT ( 'NONE',  ( -17.34703713566502969, -66.44688934846526251, 106.1228587318994272 ) ) ;
#1064 = CARTESIAN_POINT ( 'NONE',  ( 225.0000000000000000, 24.34287066045268233, -291.0527924030765234 ) ) ;
#1065 = CARTESIAN_POINT ( 'NONE',  ( 225.0000000000000284, 17.31339067431577305, -352.1349898128901827 ) ) ;
#1066 = EDGE_CURVE ( 'NONE', #5000, #2050, #71, .T. ) ;
#1067 = DIRECTION ( 'NONE',  ( 0.000000000000000000, 0.000000000000000000, -1.000000000000000000 ) ) ;
#1068 = EDGE_LOOP ( 'NONE', ( #1048, #1871, #4021, #2970 ) ) ;
#1069 = CARTESIAN_POINT ( 'NONE',  ( -218.8853026757888927, 40.78235879701461641, -322.5344881015660690 ) ) ;
#1070 = CARTESIAN_POINT ( 'NONE',  ( 18.24033355265543932, 8.228907198055116723, 498.0555349261633182 ) ) ;
#1071 = CARTESIAN_POINT ( 'NONE',  ( -216.0943051301346713, 39.52097400091032853, -312.2679953746350066 ) ) ;
#1072 = CARTESIAN_POINT ( 'NONE',  ( 225.0000000000000284, 31.89010171328161292, -375.5387875932096335 ) ) ;
#1073 = CARTESIAN_POINT ( 'NONE',  ( -66.54157828717923451, 16.88661594893370577, 184.1824121992216590 ) ) ;
#1074 = CARTESIAN_POINT ( 'NONE',  ( -224.9999999999999716, 33.62957271917406388, -308.0590260570313035 ) ) ;
#1075 = CARTESIAN_POINT ( 'NONE',  ( -21.38915211710013153, 15.44624031257607477, -70.41643508612182245 ) ) ;
#1076 = CARTESIAN_POINT ( 'NONE',  ( -214.1682299087247543, 33.40492802683451856, -399.8379175415418558 ) ) ;
#1077 = ORIENTED_EDGE ( 'NONE', *, *, #387, .F. ) ;
#1078 = CARTESIAN_POINT ( 'NONE',  ( 0.000000000000000000, 22.61546269278733590, 55.42859832585345004 ) ) ;
#1079 = CARTESIAN_POINT ( 'NONE',  ( -83.25702998193435178, 25.83186586626164427, 234.1001438041381846 ) ) ;
#1080 = CARTESIAN_POINT ( 'NONE',  ( -211.7405644037642105, 33.36711556976852933, -306.3425249968140633 ) ) ;
#1081 = CARTESIAN_POINT ( 'NONE',  ( 9.078166350095365544, 16.30464246505006187, -107.0647564636130227 ) ) ;
#1082 = CARTESIAN_POINT ( 'NONE',  ( -209.2578128671094362, 27.40145898547468306, -334.7978306758901681 ) ) ;
#1083 = CARTESIAN_POINT ( 'NONE',  ( -216.0422838717998104, 38.29433250236069597, -391.6910791510837839 ) ) ;
#1084 = CARTESIAN_POINT ( 'NONE',  ( 32.18870469598434880, 30.69954171416361532, -56.89160667457093723 ) ) ;
#1085 = CARTESIAN_POINT ( 'NONE',  ( 10.14874065567960315, 63.35789830906765729, 106.1228587318994130 ) ) ;
#1086 = DIRECTION ( 'NONE',  ( -1.000000000000000000, -3.469446951953617344E-15, 0.000000000000000000 ) ) ;
#1087 = CIRCLE ( 'NONE', #3741, 10.00000000000000000 ) ;
#1088 = CARTESIAN_POINT ( 'NONE',  ( 20.84992865909023152, -0.5868273653194683304, 498.0555349261633182 ) ) ;
#1089 = CARTESIAN_POINT ( 'NONE',  ( 77.73646138049225840, 28.31243337572860241, 233.2013123861060535 ) ) ;
#1090 = CARTESIAN_POINT ( 'NONE',  ( -34.82847171143126985, 30.14169387502101927, 37.74677932384640400 ) ) ;
#1091 = CARTESIAN_POINT ( 'NONE',  ( -2.574669578943843185, -33.03868397147968494, -46.53904117984412636 ) ) ;
#1092 = CARTESIAN_POINT ( 'NONE',  ( 224.9999999999999716, 38.83775913167228566, -336.6617268782250676 ) ) ;
#1093 = CARTESIAN_POINT ( 'NONE',  ( 225.0000000000000284, 20.04432478421409414, -367.7171540938965677 ) ) ;
#1094 = CARTESIAN_POINT ( 'NONE',  ( -63.05708022513406519, 5.659318838463416768, 155.7594618390787957 ) ) ;
#1095 = CARTESIAN_POINT ( 'NONE',  ( -218.6713121114609066, 39.87481130469712554, -314.3674845093804606 ) ) ;
#1096 = ADVANCED_FACE ( 'NONE', ( #3075 ), #3422, .T. ) ;
#1097 = CARTESIAN_POINT ( 'NONE',  ( -210.9249954389574953, 31.45480138063385667, -389.7147859101744984 ) ) ;
#1098 = CARTESIAN_POINT ( 'NONE',  ( 43.13858354257488514, -68.04341380743898071, 294.0012731391497027 ) ) ;
#1099 = CARTESIAN_POINT ( 'NONE',  ( 225.0000000000000284, 23.77355731043103404, -298.7400963469445401 ) ) ;
#1100 = CARTESIAN_POINT ( 'NONE',  ( 225.0000000000000284, 30.78517508385695933, -382.2924543570527476 ) ) ;
#1101 = CARTESIAN_POINT ( 'NONE',  ( -214.0477612257858198, 34.96281981401581618, -399.9758457944916472 ) ) ;
#1102 = B_SPLINE_CURVE_WITH_KNOTS ( 'NONE', 3,
 ( #4863, #5243, #3601, #4373, #3514, #3542, #1417, #1388, #931, #2646 ),
 .UNSPECIFIED., .F., .F.,
 ( 4, 2, 2, 2, 4 ),
 ( 0.000000000000000000, 0.1387314619109215330, 0.2774629238218430660, 0.4161943857327644047, 0.5549258476436857990 ),
 .UNSPECIFIED. ) ;
#1103 = COLOUR_RGB ( '',0.7921568627450980005, 0.8196078431372548767, 0.9333333333333333481 ) ;
#1104 = CARTESIAN_POINT ( 'NONE',  ( -35.83791138166386503, 31.91217289278818470, 49.86621431951389383 ) ) ;
#1105 = PRESENTATION_STYLE_ASSIGNMENT (( #2850 ) ) ;
#1106 = CARTESIAN_POINT ( 'NONE',  ( -9.491035199311525616, 15.54395752266666797, -109.3741569614663263 ) ) ;
#1107 = CARTESIAN_POINT ( 'NONE',  ( -213.8225546595885476, 35.24006997715689238, -400.0011214195382081 ) ) ;
#1108 = ORIENTED_EDGE ( 'NONE', *, *, #881, .F. ) ;
#1109 = CARTESIAN_POINT ( 'NONE',  ( 56.76170366216456387, 7.225130770242065736, 107.1764022856650911 ) ) ;
#1110 = CARTESIAN_POINT ( 'NONE',  ( -28.41846499183660413, 20.43810124654413229, -38.00170656768521837 ) ) ;
#1111 = CARTESIAN_POINT ( 'NONE',  ( -210.7149614430992415, 30.98701444020555584, -313.1423184532788468 ) ) ;
#1112 = CARTESIAN_POINT ( 'NONE',  ( 73.03609062524068918, 15.81681915693992835, 240.8251085606334243 ) ) ;
#1113 = CARTESIAN_POINT ( 'NONE',  ( -209.1958367450820901, 27.14360801944216917, -345.3116827748665401 ) ) ;
#1114 = CARTESIAN_POINT ( 'NONE',  ( -218.6805838060265614, 39.87084214579181918, -314.4458494101907604 ) ) ;
#1115 = CARTESIAN_POINT ( 'NONE',  ( 36.42253943799287441, 25.72397085164082142, 23.32207289573851128 ) ) ;
#1116 = CARTESIAN_POINT ( 'NONE',  ( -13.84925393998420340, 62.08714936867636425, 106.1228587318996830 ) ) ;
#1117 = CARTESIAN_POINT ( 'NONE',  ( -43.79187059705498086, 32.44322893461499291, 70.13224360810514213 ) ) ;
#1118 = CARTESIAN_POINT ( 'NONE',  ( 36.48066710526393308, -16.45781439611025476, 466.7211743237411383 ) ) ;
#1119 = AXIS2_PLACEMENT_3D ( 'NONE', #431, #3853, #835 ) ;
#1120 = ADVANCED_FACE ( 'NONE', ( #4340 ), #2155, .T. ) ;
#1121 = CARTESIAN_POINT ( 'NONE',  ( 58.04228750907054746, 45.19257849132808502, 205.3745881294532580 ) ) ;
#1122 = AXIS2_PLACEMENT_3D ( 'NONE', #5097, #2912, #4262 ) ;
#1123 = CARTESIAN_POINT ( 'NONE',  ( -52.11772038651804451, 45.09318414801126096, 160.7976088433517248 ) ) ;
#1124 = CARTESIAN_POINT ( 'NONE',  ( 47.21507882817190449, 42.82081168872602461, 402.2845281192504672 ) ) ;
#1125 = CARTESIAN_POINT ( 'NONE',  ( 0.000000000000000000, 204.0668985700804683, -437.7956945725627520 ) ) ;
#1126 = CARTESIAN_POINT ( 'NONE',  ( 225.0000000000000568, 19.94602645855480816, -367.1015690526029971 ) ) ;
#1127 = CARTESIAN_POINT ( 'NONE',  ( -67.02879790710504437, 6.638927938151916841, 185.2130940375301407 ) ) ;
#1128 = CARTESIAN_POINT ( 'NONE',  ( 54.99999999172857201, -40.68173504817695374, 438.0555349262138520 ) ) ;
#1129 = DIRECTION ( 'NONE',  ( 0.000000000000000000, 0.000000000000000000, 1.000000000000000000 ) ) ;
#1130 = CARTESIAN_POINT ( 'NONE',  ( 66.23028444647444246, -51.00689693966286598, 294.0012731391507259 ) ) ;
#1131 = CARTESIAN_POINT ( 'NONE',  ( 225.0000000000000568, 22.46946049856299510, -300.8184804405525483 ) ) ;
#1132 = CARTESIAN_POINT ( 'NONE',  ( 225.0000000000000000, 33.81242957397462590, -363.4816075565028655 ) ) ;
#1133 = CARTESIAN_POINT ( 'NONE',  ( -213.3380235290136397, 34.91302908920900450, -400.0037380812747756 ) ) ;
#1134 = CARTESIAN_POINT ( 'NONE',  ( -73.70380737567634810, 16.16204007787249353, 160.9671378396571413 ) ) ;
#1135 = CARTESIAN_POINT ( 'NONE',  ( 0.000000000000000000, 183.4551897322243121, -410.4356226108509986 ) ) ;
#1136 = CARTESIAN_POINT ( 'NONE',  ( 1.608598114227529186, 32.15745114919405268, -86.75960646862787939 ) ) ;
#1137 = CARTESIAN_POINT ( 'NONE',  ( -215.1477600883873436, 34.27595259296401053, -399.9175210916047263 ) ) ;
#1138 = ORIENTED_EDGE ( 'NONE', *, *, #3018, .F. ) ;
#1139 = CARTESIAN_POINT ( 'NONE',  ( -800.0000000000000000, 28.34244247031788788, 97.73208133257907093 ) ) ;
#1140 = CARTESIAN_POINT ( 'NONE',  ( -71.58363570468181081, 24.39263694829693563, 233.4944193417637734 ) ) ;
#1141 = CARTESIAN_POINT ( 'NONE',  ( -211.7763659072148243, 33.34343458981001618, -304.0154226427451363 ) ) ;
#1142 = DIRECTION ( 'NONE',  ( 0.000000000000000000, 0.000000000000000000, -1.000000000000000000 ) ) ;
#1143 = CARTESIAN_POINT ( 'NONE',  ( 78.28782928662069196, 28.14088881127739938, 233.4673615606986914 ) ) ;
#1144 = CARTESIAN_POINT ( 'NONE',  ( -218.2150719312324156, 39.64234799251530461, -370.3216577387128154 ) ) ;
#1145 = CARTESIAN_POINT ( 'NONE',  ( 50.63306934258194048, 26.10879973318182934, 19.97112974579378175 ) ) ;
#1146 = CARTESIAN_POINT ( 'NONE',  ( -55.97269157194588729, -25.07760643865521999, 402.2845281192506945 ) ) ;
#1147 = CARTESIAN_POINT ( 'NONE',  ( -77.80255288294807769, 28.58350138589136691, 232.6905405315641531 ) ) ;
#1148 = CARTESIAN_POINT ( 'NONE',  ( -4.671822368103948797, -29.54289786849346910, 466.7211743237411383 ) ) ;
#1149 = CARTESIAN_POINT ( 'NONE',  ( 54.58746727648825470, 43.94511477139882061, 182.5766554574255451 ) ) ;
#1150 = CARTESIAN_POINT ( 'NONE',  ( -42.86228096565108103, 47.81751625775638104, 151.1798557768850344 ) ) ;
#1151 = CARTESIAN_POINT ( 'NONE',  ( 37.78245493386097564, -54.70991325449178078, 106.1228587318997967 ) ) ;
#1152 = CARTESIAN_POINT ( 'NONE',  ( 75.98309983216300623, 16.91269185306102329, 182.7706152100694226 ) ) ;
#1153 = CARTESIAN_POINT ( 'NONE',  ( 225.0000000000000284, 19.86324703476101305, -366.5862198057945420 ) ) ;
#1154 = CARTESIAN_POINT ( 'NONE',  ( 14.97992204346043188, -1.184573238902240755, -124.9949820965278207 ) ) ;
#1155 = CARTESIAN_POINT ( 'NONE',  ( -217.5579236139245722, 39.29300253438454860, -376.8123316305241133 ) ) ;
#1156 = CARTESIAN_POINT ( 'NONE',  ( -7.291332429509921553, 15.38733218613124798, -115.1931899487391604 ) ) ;
#1157 = CARTESIAN_POINT ( 'NONE',  ( 20.34467852362919871, -41.24719924037618313, 438.0555349262136815 ) ) ;
#1158 = CARTESIAN_POINT ( 'NONE',  ( 225.0000000000000568, 18.25938855730548127, -312.4201374249172432 ) ) ;
#1159 = CARTESIAN_POINT ( 'NONE',  ( 225.0000000000000000, 33.34654206104339380, -366.3295480500616463 ) ) ;
#1160 =( NAMED_UNIT ( * ) SI_UNIT ( $, .STERADIAN. ) SOLID_ANGLE_UNIT ( ) );
#1161 = DIRECTION ( 'NONE',  ( -0.000000000000000000, -0.000000000000000000, -1.000000000000000000 ) ) ;
#1162 = CARTESIAN_POINT ( 'NONE',  ( -43.21475632389659438, 24.14068877223502696, 44.68400661575830668 ) ) ;
#1163 = CARTESIAN_POINT ( 'NONE',  ( -216.6387520923090904, 39.83424366091701785, -313.9399220824727763 ) ) ;
#1164 = CARTESIAN_POINT ( 'NONE',  ( -11.26384000255506024, 15.62821571022209000, -104.2324890259437922 ) ) ;
#1165 = CARTESIAN_POINT ( 'NONE',  ( -214.0079027923990793, 35.01022144437665418, -399.9819597191100797 ) ) ;
#1166 = ORIENTED_EDGE ( 'NONE', *, *, #1066, .F. ) ;
#1167 = CARTESIAN_POINT ( 'NONE',  ( -960.0000000000000000, 22.94006194846675228, 220.3910290147875060 ) ) ;
#1168 = CARTESIAN_POINT ( 'NONE',  ( -83.58155451717999540, 25.42501296945155786, 233.8934340531909299 ) ) ;
#1169 = CARTESIAN_POINT ( 'NONE',  ( -211.5507826343116733, 35.33017864739093739, -304.9811575766557326 ) ) ;
#1170 = CARTESIAN_POINT ( 'NONE',  ( 77.73646138049485899, 28.31243337572855978, 233.2013123861060251 ) ) ;
#1171 = CARTESIAN_POINT ( 'NONE',  ( 81.99016521091783716, 26.24301979762670811, 234.2177961510677733 ) ) ;
#1172 = EDGE_CURVE ( 'NONE', #4610, #493, #3907, .T. ) ;
#1173 = CARTESIAN_POINT ( 'NONE',  ( -213.0000000000505338, 26.26107159832745452, -397.0000000000000000 ) ) ;
#1174 = CARTESIAN_POINT ( 'NONE',  ( 14.06525176805774358, 33.90350233779999911, -111.5612611798157872 ) ) ;
#1175 = CARTESIAN_POINT ( 'NONE',  ( -84.79355824113413576, 54.11319895648482969, 294.0012731391488501 ) ) ;
#1176 = CARTESIAN_POINT ( 'NONE',  ( -214.0724879631124509, 39.28372419611159927, -397.0000000000000000 ) ) ;
#1177 = CARTESIAN_POINT ( 'NONE',  ( -15.80707981069517842, -3.917520964059482136, 498.0555349261633182 ) ) ;
#1178 = CARTESIAN_POINT ( 'NONE',  ( 64.19216305781006326, 36.61036167288548882, 214.8099745368807021 ) ) ;
#1179 = B_SPLINE_CURVE_WITH_KNOTS ( 'NONE', 3,
 ( #4692, #2017, #3771, #3423, #4718, #1591, #729, #2048, #5536, #2557, #1676, #4665, #2477, #5564, #1620, #3368, #5184, #5127, #1194, #759, #326, #785, #2156, #22, #520, #865, #2182, #5293, #1354, #5702, #5266, #3045, #491, #4397, #404, #4342, #2213, #2674, #953, #838, #3105, #4888, #4858, #1325, #1383, #4368, #84, #5675, #52, #4800, #894, #3537, #462, #3908, #2613, #3965, #1784, #924, #4828, #3017, #1841, #2585, #4427, #432, #2241, #3137, #3996, #1813, #3566, #1729, #2702, #3479, #2641, #5323, #4456, #3597, #3938, #2268, #3509, #4024, #5236, #1299, #3076, #1270, #1755, #4772, #3276, #1100, #1958, #2731, #3163, #5380, #177, #3685, #1011, #5442, #4574, #1501, #4486, #1440, #1928, #2846, #3248, #4913, #1985, #3190, #2355, #4115, #5004, #1072, #4945, #1469, #2757, #5351, #3219, #548, #234, #206, #2818, #4055, #4513, #579, #1042, #4603, #639, #610, #1897, #1870, #2386, #3711, #5469, #3625, #669, #4144, #1529, #2325, #2296, #5031, #2414, #4085, #146, #4172, #3654, #5410, #1413, #4975, #982, #4545, #117, #2788, #4200, #2014, #5123, #783, #3335, #1674, #3826, #3797, #3850, #1159, #2554, #5533, #265, #5590, #1642, #1616, #2877, #5618, #1132, #2966, #2073, #726, #3392, #321, #4739, #3307, #2530, #4257, #1586, #5153, #805, #1219, #5091, #2908, #372, #5561, #4632, #4308, #4284, #4715, #2444, #4661, #2473, #3739, #3420, #347, #5181, #1242, #4228, #5500, #2989, #2099, #3768, #1556, #5063, #699, #294, #2045, #2503, #3363, #1189, #2936, #4688, #755, #859, #427, #3903, #1348, #5260, #1265, #5206, #2581, #399, #3503, #4852, #1725, #47, #2207, #2178, #2235, #5231, #1030, #831, #919, #5671, #1750, #4391, #1320, #3013, #3474, #3070, #455, #4795, #16, #3960, #3131, #1698, #2665, #2636, #1293, #1779, #4963, #3532, #3100, #4422, #1379, #2776, #3448, #4823, #3040, #888, #5289, #4533, #4336, #2126, #1807, #2608, #4363, #3561, #486, #3932, #3877, #2152, #5697, #3990, #5318, #5644, #4767, #4104, #4991, #1060, #165, #2806, #599, #2343, #3673, #1916, #3238, #5429, #1488, #1672, #397, #5229, #2150, #3390, #345, #2579, #2606, #4334, #2987, #2528, #3848, #3011, #4765, #829, #3901, #5616, #2124, #4713, #425, #780, #1695, #5669, #4793, #2634, #3418, #3446, #2552, #3038, #1559, #857, #5179, #4361, #3501, #2176, #3068, #1291, #4821, #3930, #1987, #886, #1723, #5695, #5258, #1748, #370, #5204, #3472, #4282, #3742, #1318, #236, #4737, #2097, #5503, #1240, #1263, #5151, #803, #1217, #2964, #4306, #3875, #5642, #5316, #111, #2662, #5345, #3530, #138, #4420, #1034, #4077, #1864, #572, #2318, #484, #4968, #3647, #4937, #2233 ),
 .UNSPECIFIED., .F., .F.,
 ( 4, 2, 2, 1, 2, 2, 1, 2, 2, 1, 2, 2, 1, 2, 2, 1, 2, 2, 1, 2, 2, 2, 2, 2, 2, 2, 2, 2, 2, 1, 2, 2, 1, 2, 2, 1, 2, 2, 1, 2, 2, 1, 2, 2, 1, 2, 2, 1, 2, 2, 1, 2, 2, 1, 1, 1, 2, 2, 1, 1, 1, 1, 2, 2, 1, 1, 1, 1, 2, 2, 1, 1, 1, 2, 2, 1, 2, 2, 1, 1, 2, 2, 1, 1, 1, 2, 2, 1, 1, 1, 2, 2, 1, 1, 1, 2, 2, 1, 1, 1, 1, 2, 2, 1, 1, 2, 2, 1, 2, 2, 2, 2, 2, 2, 1, 1, 1, 2, 2, 1, 1, 1, 1, 2, 2, 1, 1, 1, 2, 2, 1, 1, 1, 2, 2, 1, 1, 1, 2, 2, 1, 1, 1, 2, 2, 1, 1, 1, 1, 1, 2, 2, 1, 1, 1, 2, 2, 1, 1, 1, 1, 2, 2, 1, 1, 2, 2, 1, 2, 2, 1, 2, 2, 1, 2, 2, 1, 2, 2, 1, 2, 2, 1, 2, 2, 1, 2, 2, 1, 2, 2, 1, 2, 2, 1, 2, 2, 1, 2, 2, 1, 2, 2, 1, 2, 2, 1, 2, 2, 2, 2, 2, 2, 2, 2, 2, 2, 2, 2, 1, 2, 2, 1, 2, 2, 1, 2, 2, 1, 2, 2, 1, 2, 2, 4 ),
 ( 0.9242634393194611997, 0.9281697800572951129, 0.9301229504262121806, 0.9320761207951291372, 0.9359824615329622732, 0.9379356319018784527, 0.9398888022707946321, 0.9437951430086271021, 0.9457483133775432815, 0.9477014837464594610, 0.9516078244842909317, 0.9535609948532066671, 0.9555141652221224025, 0.9594205059599548724, 0.9613736763288717180, 0.9633268466977884525, 0.9672331874356221437, 0.9691863578045394334, 0.9711395281734569451, 0.9750458689112917465, 0.9789522096491265479, 0.9867648911247961507, 1.002390254076137355, 1.018015617027478337, 1.025828298503148828, 1.029734639240984295, 1.033640979978819541, 1.037547320716654786, 1.039500491085572298, 1.041453661454490032, 1.045360002192325277, 1.047313172561243011, 1.049266342930160523, 1.053172683667994880, 1.055125854036912170, 1.057079024405829237, 1.060985365143664483, 1.062938535512581772, 1.064891705881498840, 1.068798046619332531, 1.070751216988249377, 1.072704387357166222, 1.076610728094999025, 1.078563898463915427, 1.080517068832831828, 1.084423409570664187, 1.086376579939580589, 1.088329750308496990, 1.092236091046329793, 1.094189261415245751, 1.096142431784161930, 1.100048772521993401, 1.102001942890909136, 1.103955113259824872, 1.107861453997655898, 1.108838039182113544, 1.109326331774342478, 1.109570478070456945, 1.109814624366571190, 1.111767794735482928, 1.115674135473305739, 1.116650720657761164, 1.117139013249988988, 1.117383159546102789, 1.117627305842216812, 1.119580476211131215, 1.123486816948959799, 1.124463402133416778, 1.124951694725645268, 1.125195841021759513, 1.125439987317873980, 1.127393157686787273, 1.127881450279015763, 1.128125596575130007, 1.128369742871244252, 1.129346328055700122, 1.131299498424612304, 1.133252668793524265, 1.135205839162436448, 1.136182424346892317, 1.136670716939120140, 1.136914863235233941, 1.137159009531347964, 1.139112179900257704, 1.140088765084712685, 1.140577057676939843, 1.140821203973053866, 1.141065350269167666, 1.143018520638077851, 1.143995105822533054, 1.144483398414760655, 1.144727544710874012, 1.144971691006987591, 1.146924861375895777, 1.147901446560350314, 1.148389739152577249, 1.148633885448690828, 1.148878031744804629, 1.150831202113715479, 1.154737542851537402, 1.155714128035992827, 1.156202420628220651, 1.156446566924334896, 1.156690713220449140, 1.158643883589364432, 1.162550224327195458, 1.164503394696110528, 1.166456565065025597, 1.170362905802855291, 1.172316076171769694, 1.174269246540684097, 1.176222416909598723, 1.178175587278513348, 1.180128757647427751, 1.182081928016342154, 1.185988268754171182, 1.186964853938627940, 1.187453146530856429, 1.187697292826971118, 1.187941439123085585, 1.189894609492003763, 1.193800950229840563, 1.194777535414300207, 1.195265828006529807, 1.195509974302644940, 1.195754120598760073, 1.197707290967685578, 1.198683876152148775, 1.199172168744380151, 1.199416315040495951, 1.199660461336611750, 1.201613631705542140, 1.202590216890007113, 1.203078509482239822, 1.203322655778356509, 1.203566802074472974, 1.205519972443403365, 1.206496557627868782, 1.206984850220101491, 1.207228996516218178, 1.207473142812334865, 1.209426313181267476, 1.210402898365734448, 1.210891190957967822, 1.210952227531998382, 1.211013264106028942, 1.211135337254090061, 1.211379483550212521, 1.213332653919194648, 1.214309239103685822, 1.214797531695930966, 1.215041677992053426, 1.215285824288176109, 1.217238994657152684, 1.218215579841641194, 1.218703872433885449, 1.218948018730007021, 1.219192165026128816, 1.221145335395103615, 1.225051676133052769, 1.226028261317539725, 1.226516553909783314, 1.226760700205905108, 1.227004846502026902, 1.228958016871001924, 1.232864357608951744, 1.234817527977926765, 1.236770698346901787, 1.240677039084851607, 1.242630209453826851, 1.244583379822801650, 1.248489720560750804, 1.250442890929725381, 1.252396061298699959, 1.256302402036648891, 1.258255572405623912, 1.260208742774598933, 1.264115083512549642, 1.266068253881525552, 1.268021424250501461, 1.271927764988453280, 1.273880935357429411, 1.275834105726405765, 1.279740446464359138, 1.281693616833335492, 1.283646787202311845, 1.287553127940265218, 1.289506298309242460, 1.291459468678219702, 1.295365809416173075, 1.297318979785149429, 1.299272150154125782, 1.303178490892078489, 1.305131661261055065, 1.307084831630031863, 1.310991172367984570, 1.312944342736960479, 1.314897513105936167, 1.318803853843887985, 1.320757024212863895, 1.322710194581839804, 1.326616535319791623, 1.328569705688767311, 1.330522876057743220, 1.334429216795695039, 1.336382387164670504, 1.338335557533645970, 1.342241898271596900, 1.346148239009547831, 1.350054579747498762, 1.353960920485449693, 1.357867261223400623, 1.361773601961351332, 1.365679942699302263, 1.369586283437253194, 1.373492624175204124, 1.377398964913155055, 1.381305305651105986, 1.383258476020081451, 1.385211646389056916, 1.389117987127007847, 1.391071157495983757, 1.393024327864959444, 1.396930668602911041, 1.398883838971886728, 1.400837009340862416, 1.404743350078814013, 1.406696520447790144, 1.408649690816766276, 1.412556031554718539, 1.414509201923694448, 1.416462372292670580, 1.420368713030623287, 1.422321883399599862, 1.424275053768576216 ),
 .UNSPECIFIED. ) ;
#1180 = CARTESIAN_POINT ( 'NONE',  ( -39.75524183844635928, 32.85545043151250155, 72.11136364466746329 ) ) ;
#1181 = CARTESIAN_POINT ( 'NONE',  ( 57.68388243402892357, -37.32356656699975872, 106.1228587318999388 ) ) ;
#1182 = CARTESIAN_POINT ( 'NONE',  ( 225.0000000000000284, 23.29315753747297535, -387.3029364665840149 ) ) ;
#1183 = CARTESIAN_POINT ( 'NONE',  ( 225.0000000000000284, 18.98153094449012812, -361.2768872525659276 ) ) ;
#1184 = CARTESIAN_POINT ( 'NONE',  ( 49.84420229814431735, 101.1003726989694940, 294.0012731391500438 ) ) ;
#1185 = CARTESIAN_POINT ( 'NONE',  ( -216.5555337934744955, 38.66070609042733963, -386.9313876838923534 ) ) ;
#1186 = CARTESIAN_POINT ( 'NONE',  ( -210.0050776122664047, 26.73933650435465381, -356.8099987588706767 ) ) ;
#1187 = CARTESIAN_POINT ( 'NONE',  ( -2.713547648766458931, -14.77914877816127692, -124.9949820965277212 ) ) ;
#1188 = CARTESIAN_POINT ( 'NONE',  ( 225.0000000000000000, 20.37397884035009810, -305.6251779799310384 ) ) ;
#1189 = CARTESIAN_POINT ( 'NONE',  ( 224.9999999999999716, 35.35067311626097109, -354.8469432767510057 ) ) ;
#1190 = CARTESIAN_POINT ( 'NONE',  ( -9.750000000000000000, 1.194030629168669469E-15, -144.9949820965277922 ) ) ;
#1191 = CARTESIAN_POINT ( 'NONE',  ( -212.4467822821487744, 35.17661108451815011, -399.7749025786397965 ) ) ;
#1192 = EDGE_CURVE ( 'NONE', #3077, #4825, #1475, .T. ) ;
#1193 = CARTESIAN_POINT ( 'NONE',  ( -61.32240691804271648, 21.71096924371400760, 72.23025100965088541 ) ) ;
#1194 = CARTESIAN_POINT ( 'NONE',  ( 225.0000000000000853, 24.50745000798423590, -392.7115296662711899 ) ) ;
#1195 = CARTESIAN_POINT ( 'NONE',  ( -212.5533377551263357, 35.15534365083092183, -399.8375425224004402 ) ) ;
#1196 = ORIENTED_EDGE ( 'NONE', *, *, #5414, .F. ) ;
#1197 = DIRECTION ( 'NONE',  ( 0.000000000000000000, 0.000000000000000000, -1.000000000000000000 ) ) ;
#1198 = CARTESIAN_POINT ( 'NONE',  ( -213.5122724317564860, 37.58391267433113825, -305.8499402583642564 ) ) ;
#1199 = CARTESIAN_POINT ( 'NONE',  ( 72.80777153679053981, 20.36876091797780219, 244.6126474550324588 ) ) ;
#1200 = CARTESIAN_POINT ( 'NONE',  ( -53.35839081626712499, 25.59621291085324302, 28.02342633788048687 ) ) ;
#1201 = CARTESIAN_POINT ( 'NONE',  ( -3.564164040420198631, 32.34339876254951207, -90.10900987675154283 ) ) ;
#1202 = CARTESIAN_POINT ( 'NONE',  ( -9.784826958848153566, 29.83709053648702536, -46.53904117984419742 ) ) ;
#1203 = CARTESIAN_POINT ( 'NONE',  ( -1.694065894508600678E-18, 45.80324464890299652, 163.4210415695824281 ) ) ;
#1204 = CARTESIAN_POINT ( 'NONE',  ( 291.7586691681539151, 26.69808166474345157, 230.6753628273268930 ) ) ;
#1205 = CARTESIAN_POINT ( 'NONE',  ( -211.2735414328257662, 32.50327480401947611, -386.6225745496712420 ) ) ;
#1206 = CARTESIAN_POINT ( 'NONE',  ( 61.25547381478628495, 42.63753467556693977, 215.7712273032685744 ) ) ;
#1207 = AXIS2_PLACEMENT_3D ( 'NONE', #1176, #2924, #3837 ) ;
#1208 = CARTESIAN_POINT ( 'NONE',  ( -42.11288282765463009, 42.30157012037246744, 124.7090778016341091 ) ) ;
#1209 = CARTESIAN_POINT ( 'NONE',  ( 29.58028235098841563, -15.55823898868888655, -46.53904117984431821 ) ) ;
#1210 = CARTESIAN_POINT ( 'NONE',  ( 72.69084810271364461, 13.88988985085172168, 236.3973238123262490 ) ) ;
#1211 = CARTESIAN_POINT ( 'NONE',  ( 225.0000000000000853, 18.53957898558346074, -358.7765946354124935 ) ) ;
#1212 = CLOSED_SHELL ( 'NONE', ( #1956, #25, #2615, #5106, #3303, #3270 ) ) ;
#1213 = CARTESIAN_POINT ( 'NONE',  ( 15.02407159107750445, 0.3221694776553313821, -124.9949820965278633 ) ) ;
#1214 = CARTESIAN_POINT ( 'NONE',  ( -215.1165735951537670, 37.64836983449179542, -388.7485350061696749 ) ) ;
#1215 = CARTESIAN_POINT ( 'NONE',  ( -212.1463244567648871, 35.99761283079632790, -304.5611825164567108 ) ) ;
#1216 = CARTESIAN_POINT ( 'NONE',  ( -2.574669578943843185, -33.03868397147968494, -46.53904117984412636 ) ) ;
#1217 = CARTESIAN_POINT ( 'NONE',  ( 225.0000000000000284, 35.77526270834117383, -315.9048500886833040 ) ) ;
#1218 = CARTESIAN_POINT ( 'NONE',  ( 225.0000000000000000, 17.69796502805754201, -314.6223823614231492 ) ) ;
#1219 = CARTESIAN_POINT ( 'NONE',  ( 225.0000000000000284, 34.46743605245095665, -359.6777605685768435 ) ) ;
#1220 = CARTESIAN_POINT ( 'NONE',  ( -212.7703245264019074, 35.09774426628509758, -399.9120450819858661 ) ) ;
#1221 = CARTESIAN_POINT ( 'NONE',  ( -5.297884126331896487E-18, 23.59361007357746232, 232.9596657389213021 ) ) ;
#1222 = ORIENTED_EDGE ( 'NONE', *, *, #2777, .T. ) ;
#1223 = CARTESIAN_POINT ( 'NONE',  ( 71.83937771310611708, 25.33089649129212972, 245.3652715460331706 ) ) ;
#1224 = CARTESIAN_POINT ( 'NONE',  ( 82.44015981335758170, 24.57096987089515849, 232.7161217269510303 ) ) ;
#1225 = CARTESIAN_POINT ( 'NONE',  ( -7.218917456138753685, 32.54262649614241099, -94.00228697327113991 ) ) ;
#1226 = CARTESIAN_POINT ( 'NONE',  ( -23.05581250532051030, 21.23980911120682791, -46.53904117984443900 ) ) ;
#1227 = CARTESIAN_POINT ( 'NONE',  ( 960.0000000000000000, 18.60514307096248388, 57.44332189134351552 ) ) ;
#1228 = CARTESIAN_POINT ( 'NONE',  ( -960.0000000000000000, 30.81959628988884603, 213.4485911857105975 ) ) ;
#1229 = CARTESIAN_POINT ( 'NONE',  ( -211.0131223983102871, 35.29461070838691938, -398.0185646660428915 ) ) ;
#1230 = CARTESIAN_POINT ( 'NONE',  ( 34.10185820549269664, 31.24308009302713884, 44.78671750500301130 ) ) ;
#1231 = CARTESIAN_POINT ( 'NONE',  ( -35.66581241446362327, 25.09407103527369998, 20.67130316992693650 ) ) ;
#1232 = CARTESIAN_POINT ( 'NONE',  ( 55.08034513699293910, -0.7260872326187582937, 438.0555349262136815 ) ) ;
#1233 = DIRECTION ( 'NONE',  ( 0.000000000000000000, 0.000000000000000000, -1.000000000000000000 ) ) ;
#1234 = CARTESIAN_POINT ( 'NONE',  ( 225.0000000000000853, 20.79734854789478860, -372.4887786259336622 ) ) ;
#1235 = CARTESIAN_POINT ( 'NONE',  ( 25.79995927864073835, 16.40939359835056521, -46.53904117984439637 ) ) ;
#1236 = CARTESIAN_POINT ( 'NONE',  ( 20.23487410664404251, 22.50043285437773832, -46.80069964289543805 ) ) ;
#1237 = CARTESIAN_POINT ( 'NONE',  ( -214.1145615241521796, 38.14269315014357176, -307.0207282453174571 ) ) ;
#1238 = ADVANCED_FACE ( 'NONE', ( #3937 ), #976, .T. ) ;
#1239 = CARTESIAN_POINT ( 'NONE',  ( 12.72327066407247820, -29.85305086828908827, -46.53904117984429689 ) ) ;
#1240 = CARTESIAN_POINT ( 'NONE',  ( 225.0000000000000284, 36.11121897145464033, -317.4126968563847413 ) ) ;
#1241 = CARTESIAN_POINT ( 'NONE',  ( 225.0000000000000284, 15.22455618142118716, -336.8543975999635336 ) ) ;
#1242 = CARTESIAN_POINT ( 'NONE',  ( 225.0000000000000284, 35.08135690220394309, -356.2987556962473832 ) ) ;
#1243 = CARTESIAN_POINT ( 'NONE',  ( -78.60176927486935483, 28.14127871279335835, 233.4600663513195684 ) ) ;
#1244 = CARTESIAN_POINT ( 'NONE',  ( -212.8164276972903508, 37.78694634587490242, -396.5734221341141961 ) ) ;
#1245 = ORIENTED_EDGE ( 'NONE', *, *, #5237, .T. ) ;
#1246 = PLANE ( 'NONE',  #3393 ) ;
#1247 = CARTESIAN_POINT ( 'NONE',  ( -77.22725373302790786, 17.21451431508156915, 186.1547502908306626 ) ) ;
#1248 = CARTESIAN_POINT ( 'NONE',  ( -1.412791390955695947, 32.18875141652603133, -87.22084690878217828 ) ) ;
#1249 = CARTESIAN_POINT ( 'NONE',  ( -65.80714342751852541, -9.356947270668504402, 106.1228587318991998 ) ) ;
#1250 = CARTESIAN_POINT ( 'NONE',  ( 960.0000000000000000, 22.94006194846675228, 220.3910290147875060 ) ) ;
#1251 = CARTESIAN_POINT ( 'NONE',  ( -9.750000000000000000, 1.194030629168669469E-15, -124.9949820965277922 ) ) ;
#1252 = ORIENTED_EDGE ( 'NONE', *, *, #2531, .T. ) ;
#1253 = CARTESIAN_POINT ( 'NONE',  ( -11.69870148486466910, 9.426120734024728165, -124.9949820965277070 ) ) ;
#1254 = CARTESIAN_POINT ( 'NONE',  ( 77.85863138884734269, 37.12954352512399225, 237.9176290742103674 ) ) ;
#1255 = CARTESIAN_POINT ( 'NONE',  ( 50.81689118022763552, 45.05585044232120140, 168.4595456516905188 ) ) ;
#1256 = CARTESIAN_POINT ( 'NONE',  ( -39.86589842001232853, 24.97473132338932800, 19.84748100969629547 ) ) ;
#1257 = CARTESIAN_POINT ( 'NONE',  ( 14.84682279039974873, -2.199903820938761356, -124.9949820965277922 ) ) ;
#1258 = CARTESIAN_POINT ( 'NONE',  ( 55.00005346955380503, -7.259509264339811252E-09, 438.0555349262137383 ) ) ;
#1259 = CARTESIAN_POINT ( 'NONE',  ( 225.0000000000505338, 26.26107159832745452, -400.0000000000000000 ) ) ;
#1260 = CARTESIAN_POINT ( 'NONE',  ( 66.01930620052196730, 1.976466577980425354, 106.1228587319000667 ) ) ;
#1261 = CARTESIAN_POINT ( 'NONE',  ( 71.06077029168415038, 24.98513264942240042, 233.7846554533001324 ) ) ;
#1262 = CARTESIAN_POINT ( 'NONE',  ( 4.655531014732589234, -14.28398379393091489, -124.9949820965277496 ) ) ;
#1263 = CARTESIAN_POINT ( 'NONE',  ( 225.0000000000000853, 36.00231361393163354, -316.9152618263469208 ) ) ;
#1264 = CARTESIAN_POINT ( 'NONE',  ( 224.9999999999999716, 15.57957612803624770, -341.1983130675828306 ) ) ;
#1265 = CARTESIAN_POINT ( 'NONE',  ( 225.0000000000000568, 35.61516032996372871, -353.4267271196722504 ) ) ;
#1266 = CARTESIAN_POINT ( 'NONE',  ( -960.0000000000000000, 34.06532568441956244, 163.4012399110793297 ) ) ;
#1267 = ADVANCED_FACE ( 'NONE', ( #4894 ), #4916, .F. ) ;
#1268 = FILL_AREA_STYLE_COLOUR ( '', #2649 ) ;
#1269 = CARTESIAN_POINT ( 'NONE',  ( -80.44231787140239476, 27.48551679830816852, 234.0028457493500582 ) ) ;
#1270 = CARTESIAN_POINT ( 'NONE',  ( 225.0000000000001137, 30.53260199950254972, -383.7467604104384122 ) ) ;
#1271 = EDGE_LOOP ( 'NONE', ( #1306, #890, #2242, #3186, #950 ) ) ;
#1272 = CARTESIAN_POINT ( 'NONE',  ( 51.20663656614041770, 25.56383465738914751, 27.48651479392831476 ) ) ;
#1273 = CARTESIAN_POINT ( 'NONE',  ( 11.53255281199485438, 15.74964610433389112, -102.4091565730722380 ) ) ;
#1274 = CARTESIAN_POINT ( 'NONE',  ( -15.74060288677922870, -51.30544023911357243, 402.2845281192504103 ) ) ;
#1275 = CARTESIAN_POINT ( 'NONE',  ( -1.694065894508600678E-18, 45.13878300764273632, 145.4242441552477487 ) ) ;
#1276 = CARTESIAN_POINT ( 'NONE',  ( 337.9742659101956406, 26.89203954326909241, 229.0635731621128173 ) ) ;
#1277 = ORIENTED_EDGE ( 'NONE', *, *, #4259, .F. ) ;
#1278 = CARTESIAN_POINT ( 'NONE',  ( -94.82415839199641994, -2.179641807510845020, 294.0012731391482248 ) ) ;
#1279 = AXIS2_PLACEMENT_3D ( 'NONE', #20, #3507, #1410 ) ;
#1280 = CARTESIAN_POINT ( 'NONE',  ( -210.6658381892069656, 35.07436541174486422, -396.5448571744348101 ) ) ;
#1281 = CARTESIAN_POINT ( 'NONE',  ( 45.29320660801553800, 40.38025320459615841, 112.7613321634651982 ) ) ;
#1282 = CARTESIAN_POINT ( 'NONE',  ( -40.70033002484239404, 25.50864262461301024, 25.80964575990256904 ) ) ;
#1283 = CARTESIAN_POINT ( 'NONE',  ( 14.66985984509897278, 3.251726543173423689, -124.9949820965277638 ) ) ;
#1284 = CARTESIAN_POINT ( 'NONE',  ( -225.0000000000505338, 26.26107159832745452, -397.0000000000000000 ) ) ;
#1285 = CARTESIAN_POINT ( 'NONE',  ( 225.0000000000000284, 21.21042881072292019, -375.1097846483742160 ) ) ;
#1286 = ADVANCED_FACE ( 'NONE', ( #4981 ), #5383, .F. ) ;
#1287 = CARTESIAN_POINT ( 'NONE',  ( 4.170192561630776673, 64.11853610883215993, 106.1228587319006209 ) ) ;
#1288 = CARTESIAN_POINT ( 'NONE',  ( 82.73711777945980828, 25.28500187262634213, 233.8065004915316649 ) ) ;
#1289 = CARTESIAN_POINT ( 'NONE',  ( 37.78245493386097564, -54.70991325449178078, 106.1228587318997967 ) ) ;
#1290 = CARTESIAN_POINT ( 'NONE',  ( -65.80714342751852541, -9.356947270668504402, 106.1228587318991998 ) ) ;
#1291 = CARTESIAN_POINT ( 'NONE',  ( 225.0000000000000853, 37.53332221556851067, -325.7456256696221431 ) ) ;
#1292 = CARTESIAN_POINT ( 'NONE',  ( 225.0000000000000853, 15.38879453300471845, -339.2688638345610457 ) ) ;
#1293 = CARTESIAN_POINT ( 'NONE',  ( 224.9999999999999716, 36.33272109256050442, -349.5155305563436059 ) ) ;
#1294 = CARTESIAN_POINT ( 'NONE',  ( 69.30688603465316078, 9.036530453945182728, 208.5325042352084211 ) ) ;
#1295 = CARTESIAN_POINT ( 'NONE',  ( -18.42555156852296960, 20.80720305644857149, -62.22881411692413423 ) ) ;
#1296 = CARTESIAN_POINT ( 'NONE',  ( -215.8671950787109779, 38.16314140783743625, -305.9504792199329586 ) ) ;
#1297 = CARTESIAN_POINT ( 'NONE',  ( 8.440103316956809820, 15.53439782975290306, -111.9844861423694482 ) ) ;
#1298 = AXIS2_PLACEMENT_3D ( 'NONE', #5355, #5326, #1360 ) ;
#1299 = CARTESIAN_POINT ( 'NONE',  ( 225.0000000000000000, 30.36479744561609451, -384.6876022510504640 ) ) ;
#1300 = ORIENTED_EDGE ( 'NONE', *, *, #4243, .T. ) ;
#1301 = CARTESIAN_POINT ( 'NONE',  ( 48.80749589062767768, 25.34043180083917690, 25.07169673400020571 ) ) ;
#1302 = CARTESIAN_POINT ( 'NONE',  ( -800.0000000000000000, 27.45385741418601100, 107.5864462443780525 ) ) ;
#1303 = CARTESIAN_POINT ( 'NONE',  ( -66.74311842291562868, 2.905107689229043721, 106.1228587318994840 ) ) ;
#1304 = CARTESIAN_POINT ( 'NONE',  ( -72.59188232655689887, 25.10918247170450712, 245.3477701464144616 ) ) ;
#1305 = CARTESIAN_POINT ( 'NONE',  ( 0.000000000000000000, 17.38087294858135579, 108.8017245118603711 ) ) ;
#1306 = ORIENTED_EDGE ( 'NONE', *, *, #2595, .T. ) ;
#1307 = CARTESIAN_POINT ( 'NONE',  ( -59.52750868094574344, 26.54015894482330040, 106.1228587318995977 ) ) ;
#1308 = FACE_OUTER_BOUND ( 'NONE', #5352, .T. ) ;
#1309 = CARTESIAN_POINT ( 'NONE',  ( 38.82077850026721677, 32.77764559287982848, 71.64983016364418233 ) ) ;
#1310 = CARTESIAN_POINT ( 'NONE',  ( -39.98489338780027680, 25.03888566263830384, 20.63921398167813948 ) ) ;
#1311 = CARTESIAN_POINT ( 'NONE',  ( 32.69760691866708413, -1.146264791067122202, -46.53904117984442479 ) ) ;
#1312 = CARTESIAN_POINT ( 'NONE',  ( -210.6658381892069656, 35.07436541174486422, -396.5448571744349806 ) ) ;
#1313 = CARTESIAN_POINT ( 'NONE',  ( 225.0000000000000284, 22.89776332969549699, -385.2062770841613428 ) ) ;
#1314 = CARTESIAN_POINT ( 'NONE',  ( -34.26072167920627010, 34.75681499902642457, 438.0555349262136247 ) ) ;
#1315 = CARTESIAN_POINT ( 'NONE',  ( -225.0000000000505338, 26.26107159832745452, 147.0000000000000284 ) ) ;
#1316 = CARTESIAN_POINT ( 'NONE',  ( 92.87859442873924820, 33.90084134224905910, 294.0012731391510101 ) ) ;
#1317 = CARTESIAN_POINT ( 'NONE',  ( -0.9011700391034350721, -44.37907825427479480, 438.0555349262135678 ) ) ;
#1318 = CARTESIAN_POINT ( 'NONE',  ( 225.0000000000000284, 36.51654008465020951, -319.3820444628493078 ) ) ;
#1319 = CARTESIAN_POINT ( 'NONE',  ( 225.0000000000000284, 15.64725812641508718, -341.7919295722732613 ) ) ;
#1320 = CARTESIAN_POINT ( 'NONE',  ( 225.0000000000000000, 35.93162848248718433, -351.7204112983753816 ) ) ;
#1321 = LINE ( 'NONE', #1751, #4745 ) ;
#1322 = ORIENTED_EDGE ( 'NONE', *, *, #3568, .T. ) ;
#1323 = CARTESIAN_POINT ( 'NONE',  ( -213.2417200805423647, 37.30320924859158538, -305.4069201154738948 ) ) ;
#1324 = DIRECTION ( 'NONE',  ( 0.000000000000000000, 0.000000000000000000, 1.000000000000000000 ) ) ;
#1325 = CARTESIAN_POINT ( 'NONE',  ( 225.0000000000000568, 27.76419083743340366, -395.4200558179291534 ) ) ;
#1326 = VERTEX_POINT ( 'NONE', #5071 ) ;
#1327 = CARTESIAN_POINT ( 'NONE',  ( 0.000000000000000000, 181.2106965068775537, -448.0271410295465557 ) ) ;
#1328 = CARTESIAN_POINT ( 'NONE',  ( 225.0000000000001137, 33.10208605002289062, -306.4883057341488097 ) ) ;
#1329 = CARTESIAN_POINT ( 'NONE',  ( -39.58490561506821592, -30.86732643478125837, 438.0555349262137952 ) ) ;
#1330 = CARTESIAN_POINT ( 'NONE',  ( 800.0000000000001137, 28.83302432184767383, 209.6851584081997260 ) ) ;
#1331 = DIRECTION ( 'NONE',  ( 1.224646799147353207E-16, 1.000000000000000000, -0.000000000000000000 ) ) ;
#1332 = CARTESIAN_POINT ( 'NONE',  ( -13.30423717816793960, 6.988497522366820647, -124.9949820965277638 ) ) ;
#1333 = CARTESIAN_POINT ( 'NONE',  ( -210.0755913998753783, 28.09973988886154928, -325.8633533541832321 ) ) ;
#1334 = EDGE_CURVE ( 'NONE', #845, #4521, #1017, .T. ) ;
#1335 = CARTESIAN_POINT ( 'NONE',  ( 46.76569066121400908, 44.74120536471599507, 150.3232917966828950 ) ) ;
#1336 = CARTESIAN_POINT ( 'NONE',  ( -213.4429252030309669, 37.51483504372679789, -305.7283183515247060 ) ) ;
#1337 = CARTESIAN_POINT ( 'NONE',  ( -22.36651266407125860, 22.72488140856606620, -41.51288117729868077 ) ) ;
#1338 = CARTESIAN_POINT ( 'NONE',  ( 72.34244650544972899, 16.21412797437089637, 153.6540900109592371 ) ) ;
#1339 = CARTESIAN_POINT ( 'NONE',  ( 59.34952342869752329, 91.89092043677842980, 294.0012731391505554 ) ) ;
#1340 = CARTESIAN_POINT ( 'NONE',  ( 42.64084619558813216, 31.55058692731377334, 65.39180225104884414 ) ) ;
#1341 = CARTESIAN_POINT ( 'NONE',  ( 5.050673245201183998E-11, 0.000000000000000000, 498.0555349262137952 ) ) ;
#1342 = CARTESIAN_POINT ( 'NONE',  ( -42.00573856236505321, 28.71783836406093826, 438.0555349262136815 ) ) ;
#1343 = CARTESIAN_POINT ( 'NONE',  ( 72.91612434215453220, 14.57781983430346706, 238.7080345937906998 ) ) ;
#1344 = CARTESIAN_POINT ( 'NONE',  ( 57.68388243402892357, -37.32356656699975872, 106.1228587318999388 ) ) ;
#1345 = CARTESIAN_POINT ( 'NONE',  ( 3.073106506701200669, -53.16782555717301051, 402.2845281192506945 ) ) ;
#1346 = DIRECTION ( 'NONE',  ( 0.000000000000000000, -0.9700317953152088890, 0.2429780156260078761 ) ) ;
#1347 = CARTESIAN_POINT ( 'NONE',  ( 225.0000000000000284, 15.88050894177362871, -343.6027253619455450 ) ) ;
#1348 = CARTESIAN_POINT ( 'NONE',  ( 225.0000000000000568, 35.53371217051465436, -353.8640561163138614 ) ) ;
#1349 = CARTESIAN_POINT ( 'NONE',  ( 0.000000000000000000, 0.000000000000000000, -144.9949820965277922 ) ) ;
#1350 = ORIENTED_EDGE ( 'NONE', *, *, #3623, .F. ) ;
#1351 = CARTESIAN_POINT ( 'NONE',  ( -213.1538519650477781, 37.20701488240015919, -305.2773274582751810 ) ) ;
#1352 = CARTESIAN_POINT ( 'NONE',  ( -77.99984881117755720, 28.30959577856202003, 233.1997945410793136 ) ) ;
#1353 = AXIS2_PLACEMENT_3D ( 'NONE', #1349, #544, #3101 ) ;
#1354 = CARTESIAN_POINT ( 'NONE',  ( 225.0000000000000000, 25.18684577586206075, -394.8793112868888784 ) ) ;
#1355 = ORIENTED_EDGE ( 'NONE', *, *, #4074, .T. ) ;
#1356 = EDGE_CURVE ( 'NONE', #4457, #3102, #769, .T. ) ;
#1357 = CARTESIAN_POINT ( 'NONE',  ( -210.0000000000505054, 26.04107912884257203, -333.3180408389190461 ) ) ;
#1358 = CARTESIAN_POINT ( 'NONE',  ( 224.9999999999999716, 27.64374100438139337, -297.0913081935123614 ) ) ;
#1359 = CARTESIAN_POINT ( 'NONE',  ( -48.25518421040753481, -33.98158005138174076, 402.2845281192504672 ) ) ;
#1360 = DIRECTION ( 'NONE',  ( -1.000000000000000000, 0.000000000000000000, -0.000000000000000000 ) ) ;
#1361 = CARTESIAN_POINT ( 'NONE',  ( -38.20403786471228358, 29.65545748530336212, -39.05487290319855731 ) ) ;
#1362 = CARTESIAN_POINT ( 'NONE',  ( -215.3101630379800326, 37.71144154725624986, -397.1918682375780918 ) ) ;
#1363 = CARTESIAN_POINT ( 'NONE',  ( -39.58490561506821592, -30.86732643478125837, 438.0555349262137952 ) ) ;
#1364 = CARTESIAN_POINT ( 'NONE',  ( -210.0895482749300243, 27.92927661811911477, -364.4317439401685874 ) ) ;
#1365 = CARTESIAN_POINT ( 'NONE',  ( 34.13487191752065542, 25.10347832092366360, 20.55764379323706237 ) ) ;
#1366 = CARTESIAN_POINT ( 'NONE',  ( -214.7075193893666665, 38.61391197313578516, -308.4012535588486799 ) ) ;
#1367 = CARTESIAN_POINT ( 'NONE',  ( -17.67409814444176774, 17.06795657851780845, -79.45883244538202916 ) ) ;
#1368 = CARTESIAN_POINT ( 'NONE',  ( 56.60887412972272870, 7.284420939666765626, 106.1164884141510356 ) ) ;
#1369 = CARTESIAN_POINT ( 'NONE',  ( 9.525547296823127397, 121.8815794847232183, 294.0012731391507828 ) ) ;
#1370 = CARTESIAN_POINT ( 'NONE',  ( -10.28864144324166041, 59.58225948475497091, 438.0555349262138520 ) ) ;
#1371 = CARTESIAN_POINT ( 'NONE',  ( -13.99860232761763257, 26.43019469696708157, 466.7211743237411383 ) ) ;
#1372 = CARTESIAN_POINT ( 'NONE',  ( 21.84711806003486245, 59.40831711160578976, 106.1228587318996546 ) ) ;
#1373 = CARTESIAN_POINT ( 'NONE',  ( 72.70927965040485219, 21.07498212063126530, 244.8855325435301324 ) ) ;
#1374 = CIRCLE ( 'NONE', #4396, 3.000000000000002665 ) ;
#1375 = CARTESIAN_POINT ( 'NONE',  ( -61.79008167313586597, 42.50882579898497227, 191.9443932928226104 ) ) ;
#1376 = CARTESIAN_POINT ( 'NONE',  ( -14.97867529419316668, 1.191151405409897279, -124.9949820965277922 ) ) ;
#1377 = CARTESIAN_POINT ( 'NONE',  ( 0.000000000000000000, 184.6158888891667971, -405.7477045492578895 ) ) ;
#1378 = CARTESIAN_POINT ( 'NONE',  ( 225.0000000000000568, 17.85512068048637957, -355.0476887241265445 ) ) ;
#1379 = CARTESIAN_POINT ( 'NONE',  ( 225.0000000000000568, 36.66400743952439001, -347.6156434369101476 ) ) ;
#1380 = ORIENTED_EDGE ( 'NONE', *, *, #3966, .T. ) ;
#1381 = CARTESIAN_POINT ( 'NONE',  ( -214.5114056168002037, 36.98582476171461053, -303.6270682626511643 ) ) ;
#1382 = CARTESIAN_POINT ( 'NONE',  ( -54.99999999999996447, -11.75256289217840155, 438.0555349262138520 ) ) ;
#1383 = CARTESIAN_POINT ( 'NONE',  ( 225.0000000000000284, 27.82091806718574745, -395.2872328094312593 ) ) ;
#1384 = VERTEX_POINT ( 'NONE', #301 ) ;
#1385 = AXIS2_PLACEMENT_3D ( 'NONE', #296, #1161, #2475 ) ;
#1386 = AXIS2_PLACEMENT_3D ( 'NONE', #2564, #1791, #4893 ) ;
#1387 = DIRECTION ( 'NONE',  ( 1.224646799147353207E-16, 1.000000000000000000, -0.000000000000000000 ) ) ;
#1388 = CARTESIAN_POINT ( 'NONE',  ( -337.9742659095311410, 26.89203954326628576, 229.0635731621362368 ) ) ;
#1389 = CARTESIAN_POINT ( 'NONE',  ( -42.77233245581238918, 12.68855447532781611, 21.61855640326059103 ) ) ;
#1390 = CARTESIAN_POINT ( 'NONE',  ( 70.60675284358926262, 16.52337786946347720, 138.9203296933324339 ) ) ;
#1391 = CARTESIAN_POINT ( 'NONE',  ( 54.62715720368577621, -5.249978976709432033, 438.0555349262138520 ) ) ;
#1392 = CARTESIAN_POINT ( 'NONE',  ( -72.10705351082974346, 26.64249550425637736, 245.0430909270388611 ) ) ;
#1393 = CARTESIAN_POINT ( 'NONE',  ( -210.3751948356711239, 29.83805112231197398, -368.2731495614255550 ) ) ;
#1394 = CARTESIAN_POINT ( 'NONE',  ( 23.58958545982303079, 18.15984295598823905, -65.32076340231188283 ) ) ;
#1395 = CARTESIAN_POINT ( 'NONE',  ( -216.0943051301346713, 39.52097400091032853, -312.2679953746350066 ) ) ;
#1396 = CARTESIAN_POINT ( 'NONE',  ( -7.235339892893565050, 15.17119115121323247, -116.2402787632433387 ) ) ;
#1397 = CARTESIAN_POINT ( 'NONE',  ( 71.03335633550278772, 16.44126855294840794, 142.6353595714686548 ) ) ;
#1398 = CARTESIAN_POINT ( 'NONE',  ( 21.84711806003486245, 59.40831711160578976, 106.1228587318996546 ) ) ;
#1399 = CARTESIAN_POINT ( 'NONE',  ( 47.65663863616412499, 43.06952621876848752, 131.7943502027927707 ) ) ;
#1400 = CARTESIAN_POINT ( 'NONE',  ( 5.050673245201183998E-11, 0.000000000000000000, 498.0555349262137952 ) ) ;
#1401 = CARTESIAN_POINT ( 'NONE',  ( 5.642645779198288025, 13.92880302362939382, -124.9949820965276928 ) ) ;
#1402 = CARTESIAN_POINT ( 'NONE',  ( 72.95118987829502544, 19.06522997658915841, 243.9333176423313319 ) ) ;
#1403 = CARTESIAN_POINT ( 'NONE',  ( -68.07202775453339427, 38.77075787801582862, 208.4309887474595655 ) ) ;
#1404 = CARTESIAN_POINT ( 'NONE',  ( -37.03445223242201223, -71.75822925255531004, 294.0012731391506691 ) ) ;
#1405 = CARTESIAN_POINT ( 'NONE',  ( -215.2212116896924954, 37.39981350151958850, -398.0396230425419049 ) ) ;
#1406 = CARTESIAN_POINT ( 'NONE',  ( 225.0000000000000853, 17.24204533492077118, -351.7487063006431072 ) ) ;
#1407 = DIRECTION ( 'NONE',  ( -0.000000000000000000, -0.000000000000000000, -1.000000000000000000 ) ) ;
#1408 = ORIENTED_EDGE ( 'NONE', *, *, #436, .F. ) ;
#1409 = CARTESIAN_POINT ( 'NONE',  ( -218.3834904055444497, 39.72517862198412075, -368.7146612668825583 ) ) ;
#1410 = DIRECTION ( 'NONE',  ( 1.000000000000000000, 0.000000000000000000, 0.000000000000000000 ) ) ;
#1411 = EDGE_CURVE ( 'NONE', #2050, #2269, #4195, .T. ) ;
#1412 = CARTESIAN_POINT ( 'NONE',  ( 5.050673245201183998E-11, 0.000000000000000000, 498.0555349262137952 ) ) ;
#1413 = CARTESIAN_POINT ( 'NONE',  ( 225.0000000000000000, 32.84503335992979345, -369.4774926764339966 ) ) ;
#1414 = ORIENTED_EDGE ( 'NONE', *, *, #4740, .T. ) ;
#1415 = CARTESIAN_POINT ( 'NONE',  ( 0.000000000000000000, 29.14992498146922273, 233.6492908699229361 ) ) ;
#1416 = CARTESIAN_POINT ( 'NONE',  ( -64.35935115811633978, 39.13394684147172597, 225.9104762101472090 ) ) ;
#1417 = CARTESIAN_POINT ( 'NONE',  ( -430.4004571996707682, 27.28053646388333320, 225.7042547802077195 ) ) ;
#1418 = CARTESIAN_POINT ( 'NONE',  ( -42.99366517859186132, 12.64385879197607032, 22.77088930048916637 ) ) ;
#1419 = CARTESIAN_POINT ( 'NONE',  ( 71.60683995902522270, 16.24484832684886015, 147.5325752335751872 ) ) ;
#1420 = CARTESIAN_POINT ( 'NONE',  ( 0.000000000000000000, 15.27726836542137967, 144.4373964361062690 ) ) ;
#1421 = CARTESIAN_POINT ( 'NONE',  ( -71.67049332323317401, 23.72191342699311534, 234.6669378272052597 ) ) ;
#1422 = CARTESIAN_POINT ( 'NONE',  ( -209.9728600641973628, 26.61113482972299593, -345.9823627509080097 ) ) ;
#1423 = CARTESIAN_POINT ( 'NONE',  ( 32.95640339262875784, 29.69398416981627165, 33.46887831472261610 ) ) ;
#1424 = CARTESIAN_POINT ( 'NONE',  ( 0.000000000000000000, 180.5799915545548515, -422.8155626306387376 ) ) ;
#1425 = CARTESIAN_POINT ( 'NONE',  ( -11.04880232417241182, 14.68575847636232545, -109.3693572782378425 ) ) ;
#1426 = CARTESIAN_POINT ( 'NONE',  ( 60.79327550648012135, 6.155198718679572245, 139.7044740558677631 ) ) ;
#1427 = CARTESIAN_POINT ( 'NONE',  ( 4.170192561630776673, 64.11853610883215993, 106.1228587319006209 ) ) ;
#1428 = DIRECTION ( 'NONE',  ( 1.000000000000000000, 0.000000000000000000, 0.000000000000000000 ) ) ;
#1429 = CARTESIAN_POINT ( 'NONE',  ( 5.050673245201183998E-11, 0.000000000000000000, 498.0555349262137952 ) ) ;
#1430 = CARTESIAN_POINT ( 'NONE',  ( -4.655494698924370844, 14.28418657084498378, -124.9949820965278207 ) ) ;
#1431 = CARTESIAN_POINT ( 'NONE',  ( 70.22763614484260586, 30.27676375929141983, 243.4092106210302973 ) ) ;
#1432 = CARTESIAN_POINT ( 'NONE',  ( -68.99364207923218828, 30.61005637147860270, 229.3758203010969510 ) ) ;
#1433 = CARTESIAN_POINT ( 'NONE',  ( -5.642660529819116810, -13.92887964516060428, -124.9949820965278207 ) ) ;
#1434 = CARTESIAN_POINT ( 'NONE',  ( -215.4220163756266970, 36.07127403184009751, -399.4714727020913756 ) ) ;
#1435 = CARTESIAN_POINT ( 'NONE',  ( 225.0000000000000568, 17.89443985611038457, -355.2591702392094817 ) ) ;
#1436 = DIRECTION ( 'NONE',  ( 0.000000000000000000, -1.000000000000000000, 0.000000000000000000 ) ) ;
#1437 = ORIENTED_EDGE ( 'NONE', *, *, #5686, .T. ) ;
#1438 = CARTESIAN_POINT ( 'NONE',  ( -221.1492409707175568, 40.76073929223652925, -346.5088424178545665 ) ) ;
#1439 = CARTESIAN_POINT ( 'NONE',  ( 20.85958685597148232, 0.000000000000000000, 498.0555349261633182 ) ) ;
#1440 = CARTESIAN_POINT ( 'NONE',  ( 225.0000000000000284, 31.37300216429364497, -378.7614206184041450 ) ) ;
#1441 = EDGE_CURVE ( 'NONE', #412, #545, #3130, .T. ) ;
#1442 = ORIENTED_EDGE ( 'NONE', *, *, #4409, .T. ) ;
#1443 = B_SPLINE_CURVE_WITH_KNOTS ( 'NONE', 3,
 ( #3110, #4432, #2161, #3484 ),
 .UNSPECIFIED., .F., .F.,
 ( 4, 4 ),
 ( 0.000000000000000000, 0.3994468259387611297 ),
 .UNSPECIFIED. ) ;
#1444 = CARTESIAN_POINT ( 'NONE',  ( 0.000000000000000000, 179.0075402666169282, -436.8413048004711641 ) ) ;
#1445 = CARTESIAN_POINT ( 'NONE',  ( -49.43567219191622542, 48.06200795875933096, 180.0677917616422405 ) ) ;
#1446 = CARTESIAN_POINT ( 'NONE',  ( -240.0000000000505054, 26.26107159832745808, -397.0000000000000000 ) ) ;
#1447 = CARTESIAN_POINT ( 'NONE',  ( -38.20125125133316146, 13.52366034987534604, -1.158789965028192315 ) ) ;
#1448 = DIRECTION ( 'NONE',  ( -1.000000000000000000, 0.000000000000000000, 0.000000000000000000 ) ) ;
#1449 = ORIENTED_EDGE ( 'NONE', *, *, #4116, .F. ) ;
#1450 = CARTESIAN_POINT ( 'NONE',  ( 960.0000000000000000, 34.28750711036776977, 56.58509408616743741 ) ) ;
#1451 = CARTESIAN_POINT ( 'NONE',  ( -82.59277887189033152, 26.36880817227127238, 234.2211687064430805 ) ) ;
#1452 = CARTESIAN_POINT ( 'NONE',  ( -210.1244778113153870, 28.24037195183191784, -319.7045145819851655 ) ) ;
#1453 = CARTESIAN_POINT ( 'NONE',  ( 38.68767612650297849, 25.11423146283519969, 21.35269939551709584 ) ) ;
#1454 = CARTESIAN_POINT ( 'NONE',  ( -209.5687046885014979, 31.89691960118307890, -376.7015162926757057 ) ) ;
#1455 = CARTESIAN_POINT ( 'NONE',  ( -211.3341997169740694, 32.44794037844597057, -305.4453140702757992 ) ) ;
#1456 = CARTESIAN_POINT ( 'NONE',  ( 47.55781046490332642, 10.72079919673555359, 50.70882923563397071 ) ) ;
#1457 = CARTESIAN_POINT ( 'NONE',  ( -0.8417671679437804810, 31.69533620412384067, -46.53904117984438216 ) ) ;
#1458 = CARTESIAN_POINT ( 'NONE',  ( -58.92717945523947520, 43.78841852553803449, 183.8642337356848202 ) ) ;
#1459 = CARTESIAN_POINT ( 'NONE',  ( 47.14224009005189231, 24.68672159416539813, 438.0555349262138520 ) ) ;
#1460 = CARTESIAN_POINT ( 'NONE',  ( 81.78791533341839681, 26.40499755475516608, 234.2350531790308708 ) ) ;
#1461 = CARTESIAN_POINT ( 'NONE',  ( 0.000000000000000000, 0.000000000000000000, -134.9949820965277638 ) ) ;
#1462 = CARTESIAN_POINT ( 'NONE',  ( -8.667907653207537422, -32.08442323447781774, -46.53904117984438216 ) ) ;
#1463 = CARTESIAN_POINT ( 'NONE',  ( -215.2690495139894153, 37.64704421338677776, -397.4225774580874599 ) ) ;
#1464 = CARTESIAN_POINT ( 'NONE',  ( 225.0000000000000568, 17.22938743306890430, -351.6800626899923827 ) ) ;
#1465 = CARTESIAN_POINT ( 'NONE',  ( -70.07375440715108539, 8.729016274970858191, 207.1923284721493417 ) ) ;
#1466 = CARTESIAN_POINT ( 'NONE',  ( -217.6167550004617226, 40.55542022719310324, -358.3446203427149612 ) ) ;
#1467 = CARTESIAN_POINT ( 'NONE',  ( 20.73530592386673632, 1.749992992236488965, 498.0555349261633182 ) ) ;
#1468 = CARTESIAN_POINT ( 'NONE',  ( 55.00005346955380503, -7.259509264339811252E-09, 438.0555349262137383 ) ) ;
#1469 = CARTESIAN_POINT ( 'NONE',  ( 225.0000000000000000, 31.99515447553883618, -374.8750277275850635 ) ) ;
#1470 = ORIENTED_EDGE ( 'NONE', *, *, #4409, .F. ) ;
#1471 = CARTESIAN_POINT ( 'NONE',  ( -33.91739768366809926, 29.09520376168960709, 29.30787521050180544 ) ) ;
#1472 =( LENGTH_UNIT ( ) NAMED_UNIT ( * ) SI_UNIT ( .MILLI., .METRE. ) );
#1473 = CARTESIAN_POINT ( 'NONE',  ( -42.72803013930810323, 12.69739532965524553, 21.38808580194714892 ) ) ;
#1474 = CARTESIAN_POINT ( 'NONE',  ( -213.7220055925390909, 33.22711736779732661, -399.7258146411666075 ) ) ;
#1475 = CIRCLE ( 'NONE', #5430, 9.750000000000000000 ) ;
#1476 = EDGE_LOOP ( 'NONE', ( #5167, #1442, #2704, #2214, #5160 ) ) ;
#1477 = CARTESIAN_POINT ( 'NONE',  ( 41.61357135987800149, -2.340463350838029477, 466.7211743237411383 ) ) ;
#1478 = CARTESIAN_POINT ( 'NONE',  ( -82.93227164384951777, 26.12199508094915146, 234.1864287012182331 ) ) ;
#1479 = CARTESIAN_POINT ( 'NONE',  ( -212.4526693913723534, 34.48371269483133261, -302.9986089769971045 ) ) ;
#1480 = CARTESIAN_POINT ( 'NONE',  ( 39.49129366050084400, 25.67324582427115232, 27.22373989361440394 ) ) ;
#1481 = CARTESIAN_POINT ( 'NONE',  ( -225.0000000000000000, 36.63460289141169568, -347.8475631073004024 ) ) ;
#1482 = EDGE_CURVE ( 'NONE', #2732, #5100, #2664, .T. ) ;
#1483 = CARTESIAN_POINT ( 'NONE',  ( -216.9458247950067857, 38.91775724787530777, -308.7101323317633614 ) ) ;
#1484 = CARTESIAN_POINT ( 'NONE',  ( 21.60020001007674040, 28.94310255382662689, -30.93072165693835629 ) ) ;
#1485 = CARTESIAN_POINT ( 'NONE',  ( -34.26072167920627010, 34.75681499902642457, 438.0555349262136247 ) ) ;
#1486 = CARTESIAN_POINT ( 'NONE',  ( -75.69957656944768587, 31.29285114879221652, 227.3485960818381102 ) ) ;
#1487 = CARTESIAN_POINT ( 'NONE',  ( 20.80678567996248063, -1.170231675419014739, 498.0555349261633182 ) ) ;
#1488 = CARTESIAN_POINT ( 'NONE',  ( 225.0000000000000000, 37.89189639543063493, -337.7768035011369534 ) ) ;
#1489 = PRODUCT_DEFINITION_SHAPE ( 'NONE', 'NONE',  #5043 ) ;
#1490 =( BOUNDED_CURVE ( )  B_SPLINE_CURVE ( 3, ( #746, #5199, #2117, #1258 ),
 .UNSPECIFIED., .F., .F. ) 
 B_SPLINE_CURVE_WITH_KNOTS ( ( 4, 4 ),
 ( 5.316831406915090596, 6.283185307343404524 ),
 .UNSPECIFIED. ) 
 CURVE ( )  GEOMETRIC_REPRESENTATION_ITEM ( )  RATIONAL_B_SPLINE_CURVE ( ( 1.000000000000000000, 0.9236822663831658620, 0.9236822663831658620, 1.000000000000000000 ) ) 
 REPRESENTATION_ITEM ( '' )  );
#1491 = CARTESIAN_POINT ( 'NONE',  ( 80.69900727433618215, 27.09618264192090464, 234.1601141078361934 ) ) ;
#1492 = CARTESIAN_POINT ( 'NONE',  ( 31.93830837084196617, -10.05004484607067283, -46.53904117984429689 ) ) ;
#1493 = CARTESIAN_POINT ( 'NONE',  ( -39.37041309872900285, -53.93791991383459106, 106.1228587318991714 ) ) ;
#1494 = CARTESIAN_POINT ( 'NONE',  ( 73.22552549940506594, 16.20673851167349611, 160.9700046579451964 ) ) ;
#1495 = CARTESIAN_POINT ( 'NONE',  ( 225.0000000000000284, 16.40972078928708555, -347.0511296499220180 ) ) ;
#1496 = CARTESIAN_POINT ( 'NONE',  ( 0.000000000000000000, 0.000000000000000000, -124.9949820965277922 ) ) ;
#1497 = CARTESIAN_POINT ( 'NONE',  ( -70.43412714900316018, 30.75787513471027523, 242.7299510760816474 ) ) ;
#1498 = CARTESIAN_POINT ( 'NONE',  ( -220.1888278071442357, 41.18166956733769268, -331.3780391842382187 ) ) ;
#1499 = CARTESIAN_POINT ( 'NONE',  ( -2.335911184028528265, 14.77144893424669725, 498.0555349261633182 ) ) ;
#1500 = CARTESIAN_POINT ( 'NONE',  ( 225.0000000000000568, 33.26321514097777055, -306.9548111974446556 ) ) ;
#1501 = CARTESIAN_POINT ( 'NONE',  ( 225.0000000000001137, 31.33648373220697536, -378.9853822713453155 ) ) ;
#1502 = CARTESIAN_POINT ( 'NONE',  ( -71.95781218172014349, 23.83774203457633334, 230.3707026574838324 ) ) ;
#1503 = DIRECTION ( 'NONE',  ( 0.000000000000000000, 0.000000000000000000, 1.000000000000000000 ) ) ;
#1504 = CARTESIAN_POINT ( 'NONE',  ( -26.60836530780187914, 32.01606566363575723, -78.99098046206520962 ) ) ;
#1505 = CARTESIAN_POINT ( 'NONE',  ( -214.4816717977699057, 34.18917615500895835, -399.8029367844507078 ) ) ;
#1506 = ORIENTED_EDGE ( 'NONE', *, *, #1356, .F. ) ;
#1507 = CARTESIAN_POINT ( 'NONE',  ( 54.84159647197300558, -3.510695026256998474, 438.0555349262138520 ) ) ;
#1508 = CARTESIAN_POINT ( 'NONE',  ( -71.61757239870311764, 23.70020027569045595, 234.1714364687501586 ) ) ;
#1509 = CARTESIAN_POINT ( 'NONE',  ( -210.6317551123648855, 30.72241533007593262, -314.1063629217446760 ) ) ;
#1510 = CARTESIAN_POINT ( 'NONE',  ( 9.167963914885419285, 14.10018174030907723, -116.7593192636625616 ) ) ;
#1511 = CARTESIAN_POINT ( 'NONE',  ( -209.5604051749022858, 30.65210842380293954, -317.3632524814106546 ) ) ;
#1512 = AXIS2_PLACEMENT_3D ( 'NONE', #418, #2169, #3922 ) ;
#1513 = CARTESIAN_POINT ( 'NONE',  ( -221.3564947048950273, 40.81260137331500459, -327.5404551499422610 ) ) ;
#1514 = CARTESIAN_POINT ( 'NONE',  ( 38.68242907205444681, 12.86005722345865188, 6.541840862770431642 ) ) ;
#1515 = CARTESIAN_POINT ( 'NONE',  ( 11.14346352348977476, 29.36741242485944170, -46.53904117984426847 ) ) ;
#1516 = DIRECTION ( 'NONE',  ( 0.000000000000000000, 0.000000000000000000, -1.000000000000000000 ) ) ;
#1517 = CARTESIAN_POINT ( 'NONE',  ( 55.00000000000000711, 4.510281037539698445E-14, 438.0555349262138520 ) ) ;
#1518 = EDGE_CURVE ( 'NONE', #2789, #3072, #2573, .T. ) ;
#1519 = CARTESIAN_POINT ( 'NONE',  ( 56.07606977307499108, 43.23590915413129920, 187.8208967173253257 ) ) ;
#1520 = CARTESIAN_POINT ( 'NONE',  ( -40.69031133397625410, 38.64301571852445250, 102.2051202609782194 ) ) ;
#1521 = CARTESIAN_POINT ( 'NONE',  ( 48.02110785051832664, -34.25257598369153555, 402.2845281192506377 ) ) ;
#1522 = CARTESIAN_POINT ( 'NONE',  ( 70.12473243125580780, 21.48302169963913855, 219.9252035632601121 ) ) ;
#1523 = CARTESIAN_POINT ( 'NONE',  ( 225.0000000000000000, 19.61453290600127630, -365.0496122104697179 ) ) ;
#1524 = CARTESIAN_POINT ( 'NONE',  ( -53.35839081626712499, 25.59621291085324302, 28.02342633788048687 ) ) ;
#1525 = CARTESIAN_POINT ( 'NONE',  ( -218.4399545844952968, 40.62814347495472589, -320.6016105349110603 ) ) ;
#1526 = CARTESIAN_POINT ( 'NONE',  ( 20.27492737845173565, 32.63575216541561730, -98.03897896951663427 ) ) ;
#1527 = CARTESIAN_POINT ( 'NONE',  ( 59.01543589441121185, -57.31934301954125743, 294.0012731391514080 ) ) ;
#1528 = CARTESIAN_POINT ( 'NONE',  ( 225.0000000000000284, 21.04853020903085081, -303.8808087478835773 ) ) ;
#1529 = CARTESIAN_POINT ( 'NONE',  ( 225.0000000000000000, 32.60691242580197269, -370.9887062345750337 ) ) ;
#1530 = CARTESIAN_POINT ( 'NONE',  ( -211.0742721254089815, 35.30221247383462924, -398.1536050489172567 ) ) ;
#1531 = CARTESIAN_POINT ( 'NONE',  ( -71.00713618174447106, 21.55963904942569087, 219.8749327088221150 ) ) ;
#1532 = FACE_OUTER_BOUND ( 'NONE', #705, .T. ) ;
#1533 = CARTESIAN_POINT ( 'NONE',  ( -10.09062682818735901, 15.57714513866755368, -107.6728616435735120 ) ) ;
#1534 = CARTESIAN_POINT ( 'NONE',  ( -214.2659550604332992, 35.71316875419216075, -399.0391841136903395 ) ) ;
#1535 = EDGE_CURVE ( 'NONE', #3220, #4452, #4230, .T. ) ;
#1536 = VERTEX_POINT ( 'NONE', #4050 ) ;
#1537 = CARTESIAN_POINT ( 'NONE',  ( -960.0000000000000000, 15.29371980285632837, 39.26440371253023187 ) ) ;
#1538 = CARTESIAN_POINT ( 'NONE',  ( -19.86559137162091915, 21.50266491534427971, -54.78790886458214970 ) ) ;
#1539 = CARTESIAN_POINT ( 'NONE',  ( -210.3646457306478510, 33.34022546202604076, -308.6834469218073878 ) ) ;
#1540 = CARTESIAN_POINT ( 'NONE',  ( 10.07230396956836493, 14.39175063236122476, -113.0845153965383929 ) ) ;
#1541 = CARTESIAN_POINT ( 'NONE',  ( 0.000000000000000000, 181.2106965068775537, -448.0271410295465557 ) ) ;
#1542 = CARTESIAN_POINT ( 'NONE',  ( 60.84705901645263282, 42.99477635072981485, 214.4599420784409460 ) ) ;
#1543 = CARTESIAN_POINT ( 'NONE',  ( 36.30893020071123800, 25.75218147310338779, 22.86375639543442162 ) ) ;
#1544 = CARTESIAN_POINT ( 'NONE',  ( -91.94878721670892219, 35.34017758658104214, 294.0012731391497596 ) ) ;
#1545 = CARTESIAN_POINT ( 'NONE',  ( -45.25523300271947136, 40.55203607680807210, 113.7281754633160631 ) ) ;
#1546 = CARTESIAN_POINT ( 'NONE',  ( -42.35789341916562023, 23.98420578398362224, 8.191581268551416883 ) ) ;
#1547 = CARTESIAN_POINT ( 'NONE',  ( 68.83833067309799958, 33.24027660838919473, 240.1497846284010791 ) ) ;
#1548 = CARTESIAN_POINT ( 'NONE',  ( -41.52382069844657764, 41.17681294670345693, 117.2039448623113742 ) ) ;
#1549 = CARTESIAN_POINT ( 'NONE',  ( 54.90572355635882218, 3.625232539740419924, 438.0555349262137383 ) ) ;
#1550 = CARTESIAN_POINT ( 'NONE',  ( 0.000000000000000000, 182.0104814593017579, -416.2706178082341353 ) ) ;
#1551 = CARTESIAN_POINT ( 'NONE',  ( 225.0000000000000284, 20.16853972508576121, -368.4988854005727603 ) ) ;
#1552 = CARTESIAN_POINT ( 'NONE',  ( -50.89945574679487095, 10.02136188056126720, 67.13346704161291711 ) ) ;
#1553 = CARTESIAN_POINT ( 'NONE',  ( 34.93163558060426510, 32.81207298809148654, 54.86126314384632963 ) ) ;
#1554 = CARTESIAN_POINT ( 'NONE',  ( -23.17429599129358309, -64.39728765269023825, 106.1228587318998677 ) ) ;
#1555 = CARTESIAN_POINT ( 'NONE',  ( 225.0000000000000284, 24.53519004047662477, -297.8590408186679497 ) ) ;
#1556 = CARTESIAN_POINT ( 'NONE',  ( 225.0000000000000853, 35.19739844603159185, -355.6719045586137327 ) ) ;
#1557 = CARTESIAN_POINT ( 'NONE',  ( -214.2056878665916315, 34.58082986283363880, -399.9288165147392533 ) ) ;
#1558 =( GEOMETRIC_REPRESENTATION_CONTEXT ( 3 ) GLOBAL_UNCERTAINTY_ASSIGNED_CONTEXT ( ( #3984 ) ) GLOBAL_UNIT_ASSIGNED_CONTEXT ( ( #2790, #5412, #1160 ) ) REPRESENTATION_CONTEXT ( 'NONE', 'WORKASPACE' ) );
#1559 = CARTESIAN_POINT ( 'NONE',  ( 225.0000000000000284, 37.82415753730212771, -328.6567097507585800 ) ) ;
#1560 = CARTESIAN_POINT ( 'NONE',  ( -54.01413682030876373, 8.558567574829458735, 87.44429783454782523 ) ) ;
#1561 = CARTESIAN_POINT ( 'NONE',  ( 0.000000000000000000, 185.7945943861955413, -472.9308350128676466 ) ) ;
#1562 = CARTESIAN_POINT ( 'NONE',  ( -28.88634725450118879, 31.59220645981883990, -71.78197489795424246 ) ) ;
#1563 = CARTESIAN_POINT ( 'NONE',  ( -214.1989940478555070, 34.58159805229100670, -399.9298895593576049 ) ) ;
#1564 = EDGE_LOOP ( 'NONE', ( #124, #1222, #5567, #1322, #1380, #786 ) ) ;
#1565 = CARTESIAN_POINT ( 'NONE',  ( 3.388131789017200393E-19, 44.28359600183357969, 136.3961368310284001 ) ) ;
#1566 = CARTESIAN_POINT ( 'NONE',  ( -27.38479104333811875, 20.18197923286567530, -41.80886547528297825 ) ) ;
#1567 = CARTESIAN_POINT ( 'NONE',  ( -212.0238356760640954, 33.85626729453970540, -305.4214402652316949 ) ) ;
#1568 = CARTESIAN_POINT ( 'NONE',  ( 72.92433201581444280, 19.35214159242540788, 244.1042587038184024 ) ) ;
#1569 = CARTESIAN_POINT ( 'NONE',  ( 82.75388060055436767, 24.87035688888399676, 233.3791005858681729 ) ) ;
#1570 = CARTESIAN_POINT ( 'NONE',  ( -214.6488892362162062, 37.11965488841977390, -303.7937882176637459 ) ) ;
#1571 = CARTESIAN_POINT ( 'NONE',  ( 18.24139351235789164, 29.57139213565342217, -41.61319344269850262 ) ) ;
#1572 = CARTESIAN_POINT ( 'NONE',  ( -55.08034071453465685, 0.7260866309022678822, 438.0555349262139657 ) ) ;
#1573 = CARTESIAN_POINT ( 'NONE',  ( -40.12824074647475925, 25.12122653549792162, 21.62347291135730387 ) ) ;
#1574 = CARTESIAN_POINT ( 'NONE',  ( 54.97102540935625825, -1.760482095958359805, 438.0555349262138520 ) ) ;
#1575 = CARTESIAN_POINT ( 'NONE',  ( 68.67230606722196740, 33.52843084598332979, 239.6507803867065718 ) ) ;
#1576 = VECTOR ( 'NONE', #3880, 1000.000000000000114 ) ;
#1577 = CARTESIAN_POINT ( 'NONE',  ( -39.11466642711762631, 30.04055180194924901, 56.97347767797019458 ) ) ;
#1578 = CARTESIAN_POINT ( 'NONE',  ( 18.45841095214434802, -26.73880782272253853, -46.53904117984429689 ) ) ;
#1579 = CARTESIAN_POINT ( 'NONE',  ( 77.91265846382455607, 18.17313300561516698, 197.1628024294221291 ) ) ;
#1580 = CARTESIAN_POINT ( 'NONE',  ( 225.0000000000000000, 18.18173860200344194, -356.8122381532614327 ) ) ;
#1581 = CARTESIAN_POINT ( 'NONE',  ( -15.75734558403657815, 120.4198503499193862, 294.0012731391493617 ) ) ;
#1582 = CARTESIAN_POINT ( 'NONE',  ( -214.6454622974446238, 37.22766405915667320, -392.7255651113929389 ) ) ;
#1583 = CARTESIAN_POINT ( 'NONE',  ( -12.81263480848459935, 34.04863270830545474, -114.1219730759550686 ) ) ;
#1584 = CARTESIAN_POINT ( 'NONE',  ( 25.24792544712634523, -39.44896879529173361, 438.0555349262137383 ) ) ;
#1585 = CARTESIAN_POINT ( 'NONE',  ( 225.0000000000000568, 23.02254986006809290, -299.8519008149605725 ) ) ;
#1586 = CARTESIAN_POINT ( 'NONE',  ( 225.0000000000001137, 34.30644941111284396, -360.5907503372103520 ) ) ;
#1587 = EDGE_CURVE ( 'NONE', #1536, #2363, #1321, .T. ) ;
#1588 = CARTESIAN_POINT ( 'NONE',  ( -83.38324168955817584, 24.51689890715214304, 232.4514762838013837 ) ) ;
#1589 = B_SPLINE_CURVE_WITH_KNOTS ( 'NONE', 3,
 ( #3061, #879, #4102, #5398, #1147, #5078, #3726, #3207, #281, #1486, #655, #2402, #4159, #2832, #222, #162, #1458, #2893, #4649, #5485, #4961, #714, #4989, #4588, #3293, #1058, #1028, #3641, #1973, #1545, #3263, #4561, #5048, #1914, #1117, #2774, #2459, #3670, #2804, #5018, #4215, #5518, #1573, #5427, #4531, #597, #4187, #3236, #626, #3322, #2372, #2864 ),
 .UNSPECIFIED., .F., .F.,
 ( 4, 2, 1, 1, 1, 2, 2, 2, 2, 2, 2, 2, 2, 2, 2, 2, 2, 2, 2, 2, 2, 2, 2, 2, 2, 1, 2, 4 ),
 ( -5.999999996187463140E-08, 0.0002582469361471477639, 0.0005165538722942573328, 0.001033167744588403287, 0.002066395489176635347, 0.004132850978353109876, 0.008265761956705992147, 0.01653158391341184516, 0.03306322782682359629, 0.04959487174023535089, 0.06612651565364709161, 0.08265815956705882539, 0.09918980348047057305, 0.1033227144588235030, 0.1074556254371764469, 0.1157214473938823207, 0.1322530913072940129, 0.1487847352207057605, 0.1653163791341175082, 0.1818480230475292558, 0.1983796669609410035, 0.2149113108743528344, 0.2190442218527057505, 0.2211106773418822224, 0.2221439050864704723, 0.2231771328310586944, 0.2314429547877645821, 0.2645062426145880496 ),
 .UNSPECIFIED. ) ;
#1590 = CARTESIAN_POINT ( 'NONE',  ( -57.48574890195513376, 23.83488844560839937, 49.86771018294439983 ) ) ;
#1591 = CARTESIAN_POINT ( 'NONE',  ( 225.0000000000000568, 23.57474728373248141, -388.7069517119135185 ) ) ;
#1592 = CARTESIAN_POINT ( 'NONE',  ( 0.5569683339367024200, 32.07738582669905725, -85.27647310343157017 ) ) ;
#1593 = CARTESIAN_POINT ( 'NONE',  ( -214.6731923371113169, 34.36950367139850471, -399.8177477723673405 ) ) ;
#1594 = ORIENTED_EDGE ( 'NONE', *, *, #420, .T. ) ;
#1595 = CARTESIAN_POINT ( 'NONE',  ( 3.388131789017200393E-19, 30.13912404522548982, 55.31057591277588159 ) ) ;
#1596 = CARTESIAN_POINT ( 'NONE',  ( -72.13407700681474921, 24.83848576402101926, 233.8369154352593569 ) ) ;
#1597 = CARTESIAN_POINT ( 'NONE',  ( -210.4390922065601330, 29.87516408011827806, -312.7888843799869392 ) ) ;
#1598 = CARTESIAN_POINT ( 'NONE',  ( 7.628843918213131126, 15.45530106256030578, -114.1466913267855432 ) ) ;
#1599 = CARTESIAN_POINT ( 'NONE',  ( 78.84714905186918088, 27.94010760596988163, 233.6866481698850748 ) ) ;
#1600 = CARTESIAN_POINT ( 'NONE',  ( -213.2262431864378698, 35.56149312438154908, -302.7498447924661491 ) ) ;
#1601 = CARTESIAN_POINT ( 'NONE',  ( 28.11848894211901850, 31.56080219290277711, -71.43082914217757207 ) ) ;
#1602 = CARTESIAN_POINT ( 'NONE',  ( -53.85632484347162574, 9.327977289374432601, 438.0555349262136815 ) ) ;
#1603 = CARTESIAN_POINT ( 'NONE',  ( 960.0000000000000000, 11.32284977056194286, -8.949393648991527783 ) ) ;
#1604 = CARTESIAN_POINT ( 'NONE',  ( -14.58649411999991408, -44.31434680274015392, 438.0555349262138520 ) ) ;
#1605 = CARTESIAN_POINT ( 'NONE',  ( 68.58061292191787572, 30.71743933035249086, 229.1739734218707838 ) ) ;
#1606 = CARTESIAN_POINT ( 'NONE',  ( -50.67613397751387083, 47.76108305247082342, 184.4639016343066373 ) ) ;
#1607 = CARTESIAN_POINT ( 'NONE',  ( 95.88628289116148551, 15.05515177671330029, 294.0012731391504417 ) ) ;
#1608 = CARTESIAN_POINT ( 'NONE',  ( 75.03765504055041902, 16.52542573719064833, 175.5341122304427870 ) ) ;
#1609 = CARTESIAN_POINT ( 'NONE',  ( 225.0000000000000568, 20.32609113963550129, -369.4943920522682674 ) ) ;
#1610 = CARTESIAN_POINT ( 'NONE',  ( 26.23422256220405657, 116.5694713887011744, 294.0012731391520333 ) ) ;
#1611 = MANIFOLD_SOLID_BREP ( 'Fillet7', #4689 ) ;
#1612 = CARTESIAN_POINT ( 'NONE',  ( -215.9704875544162235, 38.33198600128587685, -380.7347802818135278 ) ) ;
#1613 = CARTESIAN_POINT ( 'NONE',  ( 16.21128474541797715, 32.68769033931199175, -98.07395205988524367 ) ) ;
#1614 = CARTESIAN_POINT ( 'NONE',  ( 34.26082454652676290, -34.75683036380463875, 438.0555349262137383 ) ) ;
#1615 = CARTESIAN_POINT ( 'NONE',  ( 225.0000000000000284, 21.57110206317700474, -302.6608699274139553 ) ) ;
#1616 = CARTESIAN_POINT ( 'NONE',  ( 225.0000000000000284, 33.64385994326026719, -364.5015273388008268 ) ) ;
#1617 = CARTESIAN_POINT ( 'NONE',  ( 31.67345390004069827, 21.66882184304478187, -21.51190058937864436 ) ) ;
#1618 = CARTESIAN_POINT ( 'NONE',  ( -214.2788521864665370, 34.61655396330549195, -399.9227724184985959 ) ) ;
#1619 = CARTESIAN_POINT ( 'NONE',  ( -57.11334143808867481, 7.094575813674865117, 109.7950580961382343 ) ) ;
#1620 = CARTESIAN_POINT ( 'NONE',  ( 225.0000000000000284, 24.19556660555575078, -391.4932792934919235 ) ) ;
#1621 = CARTESIAN_POINT ( 'NONE',  ( -213.3562926385136507, 34.21401585572759529, -399.2449154828688620 ) ) ;
#1622 = ORIENTED_EDGE ( 'NONE', *, *, #4830, .F. ) ;
#1623 = CARTESIAN_POINT ( 'NONE',  ( -7.709691586163759602, 15.42020322226124307, -114.1370646745488386 ) ) ;
#1624 = CARTESIAN_POINT ( 'NONE',  ( -214.7576031242636247, 38.65825482826453197, -308.5040756765868082 ) ) ;
#1625 = CARTESIAN_POINT ( 'NONE',  ( 72.90547933457996521, 14.53093352762094881, 238.5862401160536308 ) ) ;
#1626 = CARTESIAN_POINT ( 'NONE',  ( -82.82976092141265667, 23.32029587005524363, 227.4388235226448955 ) ) ;
#1627 = CARTESIAN_POINT ( 'NONE',  ( -212.8164276972903508, 37.78694634587490242, -396.5734221341141961 ) ) ;
#1628 = CARTESIAN_POINT ( 'NONE',  ( 12.59344888802655049, 15.79187917375943861, -98.88649799035326282 ) ) ;
#1629 = CARTESIAN_POINT ( 'NONE',  ( -6.011719425705197573, 13.76784795036101805, -124.9949820965277638 ) ) ;
#1630 = CARTESIAN_POINT ( 'NONE',  ( -1.694065894508600678E-18, 42.17593869064106826, 199.0652818770252566 ) ) ;
#1631 = CARTESIAN_POINT ( 'NONE',  ( -50.75071399135439520, 25.43921038778560018, 26.26535582310826555 ) ) ;
#1632 = CARTESIAN_POINT ( 'NONE',  ( 54.85741523664955821, 46.97078786503401204, 194.6992736453221369 ) ) ;
#1633 = TOROIDAL_SURFACE ( 'NONE', #5301, 11.99999999999999645, 3.000000000000000000 ) ;
#1634 = CARTESIAN_POINT ( 'NONE',  ( -47.16121555063909199, 43.28371021060606694, 133.5652719179107066 ) ) ;
#1635 = CARTESIAN_POINT ( 'NONE',  ( 25.87468354232347778, -20.53346346607026973, -46.53904117984419742 ) ) ;
#1636 = CARTESIAN_POINT ( 'NONE',  ( 225.0000000000000000, 20.19840290925085213, -368.6871356767499606 ) ) ;
#1637 = CARTESIAN_POINT ( 'NONE',  ( 59.15207990388660875, 19.99627538575009211, 106.1228587318994983 ) ) ;
#1638 = CARTESIAN_POINT ( 'NONE',  ( 33.11893911554926717, 29.77532387691407223, 34.49902484526882773 ) ) ;
#1639 = CARTESIAN_POINT ( 'NONE',  ( -211.1354576465634239, 31.98814428582038261, -393.3647021319755481 ) ) ;
#1640 = CARTESIAN_POINT ( 'NONE',  ( -5.649765361801133423, -32.73815700606091639, -46.53904117984414057 ) ) ;
#1641 = CARTESIAN_POINT ( 'NONE',  ( 225.0000000000000568, 18.81914917356800032, -310.4090973766843149 ) ) ;
#1642 = CARTESIAN_POINT ( 'NONE',  ( 225.0000000000000284, 33.56320974227594434, -364.9932321196759517 ) ) ;
#1643 = FILL_AREA_STYLE ('',( #1268 ) ) ;
#1644 = CARTESIAN_POINT ( 'NONE',  ( -214.1183815015796483, 34.60479847505315121, -399.9414079167707428 ) ) ;
#1645 = CARTESIAN_POINT ( 'NONE',  ( -65.93889844735046779, 6.191355426998925715, 177.3072774455426668 ) ) ;
#1646 = AXIS2_PLACEMENT_3D ( 'NONE', #3878, #1700, #5124 ) ;
#1647 = CARTESIAN_POINT ( 'NONE',  ( -219.5449186153620644, 40.99199386487588015, -325.9546667773744275 ) ) ;
#1648 = VERTEX_POINT ( 'NONE', #456 ) ;
#1649 = CARTESIAN_POINT ( 'NONE',  ( -83.72039802186090185, 24.93196228945586768, 233.4501822276847065 ) ) ;
#1650 = B_SPLINE_CURVE_WITH_KNOTS ( 'NONE', 3,
 ( #1468, #3941, #3079, #4400 ),
 .UNSPECIFIED., .F., .F.,
 ( 4, 4 ),
 ( 0.000000000000000000, 1.000000000000000000 ),
 .UNSPECIFIED. ) ;
#1651 =( GEOMETRIC_REPRESENTATION_CONTEXT ( 3 ) GLOBAL_UNCERTAINTY_ASSIGNED_CONTEXT ( ( #2603 ) ) GLOBAL_UNIT_ASSIGNED_CONTEXT ( ( #295, #3015, #3827 ) ) REPRESENTATION_CONTEXT ( 'NONE', 'WORKASPACE' ) );
#1652 = CARTESIAN_POINT ( 'NONE',  ( -210.0000000000504485, 26.04595157121294235, -351.3481357470423063 ) ) ;
#1653 = CARTESIAN_POINT ( 'NONE',  ( 225.0000000000505338, 26.26107159832745452, 147.0000000000000284 ) ) ;
#1654 = CARTESIAN_POINT ( 'NONE',  ( 11.42755541885287052, 34.18702628248608022, -116.6010560023610623 ) ) ;
#1655 = CARTESIAN_POINT ( 'NONE',  ( -25.57492902835235782, 57.52256465258243878, 106.1228587318991572 ) ) ;
#1656 = FACE_OUTER_BOUND ( 'NONE', #616, .T. ) ;
#1657 = CARTESIAN_POINT ( 'NONE',  ( -46.12455605223214405, 24.74024182954249795, 17.93194454533606930 ) ) ;
#1658 = VERTEX_POINT ( 'NONE', #3961 ) ;
#1659 = CARTESIAN_POINT ( 'NONE',  ( -212.3568442898877322, 32.96597027757147913, -398.9222814418866960 ) ) ;
#1660 = EDGE_CURVE ( 'NONE', #4825, #3077, #627, .T. ) ;
#1661 = CARTESIAN_POINT ( 'NONE',  ( 37.89596437154666120, 29.98636912199133420, 56.47034811521037767 ) ) ;
#1662 = CARTESIAN_POINT ( 'NONE',  ( -34.22410394702967551, 24.32197167577445285, 11.08197204808529612 ) ) ;
#1663 = B_SPLINE_CURVE_WITH_KNOTS ( 'NONE', 3,
 ( #3240, #5401, #4994, #1062, #73, #43, #1803, #601 ),
 .UNSPECIFIED., .F., .F.,
 ( 4, 2, 2, 4 ),
 ( 0.000000000000000000, 0.03071882530949908777, 0.08296901236342059394, 0.1120686106877419597 ),
 .UNSPECIFIED. ) ;
#1664 = CARTESIAN_POINT ( 'NONE',  ( 43.41257198044192478, -50.86744903752693858, 106.1228587318996404 ) ) ;
#1665 = CARTESIAN_POINT ( 'NONE',  ( 35.34522514257370318, 23.41127558249026919, 0.1912958455934707369 ) ) ;
#1666 = CARTESIAN_POINT ( 'NONE',  ( 225.0000000000000568, 22.30864495484543042, -381.8546520045969714 ) ) ;
#1667 = CARTESIAN_POINT ( 'NONE',  ( 13.76761044330377359, 6.010411309879808428, -124.9949820965277070 ) ) ;
#1668 = PRESENTATION_LAYER_ASSIGNMENT (  '', '', ( #2033 ) ) ;
#1669 = CARTESIAN_POINT ( 'NONE',  ( 59.27205720641056530, 44.27300167319793189, 209.3760405866352698 ) ) ;
#1670 = CARTESIAN_POINT ( 'NONE',  ( -215.9345719171448081, 39.42906501288832288, -311.7774751890508469 ) ) ;
#1671 = CARTESIAN_POINT ( 'NONE',  ( 55.01344659438123585, 33.44146455613338986, 402.2845281192501261 ) ) ;
#1672 = CARTESIAN_POINT ( 'NONE',  ( 225.0000000000000568, 37.91385009580129406, -337.4134873097083300 ) ) ;
#1673 = CARTESIAN_POINT ( 'NONE',  ( 224.9999999999999716, 16.09258356881856855, -345.0628666181687549 ) ) ;
#1674 = CARTESIAN_POINT ( 'NONE',  ( 225.0000000000000568, 33.14867788966522966, -367.5630424800272067 ) ) ;
#1675 = DIRECTION ( 'NONE',  ( 1.000000000000000000, 0.000000000000000000, 0.000000000000000000 ) ) ;
#1676 = CARTESIAN_POINT ( 'NONE',  ( 225.0000000000000853, 23.91371821888141014, -390.2844619750060815 ) ) ;
#1677 = VERTEX_POINT ( 'NONE', #516 ) ;
#1678 = CARTESIAN_POINT ( 'NONE',  ( 31.67345390004069827, 21.66882184304478187, -21.51190058937864436 ) ) ;
#1679 = CARTESIAN_POINT ( 'NONE',  ( 82.76958851641653325, 25.19129400410425035, 233.7356743331530993 ) ) ;
#1680 = CARTESIAN_POINT ( 'NONE',  ( 2.399188496863903453, 31.84766876960942383, -81.03312023649125706 ) ) ;
#1681 = CARTESIAN_POINT ( 'NONE',  ( -29.33480806901222238, -13.29285068030435113, -46.53904117984424715 ) ) ;
#1682 = DIRECTION ( 'NONE',  ( 1.000000000000000000, 0.000000000000000000, 0.000000000000000000 ) ) ;
#1683 = DIRECTION ( 'NONE',  ( 0.000000000000000000, 0.000000000000000000, 1.000000000000000000 ) ) ;
#1684 = ORIENTED_EDGE ( 'NONE', *, *, #1587, .T. ) ;
#1685 = CARTESIAN_POINT ( 'NONE',  ( -68.02007507778948536, -50.33004298429310808, 294.0012731391505554 ) ) ;
#1686 = CARTESIAN_POINT ( 'NONE',  ( -210.7207767451643576, 31.10182452318468549, -376.4757617708261250 ) ) ;
#1687 = CARTESIAN_POINT ( 'NONE',  ( 44.13862442266390218, 43.56043901538808427, 135.5844296440674555 ) ) ;
#1688 = CARTESIAN_POINT ( 'NONE',  ( -33.03100240760024064, 23.71274433613012889, 3.507217509174000103 ) ) ;
#1689 = CARTESIAN_POINT ( 'NONE',  ( 11.57892987549229247, 43.39329093270642801, 438.0555349262127720 ) ) ;
#1690 = CARTESIAN_POINT ( 'NONE',  ( 225.0000000000000284, 22.81317179177369425, -384.7403574707140592 ) ) ;
#1691 = EDGE_CURVE ( 'NONE', #1785, #3598, #4944, .T. ) ;
#1692 = CARTESIAN_POINT ( 'NONE',  ( 37.65126480469366044, 50.81110080213249347, 402.2845281192506945 ) ) ;
#1693 = CARTESIAN_POINT ( 'NONE',  ( 82.44015981335994070, 24.57096987089511941, 232.7161217269510303 ) ) ;
#1694 = CARTESIAN_POINT ( 'NONE',  ( 25.78267900629955989, -61.15283029495785172, 106.1228587318997256 ) ) ;
#1695 = CARTESIAN_POINT ( 'NONE',  ( 225.0000000000001137, 37.96785027538875568, -331.0427895457536920 ) ) ;
#1696 = AXIS2_PLACEMENT_3D ( 'NONE', #2257, #3612, #1428 ) ;
#1697 = CARTESIAN_POINT ( 'NONE',  ( 225.0000000000000284, 15.25684824215167090, -337.4571433388556443 ) ) ;
#1698 = CARTESIAN_POINT ( 'NONE',  ( 224.9999999999999716, 36.22357292565415321, -350.1221985033327542 ) ) ;
#1699 = CARTESIAN_POINT ( 'NONE',  ( -800.0000000000000000, 35.83523632616849142, 171.9223388942655220 ) ) ;
#1700 = DIRECTION ( 'NONE',  ( -0.000000000000000000, -0.000000000000000000, -1.000000000000000000 ) ) ;
#1701 = CARTESIAN_POINT ( 'NONE',  ( 43.28481888507673858, 11.93831061853436104, 28.97005961068183311 ) ) ;
#1702 = CARTESIAN_POINT ( 'NONE',  ( -213.3669152635036141, 38.19888259761357574, -393.0726539651641929 ) ) ;
#1703 = EDGE_LOOP ( 'NONE', ( #5656, #2450, #4541 ) ) ;
#1704 = CARTESIAN_POINT ( 'NONE',  ( 36.89476046603507342, 23.03169797302012611, -4.186837774933695577 ) ) ;
#1705 = CARTESIAN_POINT ( 'NONE',  ( -83.29912647884164301, 24.32057703029711249, 231.6584662439976512 ) ) ;
#1706 = CARTESIAN_POINT ( 'NONE',  ( -11.55535744046839852, 32.68575497168347255, -97.13349902688159432 ) ) ;
#1707 = EDGE_CURVE ( 'NONE', #3102, #3160, #2068, .T. ) ;
#1708 = CARTESIAN_POINT ( 'NONE',  ( -32.55078516305855629, 1.772976038484928907, -46.53904117984439637 ) ) ;
#1709 = CARTESIAN_POINT ( 'NONE',  ( -1.694065894508600678E-18, 33.68272431118322174, 225.1752647138564782 ) ) ;
#1710 = CARTESIAN_POINT ( 'NONE',  ( -52.02494186944760912, 25.55028644220476153, 27.45461000788405670 ) ) ;
#1711 = EDGE_LOOP ( 'NONE', ( #1814, #4424 ) ) ;
#1712 = CARTESIAN_POINT ( 'NONE',  ( -92.70407154455280363, -11.12250836064469439, 294.0012731391522038 ) ) ;
#1713 = CARTESIAN_POINT ( 'NONE',  ( -210.8826918711227734, 31.34025477355924139, -388.8873035060184407 ) ) ;
#1714 = CARTESIAN_POINT ( 'NONE',  ( 38.54618806499811967, 43.20035266958253573, 112.9147888854111130 ) ) ;
#1715 = CARTESIAN_POINT ( 'NONE',  ( -35.92919986916542285, 25.24865699770187177, 22.48785602330961098 ) ) ;
#1716 = CARTESIAN_POINT ( 'NONE',  ( 66.01930620052196730, 1.976466577980425354, 106.1228587319000667 ) ) ;
#1717 = CARTESIAN_POINT ( 'NONE',  ( -83.53278017122433141, 14.87991762158793208, 235.1309926388618123 ) ) ;
#1718 = CARTESIAN_POINT ( 'NONE',  ( 225.0000000000000284, 22.13805022978307235, -380.8403615649835956 ) ) ;
#1719 = CARTESIAN_POINT ( 'NONE',  ( 8.248529326600362310, 12.55853381516601530, -124.9949820965278349 ) ) ;
#1720 = CARTESIAN_POINT ( 'NONE',  ( 70.94222670810515297, 24.95368967748277456, 233.6922774450716531 ) ) ;
#1721 = CARTESIAN_POINT ( 'NONE',  ( 25.87468354232347778, -20.53346346607026973, -46.53904117984419742 ) ) ;
#1722 = CARTESIAN_POINT ( 'NONE',  ( -14.66940300103072836, -3.249303158260822944, -124.9949820965277070 ) ) ;
#1723 = CARTESIAN_POINT ( 'NONE',  ( 225.0000000000000284, 37.21731128905980057, -323.4136988102410442 ) ) ;
#1724 = CARTESIAN_POINT ( 'NONE',  ( 225.0000000000000000, 15.26568837061640949, -329.2824239985532131 ) ) ;
#1725 = CARTESIAN_POINT ( 'NONE',  ( 225.0000000000000000, 35.63993596060844737, -353.2936279542409466 ) ) ;
#1726 = CARTESIAN_POINT ( 'NONE',  ( -800.0000000000000000, 34.12716974373234535, 188.7066738729619431 ) ) ;
#1727 = CARTESIAN_POINT ( 'NONE',  ( -213.9838346962465323, 36.46920813939949824, -304.6034276081455801 ) ) ;
#1728 = CARTESIAN_POINT ( 'NONE',  ( 14.55692033863594936, 15.82771615776430707, -92.12392437907382714 ) ) ;
#1729 = CARTESIAN_POINT ( 'NONE',  ( 225.0000000000000284, 29.60357441569506065, -388.6591529481881366 ) ) ;
#1730 = VERTEX_POINT ( 'NONE', #1036 ) ;
#1731 = DIRECTION ( 'NONE',  ( -1.000000000000000000, 0.000000000000000000, -0.000000000000000000 ) ) ;
#1732 = CARTESIAN_POINT ( 'NONE',  ( 17.61766836484770948, 15.74211001707326574, -81.00704652522655635 ) ) ;
#1733 = CARTESIAN_POINT ( 'NONE',  ( -31.53242958479102853, -7.397251374973575544, -46.53904117984408373 ) ) ;
#1734 = CARTESIAN_POINT ( 'NONE',  ( -74.00819918760862492, 16.21459646720742853, 241.4906777055646785 ) ) ;
#1735 = DIRECTION ( 'NONE',  ( 1.000000000000000000, 0.000000000000000000, 0.000000000000000000 ) ) ;
#1736 = ORIENTED_EDGE ( 'NONE', *, *, #5666, .F. ) ;
#1737 = CARTESIAN_POINT ( 'NONE',  ( -48.96141858332013186, -20.34264226667735187, 438.0555349262137952 ) ) ;
#1738 = CARTESIAN_POINT ( 'NONE',  ( -210.4993895596959987, 34.67280012815580648, -394.5902273651319661 ) ) ;
#1739 = CARTESIAN_POINT ( 'NONE',  ( 43.25101798657439645, 34.18295982054928572, 79.06412608253332053 ) ) ;
#1740 = CARTESIAN_POINT ( 'NONE',  ( -32.79276431592992225, 28.25504818837529442, 20.92241490155702621 ) ) ;
#1741 = CARTESIAN_POINT ( 'NONE',  ( 67.00456874967572674, -15.70415956818247594, 106.1228587318998109 ) ) ;
#1742 = CARTESIAN_POINT ( 'NONE',  ( 0.000000000000000000, 0.000000000000000000, -134.9949820965277638 ) ) ;
#1743 = CARTESIAN_POINT ( 'NONE',  ( 225.0000000000000000, 21.50482215788565554, -376.9598600238853692 ) ) ;
#1744 = CARTESIAN_POINT ( 'NONE',  ( -21.27299274565986664, 60.15882708689547798, 402.2845281192507514 ) ) ;
#1745 = CARTESIAN_POINT ( 'NONE',  ( 9.005646875947162400, 16.26249800924174949, -107.4455459058633267 ) ) ;
#1746 = CARTESIAN_POINT ( 'NONE',  ( 86.08396266710451528, 52.64552821478056188, 294.0012731391503280 ) ) ;
#1747 = CARTESIAN_POINT ( 'NONE',  ( -14.91905902870228928, -1.806516595829337435, -124.9949820965278207 ) ) ;
#1748 = CARTESIAN_POINT ( 'NONE',  ( 224.9999999999999716, 37.02731752362616646, -322.2087342652377515 ) ) ;
#1749 = CARTESIAN_POINT ( 'NONE',  ( 225.0000000000000853, 16.05848104652122288, -322.7194980999597647 ) ) ;
#1750 = CARTESIAN_POINT ( 'NONE',  ( 225.0000000000000853, 35.90572088833348374, -351.8608497087192859 ) ) ;
#1751 = CARTESIAN_POINT ( 'NONE',  ( -210.0000000000505338, 26.26107159832745452, -400.0000000000000000 ) ) ;
#1752 = VERTEX_POINT ( 'NONE', #5464 ) ;
#1753 = CARTESIAN_POINT ( 'NONE',  ( -216.0605743531736493, 38.35588193410055879, -309.1264929101495795 ) ) ;
#1754 = CARTESIAN_POINT ( 'NONE',  ( -83.19428275308335685, 25.89824121849082061, 234.1272404374313965 ) ) ;
#1755 = CARTESIAN_POINT ( 'NONE',  ( 225.0000000000000000, 30.61855646791217112, -383.2556219153699431 ) ) ;
#1756 = EDGE_CURVE ( 'NONE', #5267, #1876, #5494, .T. ) ;
#1757 = ORIENTED_EDGE ( 'NONE', *, *, #492, .F. ) ;
#1758 = FACE_BOUND ( 'NONE', #2668, .T. ) ;
#1759 = CARTESIAN_POINT ( 'NONE',  ( 225.0000000000000284, 32.26987454868202576, -304.2521170213042296 ) ) ;
#1760 = CARTESIAN_POINT ( 'NONE',  ( -59.62544511873858966, -27.46070016130710911, 106.1228587318999814 ) ) ;
#1761 = CARTESIAN_POINT ( 'NONE',  ( -73.82968757712552588, 19.19413759829507882, 244.0907390238876644 ) ) ;
#1762 = CARTESIAN_POINT ( 'NONE',  ( -212.7042878714992753, 37.51795503759569073, -397.7630768262387733 ) ) ;
#1763 = CARTESIAN_POINT ( 'NONE',  ( -18.10116937659172720, 25.39519247067144647, -46.53904117984439637 ) ) ;
#1764 = CARTESIAN_POINT ( 'NONE',  ( -211.4048177783818971, 32.79245153494105125, -388.6535260463821828 ) ) ;
#1765 = CARTESIAN_POINT ( 'NONE',  ( 47.29494075710333334, 42.78687684288038184, 129.4287283589463868 ) ) ;
#1766 = CARTESIAN_POINT ( 'NONE',  ( -38.61660692743879508, -41.45528284648896289, 402.2845281192505240 ) ) ;
#1767 = CARTESIAN_POINT ( 'NONE',  ( -23.74628316281660290, 23.40635509713396445, -33.98548743990966869 ) ) ;
#1768 = CARTESIAN_POINT ( 'NONE',  ( 59.34223356931188675, 16.70661316683083086, 132.7903336652748578 ) ) ;
#1769 = CARTESIAN_POINT ( 'NONE',  ( 39.36031058854907627, 49.59885411375975650, 402.2845281192506945 ) ) ;
#1770 = CARTESIAN_POINT ( 'NONE',  ( 77.63474497320825662, 28.46998460902508299, 232.9087418159802212 ) ) ;
#1771 = CARTESIAN_POINT ( 'NONE',  ( 225.0000000000000000, 22.22235383402251330, -381.3429598257452540 ) ) ;
#1772 = CARTESIAN_POINT ( 'NONE',  ( -51.13706025085105011, 38.90804440634121164, 402.2845281192504672 ) ) ;
#1773 = CARTESIAN_POINT ( 'NONE',  ( 31.00803096995335295, 28.26374817155933528, 19.23271278970932840 ) ) ;
#1774 = CARTESIAN_POINT ( 'NONE',  ( 9.674112263184605709, -11.48993016833007097, -124.9949820965277922 ) ) ;
#1775 = CARTESIAN_POINT ( 'NONE',  ( 4.499394361599923897, -44.23839403622587696, 438.0555349262137383 ) ) ;
#1776 = CARTESIAN_POINT ( 'NONE',  ( -215.3988075119047494, 35.02492460381417061, -399.8325093814183901 ) ) ;
#1777 = CARTESIAN_POINT ( 'NONE',  ( 225.0000000000000853, 15.35839935543854828, -338.9069443409175619 ) ) ;
#1778 = EDGE_CURVE ( 'NONE', #1658, #4343, #5591, .T. ) ;
#1779 = CARTESIAN_POINT ( 'NONE',  ( 225.0000000000000568, 36.40072139328928813, -349.1325167651891661 ) ) ;
#1780 = SURFACE_STYLE_FILL_AREA ( #3504 ) ;
#1781 = ORIENTED_EDGE ( 'NONE', *, *, #985, .T. ) ;
#1782 = CARTESIAN_POINT ( 'NONE',  ( -213.6749918106323207, 36.09929340770596440, -302.9070159839974963 ) ) ;
#1783 = CARTESIAN_POINT ( 'NONE',  ( 10.61197152462035476, 15.70319310770787169, -105.4063613261336343 ) ) ;
#1784 = CARTESIAN_POINT ( 'NONE',  ( 225.0000000000000284, 28.67064883701939237, -392.6758323209993478 ) ) ;
#1785 = VERTEX_POINT ( 'NONE', #4970 ) ;
#1786 = CARTESIAN_POINT ( 'NONE',  ( 0.000000000000000000, 196.3543798449791780, -476.0423086973928548 ) ) ;
#1787 = CARTESIAN_POINT ( 'NONE',  ( 225.0000000000001137, 28.93381926345599808, -298.1256337727048731 ) ) ;
#1788 = CARTESIAN_POINT ( 'NONE',  ( -16.76797181018035232, -42.27905363875608913, 438.0555349262136247 ) ) ;
#1789 = PLANE ( 'NONE',  #1298 ) ;
#1790 = CARTESIAN_POINT ( 'NONE',  ( -26.47385760057144566, 28.36651938339375079, -20.77744887280727326 ) ) ;
#1791 = DIRECTION ( 'NONE',  ( 0.000000000000000000, 0.000000000000000000, 1.000000000000000000 ) ) ;
#1792 = CARTESIAN_POINT ( 'NONE',  ( -6.011719425705197573, 13.76784795036101805, -124.9949820965277638 ) ) ;
#1793 = CARTESIAN_POINT ( 'NONE',  ( -209.2631525552348535, 27.75164938886214472, -331.9217774002141823 ) ) ;
#1794 = CARTESIAN_POINT ( 'NONE',  ( 34.02656229187382309, 25.04653929296533477, 19.85017542485694264 ) ) ;
#1795 = CARTESIAN_POINT ( 'NONE',  ( 800.0000000000000000, 28.34244247031788788, 97.73208133257904251 ) ) ;
#1796 = CARTESIAN_POINT ( 'NONE',  ( -210.0000000000505338, 26.26107159833085802, -331.5401424110946778 ) ) ;
#1797 = CARTESIAN_POINT ( 'NONE',  ( 63.51214312376311710, 20.27990388087439300, 87.16483672962272067 ) ) ;
#1798 = CARTESIAN_POINT ( 'NONE',  ( 31.25668603971744375, 36.46269079359090171, 438.0555349262138520 ) ) ;
#1799 = CARTESIAN_POINT ( 'NONE',  ( -73.66722327412149696, 13.83113599858089593, 236.3843258815667809 ) ) ;
#1800 = CARTESIAN_POINT ( 'NONE',  ( -28.57666405927044195, 39.64529204545066676, 438.0555349262138520 ) ) ;
#1801 = CARTESIAN_POINT ( 'NONE',  ( -42.52508202481470789, 47.70533510016544199, 402.2845281192506945 ) ) ;
#1802 = CARTESIAN_POINT ( 'NONE',  ( 31.26726883231775034, 28.40687913347471749, 20.92875299401381639 ) ) ;
#1803 = CARTESIAN_POINT ( 'NONE',  ( 800.0000000000000000, 27.45385741418601100, 107.5864462443780241 ) ) ;
#1804 = CARTESIAN_POINT ( 'NONE',  ( -10.51046723183669407, -10.73426691515049214, -124.9949820965278349 ) ) ;
#1805 = CARTESIAN_POINT ( 'NONE',  ( -215.3580776145169580, 37.75164741990169404, -397.0000000000000000 ) ) ;
#1806 = CARTESIAN_POINT ( 'NONE',  ( 225.0000000000000000, 17.78736311724955144, -354.6834905716198136 ) ) ;
#1807 = CARTESIAN_POINT ( 'NONE',  ( 225.0000000000000284, 37.13750382881652001, -344.6519968340886635 ) ) ;
#1808 = CARTESIAN_POINT ( 'NONE',  ( 5.050673245201183998E-11, 0.000000000000000000, -124.9949820965277922 ) ) ;
#1809 = ORIENTED_EDGE ( 'NONE', *, *, #2244, .T. ) ;
#1810 = CARTESIAN_POINT ( 'NONE',  ( -213.0308261269863408, 35.30275562699571879, -302.7650229482728719 ) ) ;
#1811 = CARTESIAN_POINT ( 'NONE',  ( 47.14224009005189231, 24.68672159416539813, 438.0555349262138520 ) ) ;
#1812 = AXIS2_PLACEMENT_3D ( 'NONE', #5689, #3031, #2929 ) ;
#1813 = CARTESIAN_POINT ( 'NONE',  ( 225.0000000000000284, 29.43296013524882682, -389.4737195782389563 ) ) ;
#1814 = ORIENTED_EDGE ( 'NONE', *, *, #1482, .T. ) ;
#1815 = CARTESIAN_POINT ( 'NONE',  ( 225.0000000000000284, 23.29315753747297535, -387.3029364665840149 ) ) ;
#1816 = CARTESIAN_POINT ( 'NONE',  ( 0.000000000000000000, 0.000000000000000000, -144.9949820965277922 ) ) ;
#1817 = CARTESIAN_POINT ( 'NONE',  ( -43.70202849924353217, 28.34329652906130192, -17.04121158917149970 ) ) ;
#1818 = CARTESIAN_POINT ( 'NONE',  ( -212.7667435736983634, 37.16760780973261546, -398.5820400562321879 ) ) ;
#1819 = CARTESIAN_POINT ( 'NONE',  ( 960.0000000000000000, 30.79053247483070521, 92.11952401667286949 ) ) ;
#1820 = CARTESIAN_POINT ( 'NONE',  ( -71.64195618304954394, 23.68175557355261418, 234.3782012196430173 ) ) ;
#1821 = CARTESIAN_POINT ( 'NONE',  ( -209.9974095984393330, 26.22293904278320298, -331.7081834916924663 ) ) ;
#1822 = CARTESIAN_POINT ( 'NONE',  ( 38.50448792500242234, 25.01433970257791017, 20.12575410351433902 ) ) ;
#1823 = CARTESIAN_POINT ( 'NONE',  ( -210.9293939674731746, 34.46014483740415812, -306.2519267419861535 ) ) ;
#1824 = CARTESIAN_POINT ( 'NONE',  ( -9.678224762996688213, 14.24522362439175893, -114.9222865695517442 ) ) ;
#1825 = CARTESIAN_POINT ( 'NONE',  ( 41.84649883370052947, 24.07645203394181621, 45.21841837268281949 ) ) ;
#1826 = CARTESIAN_POINT ( 'NONE',  ( 2.202428787110037423, 31.65985645311570451, -46.53904117984397715 ) ) ;
#1827 = CARTESIAN_POINT ( 'NONE',  ( 62.92771838144163610, 42.60295588182043502, 191.3821585617866674 ) ) ;
#1828 = CARTESIAN_POINT ( 'NONE',  ( 7.388418229304805074, 14.77144893424670080, 498.0555349261633182 ) ) ;
#1829 = EDGE_CURVE ( 'NONE', #2698, #5475, #289, .T. ) ;
#1830 = CARTESIAN_POINT ( 'NONE',  ( 1.191156436110606398, 14.97870513261819347, -124.9949820965277638 ) ) ;
#1831 = CARTESIAN_POINT ( 'NONE',  ( 82.14479214942724639, 26.10682268211180457, 234.1932313921543596 ) ) ;
#1832 = STYLED_ITEM ( 'NONE', ( #3906 ), #5499 ) ;
#1833 = CARTESIAN_POINT ( 'NONE',  ( 67.00456874967572674, -15.70415956818247594, 106.1228587318998109 ) ) ;
#1834 = CARTESIAN_POINT ( 'NONE',  ( -27.83374571032442191, -16.11626646038090982, -46.53904117984438216 ) ) ;
#1835 = CARTESIAN_POINT ( 'NONE',  ( -215.3388008573261345, 36.60878249354862390, -399.0948976141327762 ) ) ;
#1836 = CARTESIAN_POINT ( 'NONE',  ( 225.0000000000000284, 17.85108207179170137, -355.0259712670217027 ) ) ;
#1837 = DIRECTION ( 'NONE',  ( 1.000000000000000000, 0.000000000000000000, 0.000000000000000000 ) ) ;
#1838 = ORIENTED_EDGE ( 'NONE', *, *, #2500, .T. ) ;
#1839 = CARTESIAN_POINT ( 'NONE',  ( -221.1802236860800690, 40.77102178486470052, -326.1774964712455471 ) ) ;
#1840 = CARTESIAN_POINT ( 'NONE',  ( 5.050673245201183998E-11, 0.000000000000000000, 498.0555349262137952 ) ) ;
#1841 = CARTESIAN_POINT ( 'NONE',  ( 225.0000000000000284, 28.95429816186450012, -391.5694767118749837 ) ) ;
#1842 = ORIENTED_EDGE ( 'NONE', *, *, #2777, .F. ) ;
#1843 = AXIS2_PLACEMENT_3D ( 'NONE', #4047, #1890, #1346 ) ;
#1844 = CARTESIAN_POINT ( 'NONE',  ( -225.0000000000505338, 26.26107159832745452, -400.0000000000000000 ) ) ;
#1845 = CARTESIAN_POINT ( 'NONE',  ( -33.19090257099885122, 28.50743624132713094, 23.68823415556087042 ) ) ;
#1846 = DIRECTION ( 'NONE',  ( 0.000000000000000000, 0.000000000000000000, -1.000000000000000000 ) ) ;
#1847 = CARTESIAN_POINT ( 'NONE',  ( -15.64041858961457621, 30.21268008998935528, -52.35504676791838818 ) ) ;
#1848 = CARTESIAN_POINT ( 'NONE',  ( -213.9730217796969214, 36.54680462833702137, -397.4265783955102052 ) ) ;
#1849 = CARTESIAN_POINT ( 'NONE',  ( 18.24033355265544287, -8.228907198055127381, 498.0555349261633182 ) ) ;
#1850 = CARTESIAN_POINT ( 'NONE',  ( -71.53834382787874802, 25.10782231967298728, 235.7491913234201206 ) ) ;
#1851 = CARTESIAN_POINT ( 'NONE',  ( -210.2635594368242096, 29.28912824668183035, -319.9406214907227763 ) ) ;
#1852 = CARTESIAN_POINT ( 'NONE',  ( 33.84575149278049366, 24.95165008473844281, 18.67112896457540216 ) ) ;
#1853 = DIRECTION ( 'NONE',  ( 0.000000000000000000, 0.000000000000000000, -1.000000000000000000 ) ) ;
#1854 = CARTESIAN_POINT ( 'NONE',  ( -14.07016902195590902, 14.74401191919484688, -108.2123191068398995 ) ) ;
#1855 = CARTESIAN_POINT ( 'NONE',  ( 42.10095980951396655, 12.19953811725073223, 23.10867998829751713 ) ) ;
#1856 = CARTESIAN_POINT ( 'NONE',  ( 27.48941962296447628, 56.19086104341413090, 106.1228587318997967 ) ) ;
#1857 = CARTESIAN_POINT ( 'NONE',  ( -54.99999998335124474, 40.68173692067720282, 438.0555349262138520 ) ) ;
#1858 = CARTESIAN_POINT ( 'NONE',  ( 20.80678567996247708, 1.170231675419018069, 498.0555349261633182 ) ) ;
#1859 = CARTESIAN_POINT ( 'NONE',  ( -91.94878721670892219, 35.34017758658104214, 294.0012731391497596 ) ) ;
#1860 = CARTESIAN_POINT ( 'NONE',  ( 70.87712398580050888, 24.61026269495835095, 235.3421634365119530 ) ) ;
#1861 = ADVANCED_FACE ( 'NONE', ( #4194 ), #1633, .T. ) ;
#1862 = CARTESIAN_POINT ( 'NONE',  ( -57.28723771502042439, 41.95326018549971536, 195.3436277095064497 ) ) ;
#1863 = CARTESIAN_POINT ( 'NONE',  ( 25.24792544712634523, -39.44896879529173361, 438.0555349262137383 ) ) ;
#1864 = CARTESIAN_POINT ( 'NONE',  ( 225.0000000000000284, 34.33133727033793292, -310.3473149467613439 ) ) ;
#1865 = CARTESIAN_POINT ( 'NONE',  ( 225.0000000000000000, 17.42180387211152492, -352.7196998279937930 ) ) ;
#1866 = CARTESIAN_POINT ( 'NONE',  ( -364.1297931329421544, 26.61051873457753913, 60.20061519898360558 ) ) ;
#1867 = ORIENTED_EDGE ( 'NONE', *, *, #1660, .T. ) ;
#1868 = CARTESIAN_POINT ( 'NONE',  ( -221.0360269746369113, 40.75326087574215705, -335.3584040348886788 ) ) ;
#1869 = CARTESIAN_POINT ( 'NONE',  ( -14.58649411999991408, -44.31434680274015392, 438.0555349262138520 ) ) ;
#1870 = CARTESIAN_POINT ( 'NONE',  ( 225.0000000000000853, 32.42971863140166988, -372.1158354338166987 ) ) ;
#1871 = ORIENTED_EDGE ( 'NONE', *, *, #3820, .F. ) ;
#1872 = DIRECTION ( 'NONE',  ( -1.000000000000000000, 0.000000000000000000, 0.000000000000000000 ) ) ;
#1873 = CARTESIAN_POINT ( 'NONE',  ( -32.92523833416731094, 28.33255627386647646, 21.81351591390977163 ) ) ;
#1874 = CARTESIAN_POINT ( 'NONE',  ( -41.56310877518941993, 12.92263822649883132, 15.39804626018724854 ) ) ;
#1875 = CARTESIAN_POINT ( 'NONE',  ( -215.2392572700275366, 37.15512473969243956, -398.4610832941572198 ) ) ;
#1876 = VERTEX_POINT ( 'NONE', #1922 ) ;
#1877 = CARTESIAN_POINT ( 'NONE',  ( 40.27664033297617863, -10.40596193441549033, 466.7211743237411383 ) ) ;
#1878 = CARTESIAN_POINT ( 'NONE',  ( -71.56955178406208518, 24.28606557538485333, 233.5171923976111543 ) ) ;
#1879 = CARTESIAN_POINT ( 'NONE',  ( -209.9743451545174366, 26.58639992351750791, -337.8495012005692502 ) ) ;
#1880 = CARTESIAN_POINT ( 'NONE',  ( 38.82893388929125678, 25.19969044925190360, 22.33281394690792254 ) ) ;
#1881 = CARTESIAN_POINT ( 'NONE',  ( -209.2184658129730792, 30.20008915361874102, -366.2581193838084914 ) ) ;
#1882 = ADVANCED_FACE ( 'NONE', ( #3679 ), #2210, .T. ) ;
#1883 = CARTESIAN_POINT ( 'NONE',  ( -15.83384917822141347, 19.54581569014918685, -75.30158529682232427 ) ) ;
#1884 = CARTESIAN_POINT ( 'NONE',  ( 59.64374260468562028, 22.42133911952541325, 64.91737985928595833 ) ) ;
#1885 = CARTESIAN_POINT ( 'NONE',  ( 19.17617619237527293, 23.94493656107858826, -46.53904117984438216 ) ) ;
#1886 = CARTESIAN_POINT ( 'NONE',  ( 488.2016380909228133, 27.07752287432466076, 71.01079324949182592 ) ) ;
#1887 = CARTESIAN_POINT ( 'NONE',  ( 70.82228362741351191, 23.99064452449279372, 234.3688627764488785 ) ) ;
#1888 = CARTESIAN_POINT ( 'NONE',  ( -60.10339069232223608, 40.14207150033811189, 203.9234329704528079 ) ) ;
#1889 = CARTESIAN_POINT ( 'NONE',  ( 53.85632492116232584, -9.327977284146220072, 438.0555349262136815 ) ) ;
#1890 = DIRECTION ( 'NONE',  ( 0.09957286487481020743, 0.2417704812694699557, 0.9652110023033055874 ) ) ;
#1891 = CARTESIAN_POINT ( 'NONE',  ( 224.9999999999999716, 16.98288538969244499, -350.3324170332616063 ) ) ;
#1892 = DIRECTION ( 'NONE',  ( -1.000000000000000000, 0.000000000000000000, 0.000000000000000000 ) ) ;
#1893 = DIRECTION ( 'NONE',  ( 0.000000000000000000, 0.000000000000000000, -1.000000000000000000 ) ) ;
#1894 = CARTESIAN_POINT ( 'NONE',  ( -217.7208827393293120, 39.43520621158790362, -364.5081336152970835 ) ) ;
#1895 = CARTESIAN_POINT ( 'NONE',  ( 20.84992865909023152, 0.5868273653194717721, 498.0555349261633182 ) ) ;
#1896 = DIRECTION ( 'NONE',  ( 1.000000000000000000, 0.000000000000000000, -0.000000000000000000 ) ) ;
#1897 = CARTESIAN_POINT ( 'NONE',  ( 225.0000000000000853, 32.38778410808345853, -372.3826274577548929 ) ) ;
#1898 = ORIENTED_EDGE ( 'NONE', *, *, #2703, .T. ) ;
#1899 = ADVANCED_FACE ( 'NONE', ( #38, #3523 ), #3643, .T. ) ;
#1900 = CARTESIAN_POINT ( 'NONE',  ( 225.0000000000000000, 33.05720502818455486, -306.2873809885902006 ) ) ;
#1901 = CARTESIAN_POINT ( 'NONE',  ( -81.74340202169140923, 21.44016991846973141, 218.5383153779170016 ) ) ;
#1902 = CARTESIAN_POINT ( 'NONE',  ( -73.66722327412149696, 13.83113599858089593, 236.3843258815667809 ) ) ;
#1903 = CARTESIAN_POINT ( 'NONE',  ( -42.59493978982578710, 12.72359778521021845, 20.69667407725912511 ) ) ;
#1904 = CARTESIAN_POINT ( 'NONE',  ( -213.7399380871626988, 34.75236567682723177, -399.9882862224793030 ) ) ;
#1905 = ORIENTED_EDGE ( 'NONE', *, *, #2959, .F. ) ;
#1906 = CARTESIAN_POINT ( 'NONE',  ( 3.388131789017200393E-19, 33.68272431118322174, 225.1752647138564782 ) ) ;
#1907 = CARTESIAN_POINT ( 'NONE',  ( -72.59126879853361913, 25.11013357073490226, 245.3464029314257573 ) ) ;
#1908 = CARTESIAN_POINT ( 'NONE',  ( -210.2749737911064472, 29.13085991817284182, -315.7443431634124522 ) ) ;
#1909 = CARTESIAN_POINT ( 'NONE',  ( 38.35698174044843967, 24.93838918333171861, 19.18161620124115885 ) ) ;
#1910 = CARTESIAN_POINT ( 'NONE',  ( -209.1692365431783571, 29.82058913777013842, -364.1752033069059848 ) ) ;
#1911 = CARTESIAN_POINT ( 'NONE',  ( -12.79345198913725312, 18.04435926119852951, -90.26796193371339427 ) ) ;
#1912 = CARTESIAN_POINT ( 'NONE',  ( 50.38802557120498449, 26.17817490831146188, 18.81616303548885227 ) ) ;
#1913 = CARTESIAN_POINT ( 'NONE',  ( -32.46191938328779969, 54.89541679103454186, 402.2845281192506945 ) ) ;
#1914 = CARTESIAN_POINT ( 'NONE',  ( -44.08427781223006292, 34.54424247834813855, 81.02415381537294081 ) ) ;
#1915 = CARTESIAN_POINT ( 'NONE',  ( 52.83619993162025708, 15.60894290162327280, 438.0555349262138520 ) ) ;
#1916 = CARTESIAN_POINT ( 'NONE',  ( 225.0000000000000284, 37.84066187834919504, -338.5050546676901604 ) ) ;
#1917 = CARTESIAN_POINT ( 'NONE',  ( 80.87202179986383044, 26.99988621084238360, 234.1849183134957855 ) ) ;
#1918 = CARTESIAN_POINT ( 'NONE',  ( 64.06340230528415702, -26.92271158994491032, 106.1228587318995267 ) ) ;
#1919 = CARTESIAN_POINT ( 'NONE',  ( -34.22750639807011908, -58.05102580759276520, 106.1228587319004077 ) ) ;
#1920 = CARTESIAN_POINT ( 'NONE',  ( 0.000000000000000000, 186.1377420663622502, -401.7409759026240295 ) ) ;
#1921 = CARTESIAN_POINT ( 'NONE',  ( 224.9999999999999432, 17.65239045778075777, -353.9587924785496398 ) ) ;
#1922 = CARTESIAN_POINT ( 'NONE',  ( -213.0000000000505338, 26.26107159832745452, 150.0000000000000000 ) ) ;
#1923 = DIRECTION ( 'NONE',  ( 0.000000000000000000, 0.000000000000000000, -1.000000000000000000 ) ) ;
#1924 = VECTOR ( 'NONE', #2474, 1000.000000000000000 ) ;
#1925 = CARTESIAN_POINT ( 'NONE',  ( -218.7919258610923521, 39.96466496872641727, -356.4318312151563646 ) ) ;
#1926 = CARTESIAN_POINT ( 'NONE',  ( 5.050673245201183998E-11, 0.000000000000000000, 498.0555349262137952 ) ) ;
#1927 = CARTESIAN_POINT ( 'NONE',  ( 225.0000000000000000, 31.87050973475679427, -303.2877059520001808 ) ) ;
#1928 = CARTESIAN_POINT ( 'NONE',  ( 225.0000000000000568, 31.45746514510464920, -378.2418282641407359 ) ) ;
#1929 = PRESENTATION_STYLE_ASSIGNMENT (( #3221 ) ) ;
#1930 = EDGE_CURVE ( 'NONE', #3312, #517, #1663, .T. ) ;
#1931 = CARTESIAN_POINT ( 'NONE',  ( -59.57927641840471722, 43.33924698953907040, 212.2503795169901366 ) ) ;
#1932 = CARTESIAN_POINT ( 'NONE',  ( 0.000000000000000000, 186.1377420663622502, -401.7409759026240295 ) ) ;
#1933 = CARTESIAN_POINT ( 'NONE',  ( -5.094401726193565239, 31.56464825083335413, -75.99012280489257876 ) ) ;
#1934 = CARTESIAN_POINT ( 'NONE',  ( -215.4291183620045160, 35.30340894134837981, -399.7649846483472516 ) ) ;
#1935 = AXIS2_PLACEMENT_3D ( 'NONE', #905, #2095, #1853 ) ;
#1936 = EDGE_LOOP ( 'NONE', ( #3534, #1622 ) ) ;
#1937 = AXIS2_PLACEMENT_3D ( 'NONE', #4676, #357, #741 ) ;
#1938 = CARTESIAN_POINT ( 'NONE',  ( 0.000000000000000000, 23.59361007357745876, 232.9596657389213021 ) ) ;
#1939 = CARTESIAN_POINT ( 'NONE',  ( -71.66629403598084025, 24.28518852484689461, 235.3958294537541462 ) ) ;
#1940 = CARTESIAN_POINT ( 'NONE',  ( -211.9994093800251278, 35.83141833349208838, -304.6076798473246185 ) ) ;
#1941 = CARTESIAN_POINT ( 'NONE',  ( 13.50687212855601516, 14.59667165373406128, -110.0851529042745938 ) ) ;
#1942 = CARTESIAN_POINT ( 'NONE',  ( -209.1076813897014119, 29.06479600571784516, -360.0084030537023523 ) ) ;
#1943 = CARTESIAN_POINT ( 'NONE',  ( 61.24071689179864109, 42.64613555145721335, 215.7225636818001817 ) ) ;
#1944 = CARTESIAN_POINT ( 'NONE',  ( 17.07868437073829426, 29.77949039727641889, -45.16118885858762866 ) ) ;
#1945 = CARTESIAN_POINT ( 'NONE',  ( 25.79995927864073835, 16.40939359835056521, -46.53904117984439637 ) ) ;
#1946 = CARTESIAN_POINT ( 'NONE',  ( -225.0000000000505338, 26.26107159832745452, -397.0000000000000000 ) ) ;
#1947 = CARTESIAN_POINT ( 'NONE',  ( -6.999301163785304425, -13.21509734848357986, 498.0555349261633182 ) ) ;
#1948 = CARTESIAN_POINT ( 'NONE',  ( 69.87300317921989290, 31.12688907599389765, 242.7141177259763651 ) ) ;
#1949 = CARTESIAN_POINT ( 'NONE',  ( -47.40558798443609589, 43.48495683692723901, 135.4066684932577687 ) ) ;
#1950 = CARTESIAN_POINT ( 'NONE',  ( 38.48990025043794816, -41.77574491347864694, 402.2845281192505809 ) ) ;
#1951 = CARTESIAN_POINT ( 'NONE',  ( 71.91741177664118823, 12.25473000299676762, 229.0880521832064574 ) ) ;
#1952 = CARTESIAN_POINT ( 'NONE',  ( 225.0000000000000568, 18.16118978181968302, -356.7005922295780351 ) ) ;
#1953 = CARTESIAN_POINT ( 'NONE',  ( -15.96526956232129102, 15.67330264405599216, -89.33835514927994836 ) ) ;
#1954 = CARTESIAN_POINT ( 'NONE',  ( -221.0279027715936024, 40.75080029073589571, -334.3531466273134356 ) ) ;
#1955 = CARTESIAN_POINT ( 'NONE',  ( 19.19939267377819192, 32.65850422288267652, -98.19194519094379814 ) ) ;
#1956 = ADVANCED_FACE ( 'NONE', ( #945 ), #3210, .F. ) ;
#1957 = CARTESIAN_POINT ( 'NONE',  ( 225.0000000000000284, 33.62957358472948499, -308.0590257774019847 ) ) ;
#1958 = CARTESIAN_POINT ( 'NONE',  ( 225.0000000000001421, 30.86991888116811111, -381.7943886373256532 ) ) ;
#1959 = CARTESIAN_POINT ( 'NONE',  ( -212.9764270668221684, 36.62298672068667571, -399.3687599251549614 ) ) ;
#1960 = SURFACE_STYLE_FILL_AREA ( #3658 ) ;
#1961 = CARTESIAN_POINT ( 'NONE',  ( 6.890939675368339401, 32.47323790877127436, -92.83090448649745952 ) ) ;
#1962 = CARTESIAN_POINT ( 'NONE',  ( -213.9967200061582275, 34.64774083756834244, -399.9587767163785657 ) ) ;
#1963 = ORIENTED_EDGE ( 'NONE', *, *, #765, .T. ) ;
#1964 = CARTESIAN_POINT ( 'NONE',  ( 72.10208134027233484, 12.64514902923035145, 230.8332507962377633 ) ) ;
#1965 = CARTESIAN_POINT ( 'NONE',  ( -8.535209828117968911, 15.85406768093941210, -110.4472090190823650 ) ) ;
#1966 = CARTESIAN_POINT ( 'NONE',  ( -212.1266663398947969, 33.96284726250169683, -303.3578862016353810 ) ) ;
#1967 = CARTESIAN_POINT ( 'NONE',  ( 12.56671845862982018, 15.27691934089438242, -101.9656147208840054 ) ) ;
#1968 = CARTESIAN_POINT ( 'NONE',  ( -209.4158044997050183, 31.25485178240307249, -372.5188106756827437 ) ) ;
#1969 = AXIS2_PLACEMENT_3D ( 'NONE', #2563, #5603, #767 ) ;
#1970 = CARTESIAN_POINT ( 'NONE',  ( -212.9146767070969304, 35.14784595249489030, -302.7779112387264604 ) ) ;
#1971 = CARTESIAN_POINT ( 'NONE',  ( 9.435491466837326868, 30.99944045566965656, -66.12242023056093387 ) ) ;
#1972 = CARTESIAN_POINT ( 'NONE',  ( -3.249298807945140588, 14.66941925245177636, -124.9949820965278349 ) ) ;
#1973 = CARTESIAN_POINT ( 'NONE',  ( -45.63263728305879141, 41.41589076612110176, 119.1891788858035000 ) ) ;
#1974 = CARTESIAN_POINT ( 'NONE',  ( 52.83619993162026418, -15.60894290162319287, 438.0555349262138520 ) ) ;
#1975 = CARTESIAN_POINT ( 'NONE',  ( 62.18091619162926520, 38.74366348964323947, 208.2743495721191493 ) ) ;
#1976 = CARTESIAN_POINT ( 'NONE',  ( -44.42302312207393555, 37.16490816184015245, 94.60521730653636041 ) ) ;
#1977 = CARTESIAN_POINT ( 'NONE',  ( -14.39801607198104882, -29.68678370994360805, -46.53904117984442479 ) ) ;
#1978 = CARTESIAN_POINT ( 'NONE',  ( 78.89623545082750411, 19.04607308697258006, 204.3184825492391212 ) ) ;
#1979 = CARTESIAN_POINT ( 'NONE',  ( 225.0000000000000568, 19.81364506240555912, -366.2782409462495821 ) ) ;
#1980 = CARTESIAN_POINT ( 'NONE',  ( -43.06051297120658461, 12.63772319132680622, 23.10340240885446406 ) ) ;
#1981 = CARTESIAN_POINT ( 'NONE',  ( 45.03479687254159103, 48.32866653082491126, 156.5000739044534157 ) ) ;
#1982 = DIRECTION ( 'NONE',  ( 1.000000000000000000, 0.000000000000000000, 0.000000000000000000 ) ) ;
#1983 = CARTESIAN_POINT ( 'NONE',  ( -24.11796692190779368, -21.41840432102074487, -46.53904117984421873 ) ) ;
#1984 = CARTESIAN_POINT ( 'NONE',  ( 225.0000000000000284, 16.83611667347025431, -318.4655035935830938 ) ) ;
#1985 = CARTESIAN_POINT ( 'NONE',  ( 225.0000000000000853, 31.67018892605118197, -376.9189048800462842 ) ) ;
#1986 = CARTESIAN_POINT ( 'NONE',  ( -213.2336170340173283, 36.10993429113798214, -399.8016422744154283 ) ) ;
#1987 = CARTESIAN_POINT ( 'NONE',  ( 224.9999999999999432, 37.34597169004039330, -324.3021132680495953 ) ) ;
#1988 = CARTESIAN_POINT ( 'NONE',  ( -69.79130526578325089, 16.89781893741911745, 131.5677140124622042 ) ) ;
#1989 = CARTESIAN_POINT ( 'NONE',  ( -17.95597759421485762, 33.41503127330786072, -103.0061124661156242 ) ) ;
#1990 = CARTESIAN_POINT ( 'NONE',  ( -214.1729459194070557, 34.80265110567250986, -399.9515616390083892 ) ) ;
#1991 = EDGE_LOOP ( 'NONE', ( #49, #4547 ) ) ;
#1992 = CARTESIAN_POINT ( 'NONE',  ( -800.0000000000000000, 32.60737332170467795, 196.9684616617890072 ) ) ;
#1993 = CARTESIAN_POINT ( 'NONE',  ( -71.66179767132209122, 24.67385340330476495, 233.5053795501667366 ) ) ;
#1994 = CARTESIAN_POINT ( 'NONE',  ( -209.7459751023167769, 31.48546732090459699, -314.2732088448108811 ) ) ;
#1995 = CARTESIAN_POINT ( 'NONE',  ( 15.60091898150151302, 16.46795747885094130, -87.05253897030894450 ) ) ;
#1996 = CARTESIAN_POINT ( 'NONE',  ( -225.0000000000000000, 33.05720502818455486, -306.2873809885902006 ) ) ;
#1997 = CARTESIAN_POINT ( 'NONE',  ( -216.2572052278783588, 38.45305178239679122, -306.8630054596808350 ) ) ;
#1998 = CARTESIAN_POINT ( 'NONE',  ( 40.97611488119817835, 12.42041517174064680, 17.58400957859572600 ) ) ;
#1999 = CARTESIAN_POINT ( 'NONE',  ( -25.27330816165814298, 18.86386761995960271, -46.53904117984433242 ) ) ;
#2000 = DIRECTION ( 'NONE',  ( 1.000000000000000000, 0.000000000000000000, 0.000000000000000000 ) ) ;
#2001 = CARTESIAN_POINT ( 'NONE',  ( 20.13832016651156565, -5.202980967207745167, 498.0555349261633182 ) ) ;
#2002 = ORIENTED_EDGE ( 'NONE', *, *, #2352, .T. ) ;
#2003 = CARTESIAN_POINT ( 'NONE',  ( 60.66540297835260986, 40.15696727731916127, 203.3127255232992354 ) ) ;
#2004 = CARTESIAN_POINT ( 'NONE',  ( -52.48074464630946778, 44.26262728547227709, 179.6642953183913676 ) ) ;
#2005 = CARTESIAN_POINT ( 'NONE',  ( 81.48476118614306074, 61.75711178803960877, 294.0012731391507828 ) ) ;
#2006 = CARTESIAN_POINT ( 'NONE',  ( 0.000000000000000000, 182.4742510694330804, -414.3975106221485589 ) ) ;
#2007 = CARTESIAN_POINT ( 'NONE',  ( 225.0000000000000568, 20.70648760640095531, -371.9107571997829496 ) ) ;
#2008 = ADVANCED_FACE ( 'NONE', ( #2693 ), #2617, .F. ) ;
#2009 = CARTESIAN_POINT ( 'NONE',  ( -71.98632673940643656, 10.95523225481325191, 221.7976678906061636 ) ) ;
#2010 = CARTESIAN_POINT ( 'NONE',  ( 53.91469319021360462, 47.37795177382878364, 191.4419849054013980 ) ) ;
#2011 = CARTESIAN_POINT ( 'NONE',  ( -77.99984881117755720, 28.30959577856202003, 233.1997945410793136 ) ) ;
#2012 = CARTESIAN_POINT ( 'NONE',  ( -48.68865107774659151, -44.27104249014206516, 106.1228587318999388 ) ) ;
#2013 = CARTESIAN_POINT ( 'NONE',  ( 225.0000000000001137, 18.12561801097645287, -312.9269286538751089 ) ) ;
#2014 = CARTESIAN_POINT ( 'NONE',  ( 225.0000000000000284, 33.01239051174205485, -368.4202697431273918 ) ) ;
#2015 = CARTESIAN_POINT ( 'NONE',  ( -212.7068423104681187, 37.52517240294012879, -397.7331778868817196 ) ) ;
#2016 = CARTESIAN_POINT ( 'NONE',  ( -53.38869338975759860, 19.31073207041492878, 96.07616789357030029 ) ) ;
#2017 = CARTESIAN_POINT ( 'NONE',  ( 225.0000000000000000, 23.35008783901452389, -387.5946404567795298 ) ) ;
#2018 = CARTESIAN_POINT ( 'NONE',  ( -6.782507238009742423, 31.37934725079299980, -72.70328840417224114 ) ) ;
#2019 = CARTESIAN_POINT ( 'NONE',  ( -213.6357933712998829, 35.48210194289838881, -400.0001802716744805 ) ) ;
#2020 = ORIENTED_EDGE ( 'NONE', *, *, #5550, .F. ) ;
#2021 = CARTESIAN_POINT ( 'NONE',  ( 3.388131789017200393E-19, 21.82834525937179393, -24.28960080278724121 ) ) ;
#2022 = CARTESIAN_POINT ( 'NONE',  ( -10.46678227238272818, 16.12152737565752858, -104.6726438957604586 ) ) ;
#2023 = CARTESIAN_POINT ( 'NONE',  ( -210.8375853467245804, 31.20627616395213977, -308.4219924028789137 ) ) ;
#2024 = CARTESIAN_POINT ( 'NONE',  ( 7.184020450295362181, 15.19834870833372875, -116.2372349306139796 ) ) ;
#2025 = CARTESIAN_POINT ( 'NONE',  ( -210.6658381892069656, 35.07436541174486422, -396.5448571744349806 ) ) ;
#2026 = AXIS2_PLACEMENT_3D ( 'NONE', #5014, #217, #651 ) ;
#2027 = CARTESIAN_POINT ( 'NONE',  ( -213.4383358888000828, 35.82325008160595559, -302.7977474220217005 ) ) ;
#2028 = CARTESIAN_POINT ( 'NONE',  ( 35.48945483906754816, 25.94877777522046358, 19.56636350742261143 ) ) ;
#2029 = CARTESIAN_POINT ( 'NONE',  ( -13.30423717816793960, 6.988497522366820647, -124.9949820965277638 ) ) ;
#2030 = CARTESIAN_POINT ( 'NONE',  ( 960.0000000000000000, 32.61759250514128183, 137.6437123335327328 ) ) ;
#2031 = CARTESIAN_POINT ( 'NONE',  ( 5.050673245201183998E-11, 0.000000000000000000, 498.0555349262137952 ) ) ;
#2032 = CARTESIAN_POINT ( 'NONE',  ( 68.51413451283548284, 33.78124106381841329, 239.1297547945342501 ) ) ;
#2033 = STYLED_ITEM ( 'NONE', ( #1105 ), #3521 ) ;
#2034 = CARTESIAN_POINT ( 'NONE',  ( -45.71344104077382298, 44.78025833062826422, 150.8099766249943627 ) ) ;
#2035 = CARTESIAN_POINT ( 'NONE',  ( 55.01344659438123585, 33.44146455613338986, 402.2845281192501261 ) ) ;
#2036 = CARTESIAN_POINT ( 'NONE',  ( 0.000000000000000000, 185.7945943861955413, -472.9308350128676466 ) ) ;
#2037 = CARTESIAN_POINT ( 'NONE',  ( 225.0000000000000284, 18.71026900998565878, -359.7303270276865419 ) ) ;
#2038 = CARTESIAN_POINT ( 'NONE',  ( 35.94221902083824460, 52.02334749050522333, 402.2845281192506945 ) ) ;
#2039 = CARTESIAN_POINT ( 'NONE',  ( 37.23761355846491483, 40.20202482987706105, 95.56430054472679103 ) ) ;
#2040 = EDGE_CURVE ( 'NONE', #3072, #2789, #2460, .T. ) ;
#2041 = CARTESIAN_POINT ( 'NONE',  ( -225.0000000000505338, 26.26107159832745452, -400.0000000000000000 ) ) ;
#2042 =( BOUNDED_CURVE ( )  B_SPLINE_CURVE ( 3, ( #5529, #695, #2441, #4658 ),
 .UNSPECIFIED., .F., .F. ) 
 B_SPLINE_CURVE_WITH_KNOTS ( ( 4, 4 ),
 ( 2.175238689600947239, 3.141592653919527134 ),
 .UNSPECIFIED. ) 
 CURVE ( )  GEOMETRIC_REPRESENTATION_ITEM ( )  RATIONAL_B_SPLINE_CURVE ( ( 1.000000000000000000, 0.9236822564888043097, 0.9236822564888043097, 1.000000000000000000 ) ) 
 REPRESENTATION_ITEM ( '' )  );
#2043 = CARTESIAN_POINT ( 'NONE',  ( 51.29183465636624106, -63.02286602380574720, 294.0012731391505554 ) ) ;
#2044 = CARTESIAN_POINT ( 'NONE',  ( 225.0000000000000284, 23.20905236275043038, -299.5513702080314715 ) ) ;
#2045 = CARTESIAN_POINT ( 'NONE',  ( 225.0000000000000284, 35.31989131733063658, -355.0124323408737723 ) ) ;
#2046 = CARTESIAN_POINT ( 'NONE',  ( -213.6728011410969543, 34.78026094043836736, -399.9943910091981820 ) ) ;
#2047 = CARTESIAN_POINT ( 'NONE',  ( -48.09463545599754042, 11.16895057390074797, 50.42618594664737230 ) ) ;
#2048 = CARTESIAN_POINT ( 'NONE',  ( 224.9999999999999716, 23.74511549511410280, -389.5172297163926487 ) ) ;
#2049 = CARTESIAN_POINT ( 'NONE',  ( -213.1680699098616856, 34.97626006503753615, -399.9975011688055133 ) ) ;
#2050 = VERTEX_POINT ( 'NONE', #5424 ) ;
#2051 = CARTESIAN_POINT ( 'NONE',  ( 3.388131789017200393E-19, 40.73036246116884485, 109.2912859992170382 ) ) ;
#2052 = CARTESIAN_POINT ( 'NONE',  ( -8.842197812651184208, 15.70502102821030199, -110.3600073862533435 ) ) ;
#2053 = CARTESIAN_POINT ( 'NONE',  ( -213.9622251888067979, 36.42049806231618447, -303.0895856794588781 ) ) ;
#2054 = CARTESIAN_POINT ( 'NONE',  ( 72.96846419617097013, 18.86735055520521698, 243.8088907537922978 ) ) ;
#2055 = CARTESIAN_POINT ( 'NONE',  ( -79.64631467872436588, 18.96078756908721985, 203.1339698987936799 ) ) ;
#2056 = DIRECTION ( 'NONE',  ( -1.000000000000000000, 0.000000000000000000, 0.000000000000000000 ) ) ;
#2057 = CARTESIAN_POINT ( 'NONE',  ( 8.451325642258471049, 15.53346718176482533, -111.8903001380361815 ) ) ;
#2058 = CARTESIAN_POINT ( 'NONE',  ( -52.47392798552442628, 13.51021269261975100, 438.0555349262139089 ) ) ;
#2059 = CARTESIAN_POINT ( 'NONE',  ( -1.694065894508600678E-18, 30.13912404522548982, 55.31057591277588159 ) ) ;
#2060 = CARTESIAN_POINT ( 'NONE',  ( 5.050673245201183998E-11, 0.000000000000000000, 498.0555349262137952 ) ) ;
#2061 = CARTESIAN_POINT ( 'NONE',  ( 79.01319832724260550, 27.87457273873566166, 233.7418005644363745 ) ) ;
#2062 = AXIS2_PLACEMENT_3D ( 'NONE', #1742, #1233, #3870 ) ;
#2063 = CARTESIAN_POINT ( 'NONE',  ( -53.50281983224121518, 43.88990130737544604, 183.1895347215734375 ) ) ;
#2064 = CARTESIAN_POINT ( 'NONE',  ( 7.304520183796568311, -13.12527426118781548, -124.9949820965277922 ) ) ;
#2065 = CARTESIAN_POINT ( 'NONE',  ( 31.67345390004069827, 21.66882184304478187, -21.51190058937864436 ) ) ;
#2066 = CARTESIAN_POINT ( 'NONE',  ( 225.0000000000000000, 18.87186302197865473, -360.6470321649957214 ) ) ;
#2067 = CARTESIAN_POINT ( 'NONE',  ( 57.00844439527377716, 94.24550978867188178, 294.0012731391505554 ) ) ;
#2068 = B_SPLINE_CURVE_WITH_KNOTS ( 'NONE', 3,
 ( #2236, #113, #5347, #48, #920, #4824, #2697, #2292, #1866, #889, #3620, #5376, #2609, #2208, #5261, #3562, #4364, #428, #3933, #1524 ),
 .UNSPECIFIED., .F., .F.,
 ( 4, 2, 2, 2, 2, 2, 2, 2, 2, 4 ),
 ( 0.000000000000000000, 0.09374717723494156718, 0.1874943544698831344, 0.3749887089397666018, 0.4687358861747084049, 0.5624830634096501525, 0.6093566520271210818, 0.6562302406445921221, 0.7031038292620630514, 0.7499774178795339807 ),
 .UNSPECIFIED. ) ;
#2069 = CARTESIAN_POINT ( 'NONE',  ( 46.51497538935844744, 48.61256002782251073, 163.1879590866479930 ) ) ;
#2070 = CARTESIAN_POINT ( 'NONE',  ( -210.0328860269189590, 27.29157344271838070, -360.4637198161909168 ) ) ;
#2071 = CARTESIAN_POINT ( 'NONE',  ( 21.71708470485818765, -49.80846514252160517, 402.2845281192505809 ) ) ;
#2072 = CARTESIAN_POINT ( 'NONE',  ( 225.0000000000000853, 19.36377628134794904, -308.6075294564394085 ) ) ;
#2073 = CARTESIAN_POINT ( 'NONE',  ( 225.0000000000000568, 33.97638969717934998, -362.5066284076140164 ) ) ;
#2074 = CARTESIAN_POINT ( 'NONE',  ( -213.7833161381399805, 34.73379474186045002, -399.9842943172611172 ) ) ;
#2075 = CARTESIAN_POINT ( 'NONE',  ( -55.07525063631099727, 8.035628248530032991, 94.87958572507764643 ) ) ;
#2076 = CARTESIAN_POINT ( 'NONE',  ( -217.1909853866975482, 40.38615193545042814, -361.3141188063215168 ) ) ;
#2077 = EDGE_CURVE ( 'NONE', #1536, #1730, #214, .T. ) ;
#2078 = ORIENTED_EDGE ( 'NONE', *, *, #2298, .F. ) ;
#2079 = CARTESIAN_POINT ( 'NONE',  ( -18.20911582253976846, 18.00836047090752601, -76.11523596348980902 ) ) ;
#2080 = CARTESIAN_POINT ( 'NONE',  ( 68.66623813989501457, 33.53812939171032781, 239.6307923087249208 ) ) ;
#2081 = CARTESIAN_POINT ( 'NONE',  ( -224.9999999999999716, 34.84021176312775481, -311.8063072639330926 ) ) ;
#2082 = CARTESIAN_POINT ( 'NONE',  ( 20.74968388575547706, 32.93855109753093302, -94.85662600838671210 ) ) ;
#2083 = CARTESIAN_POINT ( 'NONE',  ( -4.655494698924370844, 14.28418657084498378, -124.9949820965278207 ) ) ;
#2084 = CARTESIAN_POINT ( 'NONE',  ( 960.0000000000000000, 25.54291046610794069, 93.49433144141869434 ) ) ;
#2085 = CARTESIAN_POINT ( 'NONE',  ( 753.8168752969627349, 28.64057353737177891, 212.0623938984089989 ) ) ;
#2086 = ORIENTED_EDGE ( 'NONE', *, *, #841, .F. ) ;
#2087 = CARTESIAN_POINT ( 'NONE',  ( -210.0002249652330875, 33.34891295942962586, -386.5460152271515426 ) ) ;
#2088 = CARTESIAN_POINT ( 'NONE',  ( 43.90885133861192458, 47.91177199432497247, 150.7407734749299095 ) ) ;
#2089 = CARTESIAN_POINT ( 'NONE',  ( -38.39427140862125754, 24.21532077139101702, 10.40776237658916692 ) ) ;
#2090 = CARTESIAN_POINT ( 'NONE',  ( 25.78267900629955989, -61.15283029495785172, 106.1228587318997256 ) ) ;
#2091 = CARTESIAN_POINT ( 'NONE',  ( 0.000000000000000000, 183.2476196277067686, -452.1313293257163082 ) ) ;
#2092 = CARTESIAN_POINT ( 'NONE',  ( 225.0000000000001137, 21.15488112919510399, -374.7585100250921641 ) ) ;
#2093 = CARTESIAN_POINT ( 'NONE',  ( 14.66985984509897278, 3.251726543173423689, -124.9949820965277638 ) ) ;
#2094 = CARTESIAN_POINT ( 'NONE',  ( -217.0295547527117606, 39.03535513505094201, -370.5809506254385042 ) ) ;
#2095 = DIRECTION ( 'NONE',  ( 0.000000000000000000, -1.000000000000000000, 0.000000000000000000 ) ) ;
#2096 = CARTESIAN_POINT ( 'NONE',  ( -39.37041309872900285, -53.93791991383459106, 106.1228587318991714 ) ) ;
#2097 = CARTESIAN_POINT ( 'NONE',  ( 225.0000000000000000, 36.31991945338905481, -318.4050658894551020 ) ) ;
#2098 = CARTESIAN_POINT ( 'NONE',  ( 225.0000000000000568, 15.83549617860869496, -324.2089619996448278 ) ) ;
#2099 = CARTESIAN_POINT ( 'NONE',  ( 225.0000000000000568, 35.16387543338240818, -355.8528209058100060 ) ) ;
#2100 = PLANE ( 'NONE',  #4857 ) ;
#2101 = CARTESIAN_POINT ( 'NONE',  ( 48.57252562956907838, 10.38772310717657277, 56.09866265882581615 ) ) ;
#2102 = CARTESIAN_POINT ( 'NONE',  ( -213.1089905839588710, 38.00775738785068114, -394.8263109616914335 ) ) ;
#2103 = ORIENTED_EDGE ( 'NONE', *, *, #640, .F. ) ;
#2104 = VECTOR ( 'NONE', #2760, 1000.000000000000000 ) ;
#2105 = CARTESIAN_POINT ( 'NONE',  ( -210.0046345011245421, 25.86907917188417017, -349.5449204622785260 ) ) ;
#2106 = CARTESIAN_POINT ( 'NONE',  ( -71.92373073507502568, 16.30633616464146485, 147.7001720690321633 ) ) ;
#2107 = EDGE_CURVE ( 'NONE', #3019, #5100, #3279, .T. ) ;
#2108 = FACE_OUTER_BOUND ( 'NONE', #925, .T. ) ;
#2109 = CARTESIAN_POINT ( 'NONE',  ( -14.28417779864901327, -4.655494940466282650, -124.9949820965277496 ) ) ;
#2110 = LINE ( 'NONE', #5110, #5463 ) ;
#2111 = CARTESIAN_POINT ( 'NONE',  ( -960.0000000000000000, 34.28750711036776977, 56.58509408616743741 ) ) ;
#2112 = VERTEX_POINT ( 'NONE', #3348 ) ;
#2113 = CARTESIAN_POINT ( 'NONE',  ( -210.2901942978631951, 34.14488953513088632, -391.5959561818478392 ) ) ;
#2114 = CARTESIAN_POINT ( 'NONE',  ( 43.32986887129995068, 42.90568364002523793, 129.9842397839944397 ) ) ;
#2115 = CARTESIAN_POINT ( 'NONE',  ( -20.76141016044439169, 18.26915442083861052, -64.41449318518372991 ) ) ;
#2116 = CARTESIAN_POINT ( 'NONE',  ( 6.011784891283454613, -13.76748107763667939, -124.9949820965277780 ) ) ;
#2117 = CARTESIAN_POINT ( 'NONE',  ( 55.00000000302123482, 14.85952107476614614, 438.0555349262137952 ) ) ;
#2118 = CARTESIAN_POINT ( 'NONE',  ( 225.0000000000000568, 22.84012661427124158, -384.8894629825704214 ) ) ;
#2119 = TOROIDAL_SURFACE ( 'NONE', #195, 11.99999999999999645, 3.000000000000000000 ) ;
#2120 = CARTESIAN_POINT ( 'NONE',  ( 31.25668603971744375, 36.46269079359090171, 438.0555349262138520 ) ) ;
#2121 = CIRCLE ( 'NONE', #3313, 3.000000000000002665 ) ;
#2122 = DIRECTION ( 'NONE',  ( 1.000000000000000000, 0.000000000000000000, 0.000000000000000000 ) ) ;
#2123 = CARTESIAN_POINT ( 'NONE',  ( 76.19715778578957099, 70.57416277419918060, 294.0012731391498733 ) ) ;
#2124 = CARTESIAN_POINT ( 'NONE',  ( 225.0000000000000284, 38.01167015232456947, -332.4602892165279968 ) ) ;
#2125 = CARTESIAN_POINT ( 'NONE',  ( 225.0000000000000284, 15.18654214914796796, -335.9949372329765538 ) ) ;
#2126 = CARTESIAN_POINT ( 'NONE',  ( 225.0000000000000568, 37.08292799744326373, -345.0175773533886172 ) ) ;
#2127 = CARTESIAN_POINT ( 'NONE',  ( 30.57359499913787815, 21.36682492156737112, -25.34242336072517077 ) ) ;
#2128 = CARTESIAN_POINT ( 'NONE',  ( -82.67247207593733549, 26.31545188014617764, 234.2174207042084504 ) ) ;
#2129 = EDGE_CURVE ( 'NONE', #1326, #4807, #2967, .T. ) ;
#2130 = CARTESIAN_POINT ( 'NONE',  ( -215.8600619248369981, 39.76729978069258920, -371.9005928701188850 ) ) ;
#2131 = ORIENTED_EDGE ( 'NONE', *, *, #4711, .F. ) ;
#2132 = CARTESIAN_POINT ( 'NONE',  ( 51.72220702222708866, 25.58555647828625723, 27.74379648382650387 ) ) ;
#2133 = CARTESIAN_POINT ( 'NONE',  ( -83.18527838958739551, 24.06330588155897843, 230.6036394576381099 ) ) ;
#2134 = CARTESIAN_POINT ( 'NONE',  ( 15.25464595846817772, 33.75627719348668876, -108.9794716969573045 ) ) ;
#2135 = CARTESIAN_POINT ( 'NONE',  ( -28.99532465544285387, 13.62556192157078883, -46.53904117984432531 ) ) ;
#2136 = CARTESIAN_POINT ( 'NONE',  ( 960.0000000000000000, 33.43428219711653071, 146.3095658484770070 ) ) ;
#2137 = CARTESIAN_POINT ( 'NONE',  ( -48.06065659687801883, 25.06997916961851303, 22.15187012711137982 ) ) ;
#2138 = EDGE_LOOP ( 'NONE', ( #2758, #3815, #4150, #4910 ) ) ;
#2139 = CARTESIAN_POINT ( 'NONE',  ( -54.72912734285562664, 5.057479694076725707, 438.0555349262134541 ) ) ;
#2140 = CARTESIAN_POINT ( 'NONE',  ( -212.6898749004217848, 34.36569275847229221, -398.4471529036484867 ) ) ;
#2141 = CARTESIAN_POINT ( 'NONE',  ( 42.37176996677019503, 41.91058814091577034, 122.4854508598881750 ) ) ;
#2142 = CARTESIAN_POINT ( 'NONE',  ( -39.87509164658981575, 24.97950913543248319, 19.90686101146799558 ) ) ;
#2143 = CARTESIAN_POINT ( 'NONE',  ( 32.75694177864217238, 35.62781313794805271, 438.0555349262138520 ) ) ;
#2144 = CARTESIAN_POINT ( 'NONE',  ( 0.000000000000000000, 195.5952647681596090, -481.6864607382723875 ) ) ;
#2145 = DIRECTION ( 'NONE',  ( 1.000000000000000000, 0.000000000000000000, -0.000000000000000000 ) ) ;
#2146 = CARTESIAN_POINT ( 'NONE',  ( 67.08729684836126239, -4.003587802421283648, 106.1228587318994840 ) ) ;
#2147 = CARTESIAN_POINT ( 'NONE',  ( 82.76088007988617790, 24.92625613106800131, 233.4454587542095965 ) ) ;
#2148 = CARTESIAN_POINT ( 'NONE',  ( 10.73450959103078084, -10.50916006502231781, -124.9949820965277922 ) ) ;
#2149 = CARTESIAN_POINT ( 'NONE',  ( -38.67627779907452634, -41.52599244668026301, 402.2845281192505809 ) ) ;
#2150 = CARTESIAN_POINT ( 'NONE',  ( 225.0000000000000000, 37.95209706530602034, -336.6863792365707013 ) ) ;
#2151 = CARTESIAN_POINT ( 'NONE',  ( 225.0000000000000568, 15.15588028414308575, -334.8870718314925057 ) ) ;
#2152 = CARTESIAN_POINT ( 'NONE',  ( 225.0000000000000284, 37.40562367201900429, -342.7212116589125230 ) ) ;
#2153 = CARTESIAN_POINT ( 'NONE',  ( 3.388131789017200393E-19, 25.48233891542691509, 20.07672402328892503 ) ) ;
#2154 = CARTESIAN_POINT ( 'NONE',  ( -213.2425417479114458, 35.57640009416133609, -302.7713433402067267 ) ) ;
#2155 = CYLINDRICAL_SURFACE ( 'NONE', #2206, 14.99999999999998579 ) ;
#2156 = CARTESIAN_POINT ( 'NONE',  ( 225.0000000000000568, 24.76292371582080065, -393.6103656720034110 ) ) ;
#2157 = ORIENTED_EDGE ( 'NONE', *, *, #4460, .F. ) ;
#2158 = FACE_OUTER_BOUND ( 'NONE', #1936, .T. ) ;
#2159 = CARTESIAN_POINT ( 'NONE',  ( 14.64642761220719436, 15.81748309265683439, -91.76945464341602587 ) ) ;
#2160 = CARTESIAN_POINT ( 'NONE',  ( -3.253366960147550113, -53.11117194231689354, 402.2845281192502398 ) ) ;
#2161 = CARTESIAN_POINT ( 'NONE',  ( 48.93793013484383891, -11.21082316952672642, 26.21036590044732861 ) ) ;
#2162 = CARTESIAN_POINT ( 'NONE',  ( 430.4004572002021973, 27.28053646388556785, 225.7042547801878811 ) ) ;
#2163 = ORIENTED_EDGE ( 'NONE', *, *, #3324, .F. ) ;
#2164 = CARTESIAN_POINT ( 'NONE',  ( -46.26853106119845194, -24.08751611863855402, 438.0555349262136815 ) ) ;
#2165 = CARTESIAN_POINT ( 'NONE',  ( -212.1256895342693838, 34.18641389375773088, -396.7986321232302203 ) ) ;
#2166 = CARTESIAN_POINT ( 'NONE',  ( 40.49465496130662956, 45.73474910956365846, 130.0392159090333735 ) ) ;
#2167 = CARTESIAN_POINT ( 'NONE',  ( -30.53798665804225720, 22.49676727284171918, -11.62810780343450823 ) ) ;
#2168 = CARTESIAN_POINT ( 'NONE',  ( 37.65126480469366044, 50.81110080213249347, 402.2845281192506945 ) ) ;
#2169 = DIRECTION ( 'NONE',  ( 0.000000000000000000, 0.000000000000000000, -1.000000000000000000 ) ) ;
#2170 = CARTESIAN_POINT ( 'NONE',  ( 225.0000000000000000, 21.17622859379896738, -374.8935358143476719 ) ) ;
#2171 = CARTESIAN_POINT ( 'NONE',  ( 27.48941962296447628, 56.19086104341413090, 106.1228587318997967 ) ) ;
#2172 = CARTESIAN_POINT ( 'NONE',  ( -83.41061016287359564, 24.58247493297891850, 232.7132548308614730 ) ) ;
#2173 = ADVANCED_FACE ( 'NONE', ( #5134 ), #5026, .T. ) ;
#2174 = CARTESIAN_POINT ( 'NONE',  ( 31.87379352494549423, -58.15305944898119606, 106.1228587318998109 ) ) ;
#2175 = CARTESIAN_POINT ( 'NONE',  ( -13.76785631434447588, -6.011715292623330598, -124.9949820965278349 ) ) ;
#2176 = CARTESIAN_POINT ( 'NONE',  ( 225.0000000000000284, 37.63015832403787186, -326.5922540489699486 ) ) ;
#2177 = CARTESIAN_POINT ( 'NONE',  ( 225.0000000000000853, 15.15327729169015747, -332.6315844243106312 ) ) ;
#2178 = CARTESIAN_POINT ( 'NONE',  ( 225.0000000000000853, 35.75749057466152436, -352.6612993821119630 ) ) ;
#2179 = ORIENTED_EDGE ( 'NONE', *, *, #3728, .T. ) ;
#2180 = CARTESIAN_POINT ( 'NONE',  ( -212.2886453991756639, 36.16568447040330625, -304.5609564924993151 ) ) ;
#2181 = DIRECTION ( 'NONE',  ( -1.000000000000000000, 0.000000000000000000, 0.000000000000000000 ) ) ;
#2182 = CARTESIAN_POINT ( 'NONE',  ( 225.0000000000000568, 25.01779614080286507, -394.4103246923423853 ) ) ;
#2183 = ORIENTED_EDGE ( 'NONE', *, *, #2726, .F. ) ;
#2184 = CARTESIAN_POINT ( 'NONE',  ( 50.96589423306792810, 25.54947983391661381, 27.32696588214685107 ) ) ;
#2185 = CARTESIAN_POINT ( 'NONE',  ( 225.0000000000000568, 30.12267742427181716, -299.8115793882726621 ) ) ;
#2186 = CARTESIAN_POINT ( 'NONE',  ( -35.64266351931464527, -33.84469405613928217, 438.0555349262136247 ) ) ;
#2187 = CARTESIAN_POINT ( 'NONE',  ( -71.35093194611505396, 28.68590915786909790, 244.2087846403057370 ) ) ;
#2188 = CARTESIAN_POINT ( 'NONE',  ( -215.2331570881454468, 37.52708656158156231, -397.7531942044608968 ) ) ;
#2189 = CARTESIAN_POINT ( 'NONE',  ( -54.90573231326091985, -3.625231341677789931, 438.0555349262132836 ) ) ;
#2190 = VECTOR ( 'NONE', #2937, 1000.000000000000000 ) ;
#2191 = CARTESIAN_POINT ( 'NONE',  ( -212.1491134481861707, 34.23213947908468668, -396.9991084541489954 ) ) ;
#2192 = CARTESIAN_POINT ( 'NONE',  ( 46.30023505248593807, 41.79650157584592307, 122.0333615069765187 ) ) ;
#2193 = CARTESIAN_POINT ( 'NONE',  ( -213.0661520625988885, 37.10809936659821062, -305.1576592196016122 ) ) ;
#2194 = CARTESIAN_POINT ( 'NONE',  ( -40.16475859070208543, 25.14189371959524522, 21.87285202861103883 ) ) ;
#2195 = CARTESIAN_POINT ( 'NONE',  ( 58.55040753023793343, 6.641633843632329004, 121.0014295412772896 ) ) ;
#2196 = CARTESIAN_POINT ( 'NONE',  ( 32.79920940583567557, -4.148481830253331282, -46.53904117984425426 ) ) ;
#2197 = CARTESIAN_POINT ( 'NONE',  ( 65.56946129567091930, 41.07261375862444197, 199.0833804218215732 ) ) ;
#2198 = CARTESIAN_POINT ( 'NONE',  ( 225.0000000000000568, 20.96919518283465678, -373.5812436953048064 ) ) ;
#2199 = CARTESIAN_POINT ( 'NONE',  ( -32.25834525322166257, 113.3023172078085281, 294.0012731391502143 ) ) ;
#2200 = CARTESIAN_POINT ( 'NONE',  ( 73.06295777448916340, 16.85922806855363021, 242.1287933928173572 ) ) ;
#2201 = B_SPLINE_CURVE_WITH_KNOTS ( 'NONE', 3,
 ( #3304, #5088, #723, #778, #3976, #3117, #876, #3086, #3057, #3608, #4839, #4280 ),
 .UNSPECIFIED., .F., .F.,
 ( 4, 2, 2, 2, 2, 4 ),
 ( 0.000000000000000000, 0.004881885005956798293, 0.03066793014154774524, 0.05645397527713868352, 0.08224002041272962527, 0.1121462898439841843 ),
 .UNSPECIFIED. ) ;
#2202 = CARTESIAN_POINT ( 'NONE',  ( 89.90999600786710744, 43.33215805978766610, 294.0012731391507259 ) ) ;
#2203 = CARTESIAN_POINT ( 'NONE',  ( -9.426123624428718983, -11.69870977069377460, -124.9949820965277922 ) ) ;
#2204 = CARTESIAN_POINT ( 'NONE',  ( -213.6706457404520165, 33.20592305193616767, -399.7133519191028768 ) ) ;
#2205 = CARTESIAN_POINT ( 'NONE',  ( 225.0000000000000284, 15.14507196499972608, -333.8947276465013942 ) ) ;
#2206 = AXIS2_PLACEMENT_3D ( 'NONE', #5621, #1324, #1675 ) ;
#2207 = CARTESIAN_POINT ( 'NONE',  ( 225.0000000000000284, 35.71605970064830871, -352.8843893432625123 ) ) ;
#2208 = CARTESIAN_POINT ( 'NONE',  ( -177.4901228410774934, 25.95958434554443173, 42.45413983583160444 ) ) ;
#2209 = ORIENTED_EDGE ( 'NONE', *, *, #2906, .F. ) ;
#2210 = B_SPLINE_SURFACE_WITH_KNOTS ( 'NONE', 3, 3, ( 
 ( #259, #4137, #4509, #2067, #1692, #2120 ),
 ( #4252, #288, #5585, #5147, #2038, #3792 ),
 ( #1154, #4278, #3414, #1184, #3386, #3358 ),
 ( #1213, #4656, #2146, #3872, #5612, #5556 ),
 ( #750, #3897, #1260, #2984, #3442, #5201 ),
 ( #2093, #5639, #3009, #1610, #4761, #4734 ),
 ( #5117, #2468, #341, #825, #2931, #2497 ),
 ( #1667, #316, #1637, #4683, #800, #2960 ),
 ( #3821, #2574, #2549, #4330, #2901, #5175 ),
 ( #3845, #1235, #4708, #393, #776, #721 ),
 ( #2524, #4303, #367, #1581, #4223, #3330 ),
 ( #5086, #2229, #3526, #421, #1744, #3982 ),
 ( #10, #5312, #449, #2199, #480, #5283 ),
 ( #1719, #538, #3496, #69, #2286, #5664 ),
 ( #41, #3468, #2171, #970, #5340, #1314 ),
 ( #1401, #2259, #1372, #3123, #1801, #3925 ),
 ( #4475, #4788, #5691, #4877, #3585, #1342 ),
 ( #943, #5225, #3954, #2658, #1772, #4012 ),
 ( #1830, #509, #1287, #2630, #4357, #3093 ),
 ( #5254, #3033, #4444, #2691, #3063, #853 ),
 ( #4416, #3555, #4845, #882, #3154, #4817 ),
 ( #4384, #912, #4904, #2601, #2720, #5370 ),
 ( #1430, #107, #4043, #1859, #3614, #2139 ),
 ( #1792, #4781, #4375, #385, #4435, #3917 ),
 ( #500, #818, #471, #3889, #3461, #2189 ),
 ( #3545, #1763, #2648, #2593, #3973, #5657 ),
 ( #901, #5219, #5274, #1278, #32, #846 ),
 ( #2682, #2566, #4404, #1712, #3487, #440 ),
 ( #1253, #3026, #3054, #2622, #3945, #1737 ),
 ( #4350, #1, #413, #5684, #3516, #2164 ),
 ( #1332, #5247, #1307, #5632, #3864, #4808 ),
 ( #3083, #4836, #5302, #2220, #873, #1363 ),
 ( #3113, #4866, #934, #1685, #3433, #5194 ),
 ( #3001, #4753, #4323, #4419, #2149, #2694 ),
 ( #1376, #512, #946, #3558, #3957, #4448 ),
 ( #856, #5344, #4017, #5315, #3037, #5694 ),
 ( #1747, #5286, #1290, #1404, #4820, #13 ),
 ( #1722, #3127, #4792, #4360, #3097, #2605 ),
 ( #2661, #4880, #3500, #2262, #424, #452 ),
 ( #2175, #483, #3929, #74, #5257, #1317 ),
 ( #3471, #1834, #3067, #4388, #1345, #1775 ),
 ( #3900, #3986, #4849, #885, #2232, #916 ),
 ( #4333, #3588, #44, #5668, #4764, #3529 ),
 ( #1804, #828, #2578, #396, #5228, #2633 ),
 ( #2203, #3267, #1493, #169, #4134, #1863 ),
 ( #3617, #4536, #1919, #5373, #2317, #5433 ),
 ( #5402, #1977, #2289, #3676, #1950, #2723 ),
 ( #1433, #3241, #5460, #602, #4565, #4995 ),
 ( #5489, #1462, #1063, #4967, #1521, #3646 ),
 ( #3704, #4479, #137, #3182, #3211, #1033 ),
 ( #4936, #1091, #541, #2809, #631, #2750 ),
 ( #2377, #2780, #4076, #198, #1003, #4107 ),
 ( #4593, #4506, #571, #2346, #2406, #5022 ),
 ( #2836, #4046, #3731, #661, #4163, #1889 ),
 ( #226, #3157, #4906, #973, #110, #5171 ),
 ( #2116, #797, #2090, #5523, #2465, #1232 ),
 ( #2064, #3760, #3869, #1607, #2494, #1549 ),
 ( #3842, #1578, #1151, #5581, #3327, #2981 ),
 ( #338, #285, #1664, #5083, #2928, #4275 ),
 ( #2956, #2898, #3411, #4219, #4653, #364 ),
 ( #718, #1635, #3383, #5114, #689, #4731 ),
 ( #313, #3817, #1181, #2005, #2035, #5144 ),
 ( #3355, #1209, #3789, #5553, #4705, #4680 ),
 ( #3297, #5053, #745, #2545, #1124, #2869 ),
 ( #773, #4624, #4249, #4300, #2436, #2521 ),
 ( #4191, #5609, #256, #1339, #1769, #2143 ),
 ( #4441, #4757, #2627, #4413, #5198, #417 ) ),
 .UNSPECIFIED., .T., .F., .F.,
 ( 4, 1, 1, 1, 1, 1, 1, 1, 1, 1, 1, 1, 1, 1, 1, 1, 1, 1, 1, 1, 1, 1, 1, 1, 1, 1, 1, 1, 1, 1, 1, 1, 1, 1, 1, 1, 1, 1, 1, 1, 1, 1, 1, 1, 1, 1, 1, 1, 1, 1, 1, 1, 1, 1, 1, 1, 1, 1, 1, 1, 1, 1, 1, 1, 4 ),
 ( 4, 1, 1, 4 ),
 ( 0.000000000000000000, 0.01562500000000000000, 0.03125000000000000000, 0.04687500000000000000, 0.06250000000000000000, 0.07812500000000000000, 0.09375000000000000000, 0.1093750000000000000, 0.1250000000000000000, 0.1406250000000000000, 0.1562500000000000000, 0.1718750000000000000, 0.1875000000000000000, 0.2031250000000000000, 0.2187500000000000000, 0.2343750000000000000, 0.2500000000000000000, 0.2656250000000000000, 0.2812500000000000000, 0.2968750000000000000, 0.3125000000000000000, 0.3281250000000000000, 0.3437500000000000000, 0.3593750000000000000, 0.3750000000000000000, 0.3906250000000000000, 0.4062500000000000000, 0.4218750000000000000, 0.4375000000000000000, 0.4531250000000000000, 0.4687500000000000000, 0.4843750000000000000, 0.5000000000000000000, 0.5156250000000000000, 0.5312500000000000000, 0.5468750000000000000, 0.5625000000000000000, 0.5781250000000000000, 0.5937500000000000000, 0.6093750000000000000, 0.6250000000000000000, 0.6406250000000000000, 0.6562500000000000000, 0.6718750000000000000, 0.6875000000000000000, 0.7031250000000000000, 0.7187500000000000000, 0.7343750000000000000, 0.7500000000000000000, 0.7656250000000000000, 0.7812500000000000000, 0.7968750000000000000, 0.8125000000000000000, 0.8281250000000000000, 0.8437500000000000000, 0.8593750000000000000, 0.8750000000000000000, 0.8906250000000000000, 0.9062500000000000000, 0.9218750000000000000, 0.9375000000000000000, 0.9531250000000000000, 0.9687500000000000000, 0.9843750000000000000, 1.000000000000000000 ),
 ( 0.000000000000000000, 0.4145220653946068423, 0.8065893458047120879, 1.000000000000000000 ),
 .UNSPECIFIED. ) ;
#2211 = CARTESIAN_POINT ( 'NONE',  ( -212.1800078088068631, 36.03743866860229161, -304.5619038270010037 ) ) ;
#2212 = CARTESIAN_POINT ( 'NONE',  ( -83.06919726031091500, 26.00922074736813983, 234.1595031942796936 ) ) ;
#2213 = CARTESIAN_POINT ( 'NONE',  ( 225.0000000000000853, 25.89539124575562923, -396.3402242070995953 ) ) ;
#2214 = ORIENTED_EDGE ( 'NONE', *, *, #1930, .F. ) ;
#2215 = CARTESIAN_POINT ( 'NONE',  ( -210.0000000000505338, 26.26107159833085802, -331.5401424110946778 ) ) ;
#2216 = CARTESIAN_POINT ( 'NONE',  ( 225.0000000000000568, 29.56261422905694758, -298.9703186249371925 ) ) ;
#2217 = CARTESIAN_POINT ( 'NONE',  ( -14.97867529419316668, 1.191151405409897279, -124.9949820965277922 ) ) ;
#2218 = CARTESIAN_POINT ( 'NONE',  ( -73.69291120523328686, 20.19995150373854997, 244.6023836507060594 ) ) ;
#2219 = CARTESIAN_POINT ( 'NONE',  ( 63.56095358905869119, 20.25531543939500523, 87.40869695846051002 ) ) ;
#2220 = CARTESIAN_POINT ( 'NONE',  ( -74.50118821454621809, -43.40881032921120664, 294.0012731391500438 ) ) ;
#2221 = CARTESIAN_POINT ( 'NONE',  ( -210.0660482896944643, 28.10192874116749095, -358.1532299390423759 ) ) ;
#2222 = CARTESIAN_POINT ( 'NONE',  ( 21.28678446737528418, 17.26237509977148576, -76.56047697170966160 ) ) ;
#2223 = CARTESIAN_POINT ( 'NONE',  ( -214.3175595611439803, 38.30989440292016468, -307.4750944806829693 ) ) ;
#2224 = CARTESIAN_POINT ( 'NONE',  ( -210.9901620171231684, 31.62628934380123980, -307.2790821944954587 ) ) ;
#2225 = CARTESIAN_POINT ( 'NONE',  ( 53.01790684800648989, 25.34447047559694610, 31.42812017033912753 ) ) ;
#2226 = CARTESIAN_POINT ( 'NONE',  ( 16.76724824349572174, 42.27872501533472160, 438.0555349262143636 ) ) ;
#2227 = CARTESIAN_POINT ( 'NONE',  ( 73.52942243245139764, 33.99710612238912688, 221.3421635658851301 ) ) ;
#2228 = CARTESIAN_POINT ( 'NONE',  ( 41.71917371189599777, 0.3917520964059496014, 466.7211743237411383 ) ) ;
#2229 = CARTESIAN_POINT ( 'NONE',  ( 21.56631837482712655, 21.61286015847603181, -46.53904117984433242 ) ) ;
#2230 = CARTESIAN_POINT ( 'NONE',  ( 82.74254914984051368, 24.86589256759718936, 233.3628415502142843 ) ) ;
#2231 = CARTESIAN_POINT ( 'NONE',  ( 66.76329542077471046, -17.61871504385960563, 106.1228587318998109 ) ) ;
#2232 = CARTESIAN_POINT ( 'NONE',  ( 9.405194909783601176, -52.62405227671641939, 402.2845281192506945 ) ) ;
#2233 = CARTESIAN_POINT ( 'NONE',  ( 225.0000000000000284, 33.62957358472948499, -308.0590257774019847 ) ) ;
#2234 = CARTESIAN_POINT ( 'NONE',  ( 225.0000000000000000, 17.74214376715090324, -354.4406353969826569 ) ) ;
#2235 = CARTESIAN_POINT ( 'NONE',  ( 225.0000000000000284, 35.77428074891122378, -352.5708236948034369 ) ) ;
#2236 = CARTESIAN_POINT ( 'NONE',  ( -800.0000000000000000, 28.34244247031788788, 97.73208133257907093 ) ) ;
#2237 = VERTEX_POINT ( 'NONE', #1627 ) ;
#2238 = CARTESIAN_POINT ( 'NONE',  ( -213.4428076899579310, 35.83035600552670985, -304.0906663281019178 ) ) ;
#2239 = CARTESIAN_POINT ( 'NONE',  ( 5.050673245201183998E-11, 0.000000000000000000, 498.0555349262137952 ) ) ;
#2240 = CIRCLE ( 'NONE', #497, 11.99999999999998224 ) ;
#2241 = CARTESIAN_POINT ( 'NONE',  ( 225.0000000000000568, 29.26460137192695399, -390.2404166209402661 ) ) ;
#2242 = ORIENTED_EDGE ( 'NONE', *, *, #881, .T. ) ;
#2243 = CARTESIAN_POINT ( 'NONE',  ( 224.9999999999999716, 38.83775913167228566, -336.6617268782250676 ) ) ;
#2244 = EDGE_CURVE ( 'NONE', #549, #2112, #1490, .T. ) ;
#2245 = CARTESIAN_POINT ( 'NONE',  ( 4.499394361599923897, -44.23839403622587696, 438.0555349262137383 ) ) ;
#2246 = CARTESIAN_POINT ( 'NONE',  ( -70.39307555379839698, 30.84194296197802743, 242.6524105447655586 ) ) ;
#2247 = CARTESIAN_POINT ( 'NONE',  ( -50.63378096653086402, 26.46153094797195138, 14.34235030202582450 ) ) ;
#2248 = CARTESIAN_POINT ( 'NONE',  ( -212.7124239279785343, 37.41367526120536269, -398.0486358016606232 ) ) ;
#2249 = CARTESIAN_POINT ( 'NONE',  ( 5.050673245201183998E-11, 0.000000000000000000, 498.0555349262137952 ) ) ;
#2250 = CARTESIAN_POINT ( 'NONE',  ( -209.0954745395392536, 28.36674536414882297, -356.0269631396157024 ) ) ;
#2251 =( BOUNDED_SURFACE ( )  B_SPLINE_SURFACE ( 3, 2, ( 
 ( #5524, #4135, #286 ),
 ( #662, #2899, #1951 ),
 ( #632, #1522, #3761 ),
 ( #1978, #3677, #4654 ),
 ( #1579, #5084, #3268 ),
 ( #1152, #5554, #4108 ),
 ( #1608, #3356, #5115 ),
 ( #4537, #603, #170 ),
 ( #1494, #3150, #4900 ),
 ( #1338, #966, #4959 ),
 ( #5396, #4069, #37 ),
 ( #1397, #3176, #1026 ),
 ( #65, #939, #1426 ),
 ( #4929, #1768, #2687 ),
 ( #476, #907, #2311 ),
 ( #997, #3522, #2195 ),
 ( #2744, #3639, #4500 ),
 ( #3581, #2716, #4841 ),
 ( #563, #4471, #1368 ),
 ( #4380, #3119, #131 ),
 ( #1797, #5279, #445 ),
 ( #3950, #505, #3088 ),
 ( #1884, #534, #2654 ),
 ( #3551, #6, #1456 ),
 ( #4412, #1825, #2282 ),
 ( #2225, #5307, #5336 ),
 ( #3205, #3978, #4873 ),
 ( #4440, #4038, #2255 ),
 ( #4008, #102, #1855 ),
 ( #3610, #5366, #3291 ),
 ( #5516, #2830, #3234 ),
 ( #5046, #1115, #5076 ),
 ( #5454, #4987, #3349 ),
 ( #1145, #2429, #191 ),
 ( #2772, #1543, #5483 ),
 ( #3698, #4185, #1056 ),
 ( #1912, #4213, #2802 ),
 ( #4157, #2028, #1998 ),
 ( #5016, #4559, #2862 ),
 ( #3320, #3261, #1514 ),
 ( #4617, #623, #3668 ),
 ( #3724, #5108, #5425 ),
 ( #2370, #4128, #683 ),
 ( #220, #1484, #160 ),
 ( #248, #2457, #2339 ),
 ( #3754, #1571, #4528 ),
 ( #3782, #1944, #4100 ),
 ( #1084, #2891, #4647 ),
 ( #4586, #712, #653 ),
 ( #279, #2400, #5546 ),
 ( #1601, #1971, #595 ),
 ( #3021, #3811, #3911 ),
 ( #4698, #2922, #1732 ),
 ( #5627, #1680, #408 ),
 ( #3428, #3482, #3377 ),
 ( #842, #5188, #2159 ),
 ( #2082, #1248, #2996 ),
 ( #4748, #1201, #2588 ),
 ( #3884, #4723, #1628 ),
 ( #2537, #5652, #764 ),
 ( #813, #1225, #1273 ),
 ( #739, #2948, #5135 ),
 ( #2561, #789, #307 ),
 ( #4242, #380, #4317 ),
 ( #2134, #1706, #5679 ),
 ( #3456, #5214, #2512 ),
 ( #1174, #4775, #4345 ),
 ( #4674, #2487, #2057 ),
 ( #331, #5575, #4269 ),
 ( #3859, #3835, #5601 ),
 ( #1654, #4293, #3403 ),
 ( #5163, #355, #2973 ) ),
 .UNSPECIFIED., .F., .F., .T. ) 
 B_SPLINE_SURFACE_WITH_KNOTS ( ( 4, 2, 2, 2, 2, 2, 2, 2, 2, 2, 2, 2, 2, 2, 2, 2, 2, 2, 2, 2, 2, 2, 2, 2, 2, 2, 2, 2, 2, 2, 2, 2, 2, 2, 2, 4 ),
 ( 3, 3 ),
 ( 0.6347073541354049109, 0.6574771925799004491, 0.6802470310243959872, 0.7030168694688915254, 0.7144017886911393500, 0.7257867079133870636, 0.7371716271356347772, 0.7485565463578826018, 0.7599414655801304264, 0.7713263848023781399, 0.7940962232468736781, 0.8168660616913692163, 0.8396359001358647545, 0.8510208193581125791, 0.8538670491636745075, 0.8545786066150649063, 0.8549343853407601612, 0.8552901640664554161, 0.8567132789692364359, 0.8624057385803602926, 0.8851755770248558308, 0.9079454154693513690, 0.9193303346915990826, 0.9307152539138469072, 0.9421001731360947318, 0.9534850923583424454, 0.9648700115805901589, 0.9705624711917140157, 0.9762549308028378725, 0.9819473904139617293, 0.9847936202195236577, 0.9876398500250855861, 0.9904860798306475145, 0.9933323096362094429, 0.9961785394417714823, 0.9990247692473334107 ),
 ( 0.000000000000000000, 1.000000000000000000 ),
 .UNSPECIFIED. ) 
 GEOMETRIC_REPRESENTATION_ITEM ( )  RATIONAL_B_SPLINE_SURFACE ( (
 ( 1.000000000000000000, 0.6657968946698167301, 1.000000000000000000),
 ( 1.000000000000000000, 0.6740506343098174868, 1.000000000000000000),
 ( 1.000000000000000000, 0.6813492163150929315, 1.000000000000000000),
 ( 1.000000000000000000, 0.6935516937940342519, 1.000000000000000000),
 ( 1.000000000000000000, 0.6984626208244423262, 1.000000000000000000),
 ( 1.000000000000000000, 0.7053782119732733280, 1.000000000000000000),
 ( 1.000000000000000000, 0.7073779187981364958, 1.000000000000000000),
 ( 1.000000000000000000, 0.7076841364225537889, 1.000000000000000000),
 ( 1.000000000000000000, 0.7073367193921545892, 1.000000000000000000),
 ( 1.000000000000000000, 0.7056472813422106638, 1.000000000000000000),
 ( 1.000000000000000000, 0.7043057010837593390, 1.000000000000000000),
 ( 1.000000000000000000, 0.7004786566555515348, 1.000000000000000000),
 ( 1.000000000000000000, 0.6979866719823263344, 1.000000000000000000),
 ( 1.000000000000000000, 0.6918694682102641824, 1.000000000000000000),
 ( 1.000000000000000000, 0.6884597796625171462, 1.000000000000000000),
 ( 1.000000000000000000, 0.6810684311976278327, 1.000000000000000000),
 ( 1.000000000000000000, 0.6770641816637450461, 1.000000000000000000),
 ( 1.000000000000000000, 0.6688122168427613756, 1.000000000000000000),
 ( 1.000000000000000000, 0.6645562337937899189, 1.000000000000000000),
 ( 1.000000000000000000, 0.6515806203878120595, 1.000000000000000000),
 ( 1.000000000000000000, 0.6425356623261123667, 1.000000000000000000),
 ( 1.000000000000000000, 0.6244495275353046937, 1.000000000000000000),
 ( 1.000000000000000000, 0.6153726680034082852, 1.000000000000000000),
 ( 1.000000000000000000, 0.5976628607063311227, 1.000000000000000000),
 ( 1.000000000000000000, 0.5890334166767267066, 1.000000000000000000),
 ( 1.000000000000000000, 0.5766907114420571911, 1.000000000000000000),
 ( 1.000000000000000000, 0.5726772344329887909, 1.000000000000000000),
 ( 1.000000000000000000, 0.5678244653742550163, 1.000000000000000000),
 ( 1.000000000000000000, 0.5668626099892906112, 1.000000000000000000),
 ( 1.000000000000000000, 0.5656718250907969425, 1.000000000000000000),
 ( 1.000000000000000000, 0.5654342449691323047, 1.000000000000000000),
 ( 1.000000000000000000, 0.5650787529087908379, 1.000000000000000000),
 ( 1.000000000000000000, 0.5649499879055304152, 1.000000000000000000),
 ( 1.000000000000000000, 0.5647413350399768106, 1.000000000000000000),
 ( 1.000000000000000000, 0.5646370165505997241, 1.000000000000000000),
 ( 1.000000000000000000, 0.5641154601589704054, 1.000000000000000000),
 ( 1.000000000000000000, 0.5636983305225040652, 1.000000000000000000),
 ( 1.000000000000000000, 0.5616130211291033847, 1.000000000000000000),
 ( 1.000000000000000000, 0.5599458204589646826, 1.000000000000000000),
 ( 1.000000000000000000, 0.5515998814936718952, 1.000000000000000000),
 ( 1.000000000000000000, 0.5449201370537655187, 1.000000000000000000),
 ( 1.000000000000000000, 0.5308136671863625811, 1.000000000000000000),
 ( 1.000000000000000000, 0.5233628986786913462, 1.000000000000000000),
 ( 1.000000000000000000, 0.5111827131836893523, 1.000000000000000000),
 ( 1.000000000000000000, 0.5069503489091206072, 1.000000000000000000),
 ( 1.000000000000000000, 0.4979827471843261688, 1.000000000000000000),
 ( 1.000000000000000000, 0.4932187352310546946, 1.000000000000000000),
 ( 1.000000000000000000, 0.4828028519497041260, 1.000000000000000000),
 ( 1.000000000000000000, 0.4771726524462617247, 1.000000000000000000),
 ( 1.000000000000000000, 0.4645942108107241064, 1.000000000000000000),
 ( 1.000000000000000000, 0.4576386866903380257, 1.000000000000000000),
 ( 1.000000000000000000, 0.4417082365646666231, 1.000000000000000000),
 ( 1.000000000000000000, 0.4327300899542927959, 1.000000000000000000),
 ( 1.000000000000000000, 0.4168888904795934880, 1.000000000000000000),
 ( 1.000000000000000000, 0.4112046065636712489, 1.000000000000000000),
 ( 1.000000000000000000, 0.3988802257782572691, 1.000000000000000000),
 ( 1.000000000000000000, 0.3922442218419807669, 1.000000000000000000),
 ( 1.000000000000000000, 0.3777814776471513647, 1.000000000000000000),
 ( 1.000000000000000000, 0.3699508100962140000, 1.000000000000000000),
 ( 1.000000000000000000, 0.3570892212536458388, 1.000000000000000000),
 ( 1.000000000000000000, 0.3526158192521726686, 1.000000000000000000),
 ( 1.000000000000000000, 0.3432490455103072158, 1.000000000000000000),
 ( 1.000000000000000000, 0.3383557268876372093, 1.000000000000000000),
 ( 1.000000000000000000, 0.3280938312735725559, 1.000000000000000000),
 ( 1.000000000000000000, 0.3227251399967783208, 1.000000000000000000),
 ( 1.000000000000000000, 0.3114052608473499850, 1.000000000000000000),
 ( 1.000000000000000000, 0.3054592713506903978, 1.000000000000000000),
 ( 1.000000000000000000, 0.2929239553129691087, 1.000000000000000000),
 ( 1.000000000000000000, 0.2863301618176151142, 1.000000000000000000),
 ( 1.000000000000000000, 0.2724765782210439857, 1.000000000000000000),
 ( 1.000000000000000000, 0.2652106255475801255, 1.000000000000000000),
 ( 1.000000000000000000, 0.2575884749228966597, 1.000000000000000000) ) ) 
 REPRESENTATION_ITEM ( '' )  SURFACE ( )  );
#2252 = CARTESIAN_POINT ( 'NONE',  ( 34.17094653266575222, 25.12245893187952106, 20.79347367885844378 ) ) ;
#2253 = CARTESIAN_POINT ( 'NONE',  ( -211.9740806150203127, 35.80273012474115291, -304.6173680205832852 ) ) ;
#2254 = CARTESIAN_POINT ( 'NONE',  ( -13.56010156234867026, 14.59761316211277737, -110.0657979955392420 ) ) ;
#2255 = CARTESIAN_POINT ( 'NONE',  ( 42.28744875457802976, 12.16053852282552761, 24.02932395585230552 ) ) ;
#2256 = CARTESIAN_POINT ( 'NONE',  ( 29.75643030079271156, 37.29756844923375070, 438.0555349262138520 ) ) ;
#2257 = CARTESIAN_POINT ( 'NONE',  ( -225.0000000000505338, 26.26107159832745452, 150.0000000000000000 ) ) ;
#2258 = CARTESIAN_POINT ( 'NONE',  ( 28.57666405927040998, 39.64529204545068097, 438.0555349262138520 ) ) ;
#2259 = CARTESIAN_POINT ( 'NONE',  ( 11.14346352348977476, 29.36741242485944170, -46.53904117984426847 ) ) ;
#2260 = CARTESIAN_POINT ( 'NONE',  ( 82.03433097021664366, 26.20548320685164967, 234.2120329666064720 ) ) ;
#2261 = CARTESIAN_POINT ( 'NONE',  ( 32.49072393974920914, -7.120254258055601859, -46.53904117984428979 ) ) ;
#2262 = CARTESIAN_POINT ( 'NONE',  ( -19.43044975278256459, -77.87674597997052217, 294.0012731391515217 ) ) ;
#2263 = CARTESIAN_POINT ( 'NONE',  ( -212.5254390263798712, 32.98452074741015849, -399.0800605830457357 ) ) ;
#2264 = CARTESIAN_POINT ( 'NONE',  ( 225.0000000000000853, 17.46142058161166943, -352.9329435252433314 ) ) ;
#2265 = EDGE_LOOP ( 'NONE', ( #3881, #983, #3991, #1277, #3453, #3888 ) ) ;
#2266 = CARTESIAN_POINT ( 'NONE',  ( -218.8546967612104766, 40.95870586263261259, -350.2946373091253349 ) ) ;
#2267 = CARTESIAN_POINT ( 'NONE',  ( 54.62715720368577621, 5.249978976709511969, 438.0555349262138520 ) ) ;
#2268 = CARTESIAN_POINT ( 'NONE',  ( 225.0000000000000284, 30.10993986891175922, -386.0774806657483964 ) ) ;
#2269 = VERTEX_POINT ( 'NONE', #1210 ) ;
#2270 = DIRECTION ( 'NONE',  ( 0.000000000000000000, 0.000000000000000000, 1.000000000000000000 ) ) ;
#2271 = CARTESIAN_POINT ( 'NONE',  ( -68.48517665898138773, 18.21116110138667565, 198.5829397217664507 ) ) ;
#2272 = CARTESIAN_POINT ( 'NONE',  ( -73.40831328159472946, 21.81094754477898334, 245.1460439982600406 ) ) ;
#2273 = CARTESIAN_POINT ( 'NONE',  ( -19.50316685804625649, 29.61490612230011621, -42.06109747986513270 ) ) ;
#2274 = CARTESIAN_POINT ( 'NONE',  ( 52.28042225061611958, 25.59353060659663726, 27.87878479711572055 ) ) ;
#2275 = CARTESIAN_POINT ( 'NONE',  ( 5.050673245201183998E-11, 0.000000000000000000, 498.0555349262137952 ) ) ;
#2276 = CARTESIAN_POINT ( 'NONE',  ( -83.43108999824053740, 25.64386812013245986, 234.0210371252622110 ) ) ;
#2277 = CARTESIAN_POINT ( 'NONE',  ( -209.2489466877490543, 27.15569971901403790, -337.8900224456778574 ) ) ;
#2278 = ADVANCED_FACE ( 'NONE', ( #2571 ), #4290, .T. ) ;
#2279 = CARTESIAN_POINT ( 'NONE',  ( 33.36935508465799671, 30.17871150339761499, 37.24050063652248355 ) ) ;
#2280 = CARTESIAN_POINT ( 'NONE',  ( -210.4200698206824711, 33.47023742915433786, -308.3576090565658774 ) ) ;
#2281 = CARTESIAN_POINT ( 'NONE',  ( -15.56271056675027253, 15.18454682557362290, -102.6412347421502886 ) ) ;
#2282 = CARTESIAN_POINT ( 'NONE',  ( 46.14200254480036989, 11.18050281301557192, 43.35133969556173383 ) ) ;
#2283 = CARTESIAN_POINT ( 'NONE',  ( 38.14819215795847640, 47.77440228908989184, 106.1228587318994840 ) ) ;
#2284 = CARTESIAN_POINT ( 'NONE',  ( 46.86245050732276241, 42.39187478865001424, 126.3642265114904291 ) ) ;
#2285 = CARTESIAN_POINT ( 'NONE',  ( -13.87544043444513875, 7.674886070229733903, 498.0555349261633182 ) ) ;
#2286 = CARTESIAN_POINT ( 'NONE',  ( -32.46191938328779969, 54.89541679103454186, 402.2845281192506945 ) ) ;
#2287 = CARTESIAN_POINT ( 'NONE',  ( 71.39534328349833459, 26.91235884028650460, 245.0475852685661380 ) ) ;
#2288 = CARTESIAN_POINT ( 'NONE',  ( 59.34952342869752329, 91.89092043677842980, 294.0012731391505554 ) ) ;
#2289 = CARTESIAN_POINT ( 'NONE',  ( -28.81568443685302583, -61.56446003559172198, 106.1228587318993277 ) ) ;
#2290 = CARTESIAN_POINT ( 'NONE',  ( -211.9406319086558028, 32.90849838636101055, -398.4148643705366339 ) ) ;
#2291 = CARTESIAN_POINT ( 'NONE',  ( 225.0000000000000000, 18.02081813331247773, -355.9404963086243470 ) ) ;
#2292 = CARTESIAN_POINT ( 'NONE',  ( -395.2580979540428530, 26.72615846927045524, 62.94199730751672206 ) ) ;
#2293 = ORIENTED_EDGE ( 'NONE', *, *, #1930, .T. ) ;
#2294 = CARTESIAN_POINT ( 'NONE',  ( -216.0426157156242652, 39.49544301602679752, -312.0926133302752419 ) ) ;
#2295 = CARTESIAN_POINT ( 'NONE',  ( 20.13832016651156209, 5.202980967207743390, 498.0555349261633182 ) ) ;
#2296 = CARTESIAN_POINT ( 'NONE',  ( 225.0000000000000284, 32.66891003823375428, -370.5947150619313675 ) ) ;
#2297 = ORIENTED_EDGE ( 'NONE', *, *, #2426, .F. ) ;
#2298 = EDGE_CURVE ( 'NONE', #2698, #4693, #1087, .T. ) ;
#2299 = AXIS2_PLACEMENT_3D ( 'NONE', #3944, #1331, #1448 ) ;
#2300 = CARTESIAN_POINT ( 'NONE',  ( 0.000000000000000000, 182.4742510694330804, -414.3975106221485589 ) ) ;
#2301 = CARTESIAN_POINT ( 'NONE',  ( -37.59157938022732992, 40.03725081740001457, 94.59593017664747094 ) ) ;
#2302 = CARTESIAN_POINT ( 'NONE',  ( -38.11604948409679849, 25.78245636386564854, 22.73977715644394593 ) ) ;
#2303 = CARTESIAN_POINT ( 'NONE',  ( 59.07737274899041324, 22.72021050449975021, 61.84489048368089925 ) ) ;
#2304 = ORIENTED_EDGE ( 'NONE', *, *, #5666, .T. ) ;
#2305 = CARTESIAN_POINT ( 'NONE',  ( 960.0000000000000000, 34.97477924584114817, 230.1236419851626636 ) ) ;
#2306 = CARTESIAN_POINT ( 'NONE',  ( -80.58082127107157078, 27.42453214602129563, 234.0282267599685611 ) ) ;
#2307 = CARTESIAN_POINT ( 'NONE',  ( -210.4571797854907231, 30.16656093848970954, -370.3105031281668289 ) ) ;
#2308 = CARTESIAN_POINT ( 'NONE',  ( 31.02317469314388987, 28.27212800455213326, 19.33209950205760208 ) ) ;
#2309 = CARTESIAN_POINT ( 'NONE',  ( 0.000000000000000000, 196.3543798449791780, -476.0423086973928548 ) ) ;
#2310 = CARTESIAN_POINT ( 'NONE',  ( -210.8209618666238612, 31.16168374121865270, -308.5395527424201987 ) ) ;
#2311 = CARTESIAN_POINT ( 'NONE',  ( 59.46629405868186780, 6.401097418942377715, 128.4709270747041501 ) ) ;
#2312 = CARTESIAN_POINT ( 'NONE',  ( -20.34533245743696384, 41.24729815361461505, 438.0555349262136247 ) ) ;
#2313 = CARTESIAN_POINT ( 'NONE',  ( -210.4150789976357601, 34.46210181908092096, -393.4210532509632117 ) ) ;
#2314 = CARTESIAN_POINT ( 'NONE',  ( 20.73530592386673632, 1.749992992236488965, 498.0555349261633182 ) ) ;
#2315 = CARTESIAN_POINT ( 'NONE',  ( 70.80168632427812270, 24.70365570120752352, 233.6026139757833846 ) ) ;
#2316 = CARTESIAN_POINT ( 'NONE',  ( -64.47865870514748110, 39.00532006866650647, 226.2475087524449862 ) ) ;
#2317 = CARTESIAN_POINT ( 'NONE',  ( 33.18420680342961049, -44.91850364687313402, 402.2845281192502966 ) ) ;
#2318 = CARTESIAN_POINT ( 'NONE',  ( 224.9999999999999716, 34.03617811432818030, -309.3538015547793520 ) ) ;
#2319 = CARTESIAN_POINT ( 'NONE',  ( 225.0000000000000284, 16.77529087798965080, -349.1757204183435306 ) ) ;
#2320 = CARTESIAN_POINT ( 'NONE',  ( -71.51847636022546340, 10.35261923891291502, 218.1484610657868757 ) ) ;
#2321 = EDGE_LOOP ( 'NONE', ( #555, #2179 ) ) ;
#2322 = CARTESIAN_POINT ( 'NONE',  ( -219.7121375525458973, 41.16038189166989270, -344.2998461811250195 ) ) ;
#2323 = CARTESIAN_POINT ( 'NONE',  ( 5.050673245201183998E-11, 0.000000000000000000, 498.0555349262137952 ) ) ;
#2324 = CARTESIAN_POINT ( 'NONE',  ( 225.0000000000000284, 29.75048477333182362, -299.2394746643503254 ) ) ;
#2325 = CARTESIAN_POINT ( 'NONE',  ( 225.0000000000000568, 32.65136044650678571, -370.7062134081691624 ) ) ;
#2326 = VERTEX_POINT ( 'NONE', #4328 ) ;
#2327 = CARTESIAN_POINT ( 'NONE',  ( 225.0000000000000000, 36.63460289141169568, -347.8475631073004024 ) ) ;
#2328 = CARTESIAN_POINT ( 'NONE',  ( -66.96730738716240694, 6.607729725135775389, 184.7684913698331570 ) ) ;
#2329 = CARTESIAN_POINT ( 'NONE',  ( -225.0000000000000000, 33.05720502818455486, -306.2873809885902006 ) ) ;
#2330 = CARTESIAN_POINT ( 'NONE',  ( -32.62431243859226271, 27.09139735078024813, 0.7726052517423830368 ) ) ;
#2331 = CARTESIAN_POINT ( 'NONE',  ( -214.8682485133313946, 33.89187951683969402, -399.9212360142591933 ) ) ;
#2332 = ORIENTED_EDGE ( 'NONE', *, *, #2906, .T. ) ;
#2333 = CARTESIAN_POINT ( 'NONE',  ( 960.0000000000000000, 37.18857361723073041, 20.81028490409786258 ) ) ;
#2334 = CARTESIAN_POINT ( 'NONE',  ( -80.89054950361764895, 27.28992686212487229, 234.0870011046073955 ) ) ;
#2335 = CARTESIAN_POINT ( 'NONE',  ( -210.0131076624672346, 26.96415543963254891, -358.3338782133686209 ) ) ;
#2336 = CARTESIAN_POINT ( 'NONE',  ( 17.12160873822551466, 20.84198080422290644, -64.25110002535858200 ) ) ;
#2337 = CARTESIAN_POINT ( 'NONE',  ( -209.6503219224373993, 32.20549682243665046, -378.7947719460765938 ) ) ;
#2338 = CARTESIAN_POINT ( 'NONE',  ( -211.5675549583400539, 32.94042780861840924, -304.5804370541968638 ) ) ;
#2339 = CARTESIAN_POINT ( 'NONE',  ( 28.69753785477657715, 14.54628416043123273, -37.42543430142076488 ) ) ;
#2340 = CARTESIAN_POINT ( 'NONE',  ( 43.07925639612175672, 42.78146253862836090, 106.1228587318994840 ) ) ;
#2341 = FACE_OUTER_BOUND ( 'NONE', #588, .T. ) ;
#2342 = CARTESIAN_POINT ( 'NONE',  ( 223.2854413782116580, 26.11142378393453001, 47.07910991722351923 ) ) ;
#2343 = CARTESIAN_POINT ( 'NONE',  ( 225.0000000000000284, 37.78373410833561508, -339.2247357376760419 ) ) ;
#2344 = CARTESIAN_POINT ( 'NONE',  ( 73.01739160825306385, 18.14356662052767533, 243.2819107602670385 ) ) ;
#2345 = DIRECTION ( 'NONE',  ( 0.000000000000000000, 0.000000000000000000, -1.000000000000000000 ) ) ;
#2346 = CARTESIAN_POINT ( 'NONE',  ( 88.45340389427180128, -20.80269269609816973, 294.0012731391515217 ) ) ;
#2347 = CARTESIAN_POINT ( 'NONE',  ( 224.9999999999999716, 33.62957271917406388, -308.0590260570313035 ) ) ;
#2348 = CARTESIAN_POINT ( 'NONE',  ( 225.0000000000000853, 17.39651302451864368, -352.5834216443362834 ) ) ;
#2349 = CARTESIAN_POINT ( 'NONE',  ( -225.0000000000505338, 26.26107159832745452, 150.0000000000000000 ) ) ;
#2350 = CARTESIAN_POINT ( 'NONE',  ( -78.78187834963735270, 28.08812806794087180, 233.5313434814065090 ) ) ;
#2351 = CARTESIAN_POINT ( 'NONE',  ( -220.2120304360531975, 40.51220542134035441, -346.3873257426451460 ) ) ;
#2352 = EDGE_CURVE ( 'NONE', #412, #1384, #3189, .T. ) ;
#2353 = CARTESIAN_POINT ( 'NONE',  ( 41.47061184768650577, 3.499985984472978373, 466.7211743237411383 ) ) ;
#2354 = DIRECTION ( 'NONE',  ( -1.000000000000000000, 0.000000000000000000, 0.000000000000000000 ) ) ;
#2355 = CARTESIAN_POINT ( 'NONE',  ( 225.0000000000000568, 31.67956787434723154, -376.8602867903408651 ) ) ;
#2356 = ORIENTED_EDGE ( 'NONE', *, *, #2426, .T. ) ;
#2357 = SURFACE_SIDE_STYLE ('',( #4117 ) ) ;
#2358 = AXIS2_PLACEMENT_3D ( 'NONE', #101, #5395, #3149 ) ;
#2359 = CARTESIAN_POINT ( 'NONE',  ( -69.41550441027570173, 19.12518994548380746, 205.7642676584224830 ) ) ;
#2360 = CARTESIAN_POINT ( 'NONE',  ( 0.000000000000000000, 180.5799915545548515, -422.8155626306387376 ) ) ;
#2361 = CARTESIAN_POINT ( 'NONE',  ( -28.60960760623077448, 27.94313472213958960, -13.60380212400414912 ) ) ;
#2362 = CARTESIAN_POINT ( 'NONE',  ( -213.8853114796867771, 35.16172196689574037, -399.9965125203079879 ) ) ;
#2363 = VERTEX_POINT ( 'NONE', #774 ) ;
#2364 = CARTESIAN_POINT ( 'NONE',  ( 41.71917371189599777, -0.3917520964059426625, 466.7211743237411383 ) ) ;
#2365 = CARTESIAN_POINT ( 'NONE',  ( -71.56060327250467878, 24.07922574940648275, 233.6176923605001150 ) ) ;
#2366 = CARTESIAN_POINT ( 'NONE',  ( -210.5873495529999957, 30.42726978475595701, -310.8293355663357715 ) ) ;
#2367 = CARTESIAN_POINT ( 'NONE',  ( 72.23482967711399283, 23.65210655300719012, 245.3917884807168548 ) ) ;
#2368 = CARTESIAN_POINT ( 'NONE',  ( -209.6129482167753224, 30.91454712778036296, -316.3493936578779540 ) ) ;
#2369 = CARTESIAN_POINT ( 'NONE',  ( -216.6187901096747339, 38.70606651290663081, -386.3577152919718856 ) ) ;
#2370 = CARTESIAN_POINT ( 'NONE',  ( 40.64890654928330349, 28.74155040284363238, -23.99303391657943507 ) ) ;
#2371 = CARTESIAN_POINT ( 'NONE',  ( -47.02990680302158211, 43.49175521181804527, 402.2845281192505809 ) ) ;
#2372 = CARTESIAN_POINT ( 'NONE',  ( -34.65955211161565330, 22.42397687609609136, -11.89842195051429918 ) ) ;
#2373 = CARTESIAN_POINT ( 'NONE',  ( 41.61357135987800149, -2.340463350838029477, 466.7211743237411383 ) ) ;
#2374 = ADVANCED_FACE ( 'NONE', ( #851 ), #4633, .T. ) ;
#2375 = CARTESIAN_POINT ( 'NONE',  ( 71.47179355736891182, 26.65418594670123298, 245.1158707548785856 ) ) ;
#2376 = CARTESIAN_POINT ( 'NONE',  ( -37.73153380698649073, 27.01111530436014263, 37.90728903740727418 ) ) ;
#2377 = CARTESIAN_POINT ( 'NONE',  ( 0.3265773720786770973, -15.02479125579055363, -124.9949820965278349 ) ) ;
#2378 = PLANE ( 'NONE',  #4320 ) ;
#2379 = CARTESIAN_POINT ( 'NONE',  ( 225.0000000000000000, 20.32909560296729623, -369.5134181474073216 ) ) ;
#2380 = CARTESIAN_POINT ( 'NONE',  ( -12.65481945325470647, 15.67465397537842087, -100.0446045312277761 ) ) ;
#2381 = CARTESIAN_POINT ( 'NONE',  ( -71.44115245939390491, 25.54125557059848362, 235.7959153785039916 ) ) ;
#2382 = CIRCLE ( 'NONE', #5607, 11.99999999999998224 ) ;
#2383 = CARTESIAN_POINT ( 'NONE',  ( -219.1687098115944252, 40.08977272907583966, -316.3073533825311756 ) ) ;
#2384 = CARTESIAN_POINT ( 'NONE',  ( 210.0000000000505338, 26.26107159832745808, 147.0000000000000284 ) ) ;
#2385 = CARTESIAN_POINT ( 'NONE',  ( -225.0000000000505338, 26.26107159832745452, 150.0000000000000000 ) ) ;
#2386 = CARTESIAN_POINT ( 'NONE',  ( 225.0000000000000568, 32.47864362323714715, -371.8045782896703031 ) ) ;
#2387 = CARTESIAN_POINT ( 'NONE',  ( -41.03908965403422826, 46.79387744380210279, 139.4366375816004506 ) ) ;
#2388 = CARTESIAN_POINT ( 'NONE',  ( 0.000000000000000000, 200.3276468959807346, -413.0930335130314006 ) ) ;
#2389 = CARTESIAN_POINT ( 'NONE',  ( -10.38677513275166397, 15.59179705604922184, -106.8170039916470841 ) ) ;
#2390 = CARTESIAN_POINT ( 'NONE',  ( -214.6198905016194090, 35.12543915947831152, -399.5681987838988221 ) ) ;
#2391 = AXIS2_PLACEMENT_3D ( 'NONE', #5701, #2672, #350 ) ;
#2392 = ORIENTED_EDGE ( 'NONE', *, *, #436, .T. ) ;
#2393 = AXIS2_PLACEMENT_3D ( 'NONE', #4143, #3684, #2787 ) ;
#2394 = CARTESIAN_POINT ( 'NONE',  ( 70.03872073839899315, 9.779290375865581808, 214.1150886276450649 ) ) ;
#2395 = CARTESIAN_POINT ( 'NONE',  ( -73.98132046040056764, 17.38716985944846982, 242.7382035976656880 ) ) ;
#2396 = CARTESIAN_POINT ( 'NONE',  ( -212.9395455050849080, 35.18250627757539206, -304.0405002812179305 ) ) ;
#2397 = CARTESIAN_POINT ( 'NONE',  ( 72.98754258942197737, 15.20545390391404972, 239.8519183889573299 ) ) ;
#2398 = CARTESIAN_POINT ( 'NONE',  ( 245.5411233440145509, 26.50459451475026640, 232.2342902614960849 ) ) ;
#2399 = CARTESIAN_POINT ( 'NONE',  ( -219.0156435634256411, 40.01982578892814502, -315.7365291275360732 ) ) ;
#2400 = CARTESIAN_POINT ( 'NONE',  ( 10.81040334192854679, 30.79981068508727660, -62.66811052306845653 ) ) ;
#2401 = CARTESIAN_POINT ( 'NONE',  ( -61.50106835044802978, -15.08351543392469729, 402.2845281192509219 ) ) ;
#2402 = CARTESIAN_POINT ( 'NONE',  ( -73.31949831795246553, 33.96519166876341700, 221.4252091079123943 ) ) ;
#2403 = CARTESIAN_POINT ( 'NONE',  ( -27.75088086893720529, -15.34977214045956906, 466.7211743237411383 ) ) ;
#2404 = CARTESIAN_POINT ( 'NONE',  ( 70.58690965723339161, 26.35352084235960746, 235.5912166161031962 ) ) ;
#2405 = CARTESIAN_POINT ( 'NONE',  ( -46.03448078093954621, 42.20049339609419548, 124.3495416190097131 ) ) ;
#2406 = CARTESIAN_POINT ( 'NONE',  ( 61.40821596980389785, -15.32105380791895044, 402.2845281192508651 ) ) ;
#2407 = CARTESIAN_POINT ( 'NONE',  ( 225.0000000000000284, 30.90520811704531212, -300.4165330580036084 ) ) ;
#2408 = CARTESIAN_POINT ( 'NONE',  ( 225.0000000000000568, 19.79178552599397989, -366.1426806340290909 ) ) ;
#2409 = CARTESIAN_POINT ( 'NONE',  ( -69.05771476050229296, 7.893402504321368696, 199.8765420386841356 ) ) ;
#2410 = CARTESIAN_POINT ( 'NONE',  ( 37.66182236673267170, 41.42640765162116168, 102.3461092392227556 ) ) ;
#2411 = CARTESIAN_POINT ( 'NONE',  ( -210.4690668038441004, 30.01790382049313166, -378.7328192669407940 ) ) ;
#2412 = CARTESIAN_POINT ( 'NONE',  ( 0.5245854544510130113, -33.00252361132338308, -46.53904117984439637 ) ) ;
#2413 = CARTESIAN_POINT ( 'NONE',  ( 225.0000000000000284, 17.04366363531404716, -317.4738356357999010 ) ) ;
#2414 = CARTESIAN_POINT ( 'NONE',  ( 225.0000000000000284, 32.68162143296679290, -370.5139677337076591 ) ) ;
#2415 = CARTESIAN_POINT ( 'NONE',  ( -212.3418614903852131, 35.19830195444582444, -399.7144659652424821 ) ) ;
#2416 = CARTESIAN_POINT ( 'NONE',  ( -62.40585093696800101, 16.03836886338957868, 154.9751452556799336 ) ) ;
#2417 = CARTESIAN_POINT ( 'NONE',  ( -225.0000000000000284, 32.05070501209371514, -372.7512570906214933 ) ) ;
#2418 = CARTESIAN_POINT ( 'NONE',  ( -14.51558505522931419, 33.85888002269692265, -110.7611982219459179 ) ) ;
#2419 = CARTESIAN_POINT ( 'NONE',  ( -214.1012586491440857, 35.99584592312875486, -398.6411733581769568 ) ) ;
#2420 = VERTEX_POINT ( 'NONE', #4355 ) ;
#2421 = CARTESIAN_POINT ( 'NONE',  ( -960.0000000000000000, 33.43428219711653071, 146.3095658484770070 ) ) ;
#2422 = CARTESIAN_POINT ( 'NONE',  ( -83.62210039230316738, 24.71373219024860646, 233.0998120440753212 ) ) ;
#2423 = CARTESIAN_POINT ( 'NONE',  ( -211.1083907147311720, 31.92444426751121611, -306.5555021113719363 ) ) ;
#2424 = DIRECTION ( 'NONE',  ( 0.000000000000000000, 0.000000000000000000, 1.000000000000000000 ) ) ;
#2425 = CARTESIAN_POINT ( 'NONE',  ( 0.000000000000000000, 193.8080463568161633, -496.7725349299225854 ) ) ;
#2426 = EDGE_CURVE ( 'NONE', #3053, #3804, #1054, .T. ) ;
#2427 = VECTOR ( 'NONE', #2982, 1000.000000000000000 ) ;
#2428 = CARTESIAN_POINT ( 'NONE',  ( -220.4859886410684737, 40.56863594404539697, -322.2494903062302569 ) ) ;
#2429 = CARTESIAN_POINT ( 'NONE',  ( 36.33703491885029990, 25.74541048380979547, 22.97729894510932169 ) ) ;
#2430 = CARTESIAN_POINT ( 'NONE',  ( -8.527530680467942048, 12.36321190042572837, -124.9949820965277354 ) ) ;
#2431 = DIRECTION ( 'NONE',  ( 1.000000000000000000, 0.000000000000000000, 0.000000000000000000 ) ) ;
#2432 = CARTESIAN_POINT ( 'NONE',  ( 14.77683645856270545, -29.54289786849344779, 466.7211743237411383 ) ) ;
#2433 = VERTEX_POINT ( 'NONE', #1182 ) ;
#2434 = CARTESIAN_POINT ( 'NONE',  ( 59.64752215778779032, 43.99340474872869322, 210.5981545876909138 ) ) ;
#2435 = CARTESIAN_POINT ( 'NONE',  ( -38.69087988938496636, 28.70901535573343466, 49.37858933858763066 ) ) ;
#2436 = CARTESIAN_POINT ( 'NONE',  ( 42.65876263952470282, 47.03647744220327098, 402.2845281192504672 ) ) ;
#2437 = CARTESIAN_POINT ( 'NONE',  ( 224.9999999999999716, 33.62957271917406388, -308.0590260570313035 ) ) ;
#2438 = CARTESIAN_POINT ( 'NONE',  ( 225.0000000000000000, 19.36618720013500550, -363.5432245393467952 ) ) ;
#2439 = CARTESIAN_POINT ( 'NONE',  ( -8.395325903700159742, 15.47352852863382289, -112.3986855867295986 ) ) ;
#2440 = CARTESIAN_POINT ( 'NONE',  ( -216.3461582985459870, 38.51625682580844057, -388.9524704884752282 ) ) ;
#2441 = CARTESIAN_POINT ( 'NONE',  ( -55.00000000608116579, -14.85952213135074906, 438.0555349262138520 ) ) ;
#2442 = CARTESIAN_POINT ( 'NONE',  ( 33.18420680342961049, -44.91850364687313402, 402.2845281192502966 ) ) ;
#2443 = CARTESIAN_POINT ( 'NONE',  ( 225.0000000000000284, 18.96579419821100743, -309.9078125114228897 ) ) ;
#2444 = CARTESIAN_POINT ( 'NONE',  ( 225.0000000000000000, 34.88927054646942594, -357.3426082886591644 ) ) ;
#2445 = CARTESIAN_POINT ( 'NONE',  ( -83.66261753195067286, 25.27910751428193237, 233.7942530044078069 ) ) ;
#2446 = CARTESIAN_POINT ( 'NONE',  ( -44.84213835785703850, 23.47866493817588207, 52.03469585966140443 ) ) ;
#2447 = CARTESIAN_POINT ( 'NONE',  ( -219.9727662597091751, 41.20726571959151130, -341.9437840057943845 ) ) ;
#2448 = CARTESIAN_POINT ( 'NONE',  ( -1.440059812071565970, 31.91149630838197027, -82.23905875856874559 ) ) ;
#2449 = CARTESIAN_POINT ( 'NONE',  ( -213.8302784628906181, 33.26423396563371426, -399.7578360119127296 ) ) ;
#2450 = ORIENTED_EDGE ( 'NONE', *, *, #2959, .T. ) ;
#2451 = CARTESIAN_POINT ( 'NONE',  ( 63.58489830789319797, 6.103007044026609762, 163.6394543315106489 ) ) ;
#2452 = CARTESIAN_POINT ( 'NONE',  ( -71.77352082870811500, 24.89376297617397782, 233.5833138071887731 ) ) ;
#2453 = CARTESIAN_POINT ( 'NONE',  ( -211.2844558259238852, 32.33844327805952901, -305.6554450777292118 ) ) ;
#2454 = CARTESIAN_POINT ( 'NONE',  ( 13.99825626699673897, 14.74292566989642417, -108.2362124652572817 ) ) ;
#2455 = CARTESIAN_POINT ( 'NONE',  ( 0.000000000000000000, 182.4742510694330804, -414.3975106221485589 ) ) ;
#2456 = CARTESIAN_POINT ( 'NONE',  ( -215.7244567937696615, 38.05108196504366447, -394.3509217939781593 ) ) ;
#2457 = CARTESIAN_POINT ( 'NONE',  ( 20.49971763065982699, 29.15339363626224767, -34.50155386564737370 ) ) ;
#2458 = CARTESIAN_POINT ( 'NONE',  ( -11.69870148486466910, 9.426120734024728165, -124.9949820965277070 ) ) ;
#2459 = CARTESIAN_POINT ( 'NONE',  ( -43.14261823527543527, 29.44236082465200965, 53.78271777157949884 ) ) ;
#2460 = CIRCLE ( 'NONE', #2358, 15.00000000000000000 ) ;
#2461 = CARTESIAN_POINT ( 'NONE',  ( 5.050673245201183998E-11, 0.000000000000000000, 498.0555349262137952 ) ) ;
#2462 = EDGE_CURVE ( 'NONE', #3053, #3077, #4758, .T. ) ;
#2463 = CARTESIAN_POINT ( 'NONE',  ( 78.08502315131430294, 28.20629984698625137, 233.3745212158996480 ) ) ;
#2464 = CARTESIAN_POINT ( 'NONE',  ( -39.97072983222473397, 34.33833488605204565, 79.64977103584666906 ) ) ;
#2465 = CARTESIAN_POINT ( 'NONE',  ( 65.18056316506688574, 0.8816987055542240270, 402.2845281192503535 ) ) ;
#2466 = CARTESIAN_POINT ( 'NONE',  ( 0.000000000000000000, 196.3543798449791780, -476.0423086973928548 ) ) ;
#2467 = CARTESIAN_POINT ( 'NONE',  ( 225.0000000000000000, 19.06490764352760436, -361.7605659164862004 ) ) ;
#2468 = CARTESIAN_POINT ( 'NONE',  ( 30.48486143805654791, 7.831449931000092235, -46.53904117984414057 ) ) ;
#2469 = CARTESIAN_POINT ( 'NONE',  ( 38.83391718803743942, 43.68319404037344356, 115.9192865674263828 ) ) ;
#2470 = CARTESIAN_POINT ( 'NONE',  ( -13.25123489174810487, 34.00175030962940070, -113.2881356524233922 ) ) ;
#2471 = CARTESIAN_POINT ( 'NONE',  ( 15.23213113099759575, -42.65626692258436492, 438.0555349262137383 ) ) ;
#2472 = CARTESIAN_POINT ( 'NONE',  ( 225.0000000000001137, 23.39507389011592409, -299.2733085537225861 ) ) ;
#2473 = CARTESIAN_POINT ( 'NONE',  ( 225.0000000000000568, 34.98965659952755658, -356.7962550699303392 ) ) ;
#2474 = DIRECTION ( 'NONE',  ( 0.000000000000000000, 0.000000000000000000, -1.000000000000000000 ) ) ;
#2475 = DIRECTION ( 'NONE',  ( 1.000000000000000000, 0.000000000000000000, 0.000000000000000000 ) ) ;
#2476 = CARTESIAN_POINT ( 'NONE',  ( -53.97063222573370211, 25.37650370272795541, 31.16349769733864861 ) ) ;
#2477 = CARTESIAN_POINT ( 'NONE',  ( 225.0000000000000853, 24.08413075985195206, -391.0285517439602927 ) ) ;
#2478 = CARTESIAN_POINT ( 'NONE',  ( -213.2047362225468987, 33.08726757428221532, -399.5264345175830840 ) ) ;
#2479 = EDGE_CURVE ( 'NONE', #731, #5418, #4276, .T. ) ;
#2480 = ORIENTED_EDGE ( 'NONE', *, *, #2794, .T. ) ;
#2481 = CARTESIAN_POINT ( 'NONE',  ( -800.0000000000002274, 28.83302432184767738, 209.6851584081997260 ) ) ;
#2482 = CARTESIAN_POINT ( 'NONE',  ( -30.51200730104010006, 20.97287634717298488, -30.39624394831204413 ) ) ;
#2483 = CARTESIAN_POINT ( 'NONE',  ( -211.1187640779736228, 34.75809521373736999, -305.7475190868676123 ) ) ;
#2484 = CARTESIAN_POINT ( 'NONE',  ( 13.34395247098348669, 15.57379357890428651, -98.24531383309667376 ) ) ;
#2485 = CARTESIAN_POINT ( 'NONE',  ( -74.23117325029514291, 16.19064941696950655, 164.8377659135176430 ) ) ;
#2486 = CARTESIAN_POINT ( 'NONE',  ( -221.8673395573642608, 40.93042940059769563, -334.2679878082354890 ) ) ;
#2487 = CARTESIAN_POINT ( 'NONE',  ( -15.92061774602141888, 32.72569663300437526, -98.62367628294285282 ) ) ;
#2488 = CARTESIAN_POINT ( 'NONE',  ( -88.78139019903177598, 44.79842825074836554, 294.0012731391515786 ) ) ;
#2489 = CARTESIAN_POINT ( 'NONE',  ( -1.694065894508600678E-18, 44.28359600183357969, 136.3961368310284001 ) ) ;
#2490 = CARTESIAN_POINT ( 'NONE',  ( 18.24033355265544287, -8.228907198055127381, 498.0555349261633182 ) ) ;
#2491 = ORIENTED_EDGE ( 'NONE', *, *, #5440, .F. ) ;
#2492 = CARTESIAN_POINT ( 'NONE',  ( 78.63533299141029431, 28.01727237459052233, 233.6054362247635368 ) ) ;
#2493 = CARTESIAN_POINT ( 'NONE',  ( -40.35471718767288252, 46.20119879955514364, 134.0921300174403825 ) ) ;
#2494 = CARTESIAN_POINT ( 'NONE',  ( 65.08186030325536819, 6.463466645116362486, 402.2845281192505809 ) ) ;
#2495 = DIRECTION ( 'NONE',  ( 0.000000000000000000, 0.000000000000000000, 1.000000000000000000 ) ) ;
#2496 = CARTESIAN_POINT ( 'NONE',  ( 224.9999999999999716, 18.81560690065713715, -360.3265276489235589 ) ) ;
#2497 = CARTESIAN_POINT ( 'NONE',  ( 6.273671596888313218, 44.09541626301936645, 438.0555349262151026 ) ) ;
#2498 = CARTESIAN_POINT ( 'NONE',  ( -214.0977353830849097, 36.69407448679755390, -396.6352788817445685 ) ) ;
#2499 = CARTESIAN_POINT ( 'NONE',  ( 21.36845907295401048, 32.60008622731539418, -97.68344765750728698 ) ) ;
#2500 = EDGE_CURVE ( 'NONE', #2754, #2326, #3366, .T. ) ;
#2501 = CARTESIAN_POINT ( 'NONE',  ( 50.58496311990633387, -17.57526533345351538, 438.0555349262136815 ) ) ;
#2502 = CARTESIAN_POINT ( 'NONE',  ( 225.0000000000001137, 17.74002769933521506, -314.4501928283438588 ) ) ;
#2503 = CARTESIAN_POINT ( 'NONE',  ( 225.0000000000000568, 35.32192957682310208, -355.0014731324267814 ) ) ;
#2504 = DIRECTION ( 'NONE',  ( -1.000000000000000000, 0.000000000000000000, -0.000000000000000000 ) ) ;
#2505 = CARTESIAN_POINT ( 'NONE',  ( -212.8103285656784180, 37.03551505757273787, -398.8086133860985001 ) ) ;
#2506 = CARTESIAN_POINT ( 'NONE',  ( -59.54474469889851207, 6.197442124515245787, 128.5321908205765169 ) ) ;
#2507 = CARTESIAN_POINT ( 'NONE',  ( -218.4742455670211712, 40.63648482126606609, -320.7513096793325076 ) ) ;
#2508 = ORIENTED_EDGE ( 'NONE', *, *, #3696, .T. ) ;
#2509 = CARTESIAN_POINT ( 'NONE',  ( -10.90481707396160616, 17.08760800700398619, -99.34720270478386794 ) ) ;
#2510 = CARTESIAN_POINT ( 'NONE',  ( 71.38508636327371448, 26.94671825241912089, 245.0381503001877093 ) ) ;
#2511 = CARTESIAN_POINT ( 'NONE',  ( 79.69369057129357259, 27.59254598470384678, 233.9499367249282500 ) ) ;
#2512 = CARTESIAN_POINT ( 'NONE',  ( 9.324336067541272755, 15.60859227736739818, -109.3443748131522284 ) ) ;
#2513 = CARTESIAN_POINT ( 'NONE',  ( -15.43078327117935977, 27.13490172006675749, -46.53904117984416189 ) ) ;
#2514 = FACE_OUTER_BOUND ( 'NONE', #241, .T. ) ;
#2515 = CARTESIAN_POINT ( 'NONE',  ( 615.2293735061132338, 28.05872649201173274, 218.3540015630673850 ) ) ;
#2516 = VERTEX_POINT ( 'NONE', #3894 ) ;
#2517 = CARTESIAN_POINT ( 'NONE',  ( -211.2688394036927093, 35.31748669980992617, -398.5470859585387302 ) ) ;
#2518 = CARTESIAN_POINT ( 'NONE',  ( 69.34767137322862141, 32.26664287290162036, 241.5195512450961814 ) ) ;
#2519 = AXIS2_PLACEMENT_3D ( 'NONE', #250, #3700, #2000 ) ;
#2520 = CARTESIAN_POINT ( 'NONE',  ( -22.25069358014954446, 18.87007303460627838, -56.89653527531427102 ) ) ;
#2521 = CARTESIAN_POINT ( 'NONE',  ( 35.63876990232323294, 33.84682870048940373, 438.0555349262135110 ) ) ;
#2522 = FACE_OUTER_BOUND ( 'NONE', #3626, .T. ) ;
#2523 = CARTESIAN_POINT ( 'NONE',  ( 225.0000000000000000, 20.99649046506572603, -373.7545497875777301 ) ) ;
#2524 = CARTESIAN_POINT ( 'NONE',  ( 11.49068020175513105, 9.674353107485098135, -124.9949820965277780 ) ) ;
#2525 = CARTESIAN_POINT ( 'NONE',  ( -215.3249609988869793, 39.47975026571950963, -376.5765522165392554 ) ) ;
#2526 = CARTESIAN_POINT ( 'NONE',  ( -211.5128554335273350, 35.28760927829002014, -305.0207596352969972 ) ) ;
#2527 = CARTESIAN_POINT ( 'NONE',  ( 7.139310263291346992, -67.14004073580247223, 106.1228587318994840 ) ) ;
#2528 = CARTESIAN_POINT ( 'NONE',  ( 225.0000000000000568, 38.01919594867835173, -334.4696032899946658 ) ) ;
#2529 = CARTESIAN_POINT ( 'NONE',  ( 225.0000000000000853, 19.72790257458611052, -307.4777718869004275 ) ) ;
#2530 = CARTESIAN_POINT ( 'NONE',  ( 225.0000000000000284, 34.22341604898742418, -361.0665498109315763 ) ) ;
#2531 = EDGE_CURVE ( 'NONE', #1677, #2754, #5502, .T. ) ;
#2532 = CARTESIAN_POINT ( 'NONE',  ( -214.1578204461539201, 34.82197355403438621, -399.9544821248299513 ) ) ;
#2533 = CARTESIAN_POINT ( 'NONE',  ( -220.2387880896842773, 41.19759664159148116, -332.1716210394051245 ) ) ;
#2534 = ORIENTED_EDGE ( 'NONE', *, *, #2040, .F. ) ;
#2535 = CARTESIAN_POINT ( 'NONE',  ( 0.000000000000000000, 0.000000000000000000, -124.9949820965277922 ) ) ;
#2536 = CARTESIAN_POINT ( 'NONE',  ( -64.99005409840631842, 19.43461600482760332, 96.20141818076058371 ) ) ;
#2537 = CARTESIAN_POINT ( 'NONE',  ( 17.79989639633202358, 33.40376966897287048, -102.8568902703102452 ) ) ;
#2538 = CARTESIAN_POINT ( 'NONE',  ( -66.13505518487123425, 8.982604521582652879, 106.1228587318998677 ) ) ;
#2539 = CARTESIAN_POINT ( 'NONE',  ( 960.0000000000000000, 15.29371980285632837, 39.26440371253023187 ) ) ;
#2540 = CARTESIAN_POINT ( 'NONE',  ( -53.35839081626712499, 25.59621291085324302, 28.02342633788048687 ) ) ;
#2541 = ORIENTED_EDGE ( 'NONE', *, *, #5492, .T. ) ;
#2542 = CARTESIAN_POINT ( 'NONE',  ( -211.2438383531325030, 32.24421240575512115, -394.9817228755999849 ) ) ;
#2543 = CARTESIAN_POINT ( 'NONE',  ( 47.02880619472075807, 42.55314352280878865, 127.5825142545470356 ) ) ;
#2544 = CARTESIAN_POINT ( 'NONE',  ( -35.71914325887927077, 25.12392423461362156, 21.03304584222076912 ) ) ;
#2545 = CARTESIAN_POINT ( 'NONE',  ( 70.30985339622942831, 79.00618322112615033, 294.0012731391511238 ) ) ;
#2546 = DIRECTION ( 'NONE',  ( 0.000000000000000000, 0.000000000000000000, 1.000000000000000000 ) ) ;
#2547 = CARTESIAN_POINT ( 'NONE',  ( 225.0000000000000284, 20.83300581708348531, -372.7155812312236094 ) ) ;
#2548 = ADVANCED_FACE ( 'NONE', ( #2522 ), #4445, .T. ) ;
#2549 = CARTESIAN_POINT ( 'NONE',  ( 55.78167554723636101, 25.91537055144555168, 106.1228587319000525 ) ) ;
#2550 = CARTESIAN_POINT ( 'NONE',  ( 70.84077539565068093, 24.80776556543786882, 233.6175180090852450 ) ) ;
#2551 = CARTESIAN_POINT ( 'NONE',  ( 19.60919035144620537, -63.68141207526700498, 106.1228587318997540 ) ) ;
#2552 = CARTESIAN_POINT ( 'NONE',  ( 225.0000000000000284, 37.87301270999496694, -329.3311954552594898 ) ) ;
#2553 = CARTESIAN_POINT ( 'NONE',  ( 224.9999999999999716, 16.37150255669447318, -320.8734165249915691 ) ) ;
#2554 = CARTESIAN_POINT ( 'NONE',  ( 225.0000000000000284, 33.35038498779569238, -366.3057023828145589 ) ) ;
#2555 = CARTESIAN_POINT ( 'NONE',  ( 21.41786217543057802, 19.12738953681744292, -60.05206255250159586 ) ) ;
#2556 = CARTESIAN_POINT ( 'NONE',  ( 25.15204262951753122, 15.05618989731599910, -51.99218845895604346 ) ) ;
#2557 = CARTESIAN_POINT ( 'NONE',  ( 225.0000000000000568, 23.85629716370657150, -390.0264181172314579 ) ) ;
#2558 = ORIENTED_EDGE ( 'NONE', *, *, #3375, .F. ) ;
#2559 = CARTESIAN_POINT ( 'NONE',  ( 69.84007971976761553, 31.20242179169853713, 242.6451738637020696 ) ) ;
#2560 = CARTESIAN_POINT ( 'NONE',  ( -81.39133297809119938, 20.92880854056888396, 215.8270344274460797 ) ) ;
#2561 = CARTESIAN_POINT ( 'NONE',  ( 16.37984317034947779, 33.60654499432803988, -106.3702157258200174 ) ) ;
#2562 = CARTESIAN_POINT ( 'NONE',  ( -13.92891058454903686, 5.642665523884466516, -124.9949820965279059 ) ) ;
#2563 = CARTESIAN_POINT ( 'NONE',  ( 0.000000000000000000, 0.000000000000000000, -134.9949820965277638 ) ) ;
#2564 = CARTESIAN_POINT ( 'NONE',  ( 225.0000000000505338, 26.26107159832745452, 150.0000000000000000 ) ) ;
#2565 = ORIENTED_EDGE ( 'NONE', *, *, #492, .T. ) ;
#2566 = CARTESIAN_POINT ( 'NONE',  ( -23.05581250532051030, 21.23980911120682791, -46.53904117984443900 ) ) ;
#2567 = CARTESIAN_POINT ( 'NONE',  ( -210.4998017653199724, 30.32541066526610152, -371.3311740002257579 ) ) ;
#2568 = CARTESIAN_POINT ( 'NONE',  ( 42.34607546638888920, 30.57800606948886113, 60.05613365365881151 ) ) ;
#2569 = CARTESIAN_POINT ( 'NONE',  ( -36.45248982004009974, 25.61775080369186242, 26.35929789813894786 ) ) ;
#2570 = CARTESIAN_POINT ( 'NONE',  ( 64.31290919002881878, 7.991890518049391545, 106.1228587318992282 ) ) ;
#2571 = FACE_OUTER_BOUND ( 'NONE', #5631, .T. ) ;
#2572 = CARTESIAN_POINT ( 'NONE',  ( 225.0000000000000284, 23.29315753747297535, -387.3029364665840149 ) ) ;
#2573 = CIRCLE ( 'NONE', #5239, 15.00000000000000000 ) ;
#2574 = CARTESIAN_POINT ( 'NONE',  ( 27.60521679689813368, 13.62180750188105804, -46.53904117984419742 ) ) ;
#2575 = AXIS2_PLACEMENT_3D ( 'NONE', #1259, #4383, #2145 ) ;
#2576 = CARTESIAN_POINT ( 'NONE',  ( 73.04257432833435359, 15.94413966526379767, 241.0042451942420314 ) ) ;
#2577 = CARTESIAN_POINT ( 'NONE',  ( 61.40821596980389785, -15.32105380791895044, 402.2845281192508651 ) ) ;
#2578 = CARTESIAN_POINT ( 'NONE',  ( -44.20279867812190133, -49.31609746513480985, 106.1228587318998393 ) ) ;
#2579 = CARTESIAN_POINT ( 'NONE',  ( 224.9999999999999432, 37.99495321079250232, -335.5846345137950948 ) ) ;
#2580 = CARTESIAN_POINT ( 'NONE',  ( 225.0000000000000568, 16.80224838051302427, -318.6312785369344738 ) ) ;
#2581 = CARTESIAN_POINT ( 'NONE',  ( 225.0000000000000000, 35.62899311200958863, -353.3524211523697431 ) ) ;
#2582 = CARTESIAN_POINT ( 'NONE',  ( -800.0000000000000000, 29.81303788679203493, 206.6255596649809263 ) ) ;
#2583 = CARTESIAN_POINT ( 'NONE',  ( -215.2429985818602631, 37.70112241146879484, -306.9943261372272332 ) ) ;
#2584 = CARTESIAN_POINT ( 'NONE',  ( 21.73447588988330992, 15.42979982816425633, -65.39398994649863539 ) ) ;
#2585 = CARTESIAN_POINT ( 'NONE',  ( 225.0000000000000568, 29.01003431846550740, -391.3395967710412719 ) ) ;
#2586 = ORIENTED_EDGE ( 'NONE', *, *, #4288, .F. ) ;
#2587 = CARTESIAN_POINT ( 'NONE',  ( -213.0000000000505338, 26.26107159832745452, -400.0000000000000000 ) ) ;
#2588 = CARTESIAN_POINT ( 'NONE',  ( 13.11400406372362148, 15.80482952455640167, -97.11210216687321406 ) ) ;
#2589 = CARTESIAN_POINT ( 'NONE',  ( -62.51411820831491184, 20.84079338538532156, 106.1228587318999388 ) ) ;
#2590 = CARTESIAN_POINT ( 'NONE',  ( 960.0000000000000000, 26.06638270313652228, 212.5407613895300472 ) ) ;
#2591 = CARTESIAN_POINT ( 'NONE',  ( -43.95677969177101119, 24.32349133709588429, 12.54913838086043398 ) ) ;
#2592 = ORIENTED_EDGE ( 'NONE', *, *, #2479, .F. ) ;
#2593 = CARTESIAN_POINT ( 'NONE',  ( -95.74462030673561230, 6.991517132741394747, 294.0012731391517491 ) ) ;
#2594 = CARTESIAN_POINT ( 'NONE',  ( -212.4211825863006595, 34.36201341182335511, -397.9424723106635611 ) ) ;
#2595 = EDGE_CURVE ( 'NONE', #1730, #3460, #4263, .T. ) ;
#2596 = CARTESIAN_POINT ( 'NONE',  ( 39.18446371302977127, 34.26197790196459891, 79.20896302512602460 ) ) ;
#2597 = CARTESIAN_POINT ( 'NONE',  ( -39.65392088501195644, 24.86485573140107164, 18.48183260171447273 ) ) ;
#2598 = CARTESIAN_POINT ( 'NONE',  ( 32.63434774576320763, -6.134177507854657208, -46.53904117984428979 ) ) ;
#2599 = DIRECTION ( 'NONE',  ( 0.000000000000000000, -0.9700396976842062813, 0.2429464651250018703 ) ) ;
#2600 = CARTESIAN_POINT ( 'NONE',  ( 225.0000000000000284, 21.40026208710909472, -376.3056393521637233 ) ) ;
#2601 = CARTESIAN_POINT ( 'NONE',  ( -88.78139019903177598, 44.79842825074836554, 294.0012731391515786 ) ) ;
#2602 = CARTESIAN_POINT ( 'NONE',  ( 72.81697820333995708, 14.15654771241606724, 237.5893019176816665 ) ) ;
#2603 = UNCERTAINTY_MEASURE_WITH_UNIT (LENGTH_MEASURE( 1.000000000000000082E-05 ), #295, 'distance_accuracy_value', 'NONE');
#2604 = CARTESIAN_POINT ( 'NONE',  ( 65.18056316506688574, 0.8816987055542240270, 402.2845281192503535 ) ) ;
#2605 = CARTESIAN_POINT ( 'NONE',  ( -11.57726057783391838, -43.39286907655762349, 438.0555349262136815 ) ) ;
#2606 = CARTESIAN_POINT ( 'NONE',  ( 225.0000000000000000, 37.99850124646277294, -335.4636935813283003 ) ) ;
#2607 = CARTESIAN_POINT ( 'NONE',  ( 225.0000000000000000, 15.14477458459409220, -333.7679349620661355 ) ) ;
#2608 = CARTESIAN_POINT ( 'NONE',  ( 225.0000000000000284, 37.19004199206617045, -344.2922583612855192 ) ) ;
#2609 = CARTESIAN_POINT ( 'NONE',  ( -208.5732028874699324, 26.06189399941482776, 45.62134407147077297 ) ) ;
#2610 = ORIENTED_EDGE ( 'NONE', *, *, #5064, .T. ) ;
#2611 = CARTESIAN_POINT ( 'NONE',  ( -215.7369178398739678, 39.31466820345431046, -311.1745281377838523 ) ) ;
#2612 = CARTESIAN_POINT ( 'NONE',  ( 27.35831801455970691, 14.74943342865053708, -43.04168629860190265 ) ) ;
#2613 = CARTESIAN_POINT ( 'NONE',  ( 225.0000000000000000, 28.58591589410278999, -392.9849645355237726 ) ) ;
#2614 = ORIENTED_EDGE ( 'NONE', *, *, #3375, .T. ) ;
#2615 = ADVANCED_FACE ( 'NONE', ( #4786 ), #5610, .T. ) ;
#2616 = DIRECTION ( 'NONE',  ( 0.000000000000000000, 0.000000000000000000, -1.000000000000000000 ) ) ;
#2617 =( BOUNDED_SURFACE ( )  B_SPLINE_SURFACE ( 3, 2, ( 
 ( #3587, #1032, #5343 ),
 ( #4505, #1432, #5314 ),
 ( #4935, #1002, #2316 ),
 ( #1403, #972, #4075 ),
 ( #4045, #1888, #2722 ),
 ( #136, #1862, #4478 ),
 ( #1375, #540, #3126 ),
 ( #4966, #4879, #109 ),
 ( #3616, #5372, #312 ),
 ( #225, #2063, #1606 ),
 ( #3759, #2004, #2835 ),
 ( #5459, #3326, #5113 ),
 ( #1123, #5021, #717 ),
 ( #5522, #2034, #1150 ),
 ( #2955, #4623, #5082 ),
 ( #4679, #2868, #744 ),
 ( #197, #3816, #5580 ),
 ( #1949, #630, #5488 ),
 ( #1634, #3787, #2493 ),
 ( #2405, #1208, #3382 ),
 ( #4592, #1548, #4248 ),
 ( #660, #1520, #2897 ),
 ( #1976, #3296, #4652 ),
 ( #3730, #2464, #4162 ),
 ( #4218, #1180, #5052 ),
 ( #688, #1577, #3354 ),
 ( #5552, #2435, #5143 ),
 ( #4190, #2376, #1090 ),
 ( #255, #284, #2927 ),
 ( #3703, #4133, #3266 ),
 ( #1282, #2569, #5170 ),
 ( #4274, #3491, #5222 ),
 ( #2194, #1715, #5687 ),
 ( #1310, #3949, #5 ),
 ( #3892, #2544, #5660 ),
 ( #3029, #3464, #1740 ),
 ( #4813, #1231, #389 ),
 ( #2142, #5250, #3005 ),
 ( #1256, #3520, #3841 ),
 ( #3059, #337, #5197 ),
 ( #4784, #877, #849 ),
 ( #4379, #4756, #796 ),
 ( #2597, #2626, #821 ),
 ( #2089, #1662, #4353 ),
 ( #416, #1688, #2980 ),
 ( #363, #2167, #3920 ),
 ( #5608, #4704, #444 ),
 ( #4326, #5635, #1767 ),
 ( #5278, #3410, #1337 ),
 ( #772, #2520, #4730 ),
 ( #4299, #2115, #3868 ),
 ( #3437, #996, #1883 ),
 ( #3204, #1367, #4470 ),
 ( #2686, #4499, #4439 ),
 ( #4007, #504, #1911 ),
 ( #3638, #4872, #2715 ),
 ( #2281, #475, #938 ),
 ( #1854, #5365, #965 ),
 ( #2254, #1425, #64 ),
 ( #2743, #3580, #5335 ),
 ( #533, #1824, #4840 ),
 ( #4411, #4037, #1396 ) ),
 .UNSPECIFIED., .F., .F., .T. ) 
 B_SPLINE_SURFACE_WITH_KNOTS ( ( 4, 2, 2, 2, 2, 2, 2, 2, 2, 2, 2, 2, 2, 2, 2, 2, 2, 2, 2, 2, 2, 2, 2, 2, 2, 2, 2, 2, 2, 2, 4 ),
 ( 3, 3 ),
 ( 0.6489537424575637647, 0.6717133132019518227, 0.6944728839463398806, 0.7001627766324368674, 0.7058526693185338541, 0.7172324546907278275, 0.7399920254351158855, 0.7513718108073099700, 0.7570617034934069567, 0.7627515961795039434, 0.7855111669238918903, 0.8082707376682799483, 0.8310303084126680062, 0.8537898791570560642, 0.8651696645292501486, 0.8708595572153471354, 0.8737045035583956842, 0.8744157401441577937, 0.8745935492905982933, 0.8747713584370389039, 0.8751269767299199032, 0.8765494499014441221, 0.8993090206458320690, 0.9220685913902201269, 0.9448281621346081849, 0.9675877328789961318, 0.9789675182511901053, 0.9903473036233841897, 1.001727088995578274, 1.007416981681675150, 1.013106874367772248 ),
 ( 0.000000000000000000, 1.000000000000000000 ),
 .UNSPECIFIED. ) 
 GEOMETRIC_REPRESENTATION_ITEM ( )  RATIONAL_B_SPLINE_SURFACE ( (
 ( 1.000000000000000000, 0.8010312769118731469, 1.000000000000000000),
 ( 1.000000000000000000, 0.8160150918222722760, 1.000000000000000000),
 ( 1.000000000000000000, 0.8299423827898719797, 1.000000000000000000),
 ( 1.000000000000000000, 0.8554533706477922550, 1.000000000000000000),
 ( 1.000000000000000000, 0.8670332820258251916, 1.000000000000000000),
 ( 1.000000000000000000, 0.8798271772939959545, 1.000000000000000000),
 ( 1.000000000000000000, 0.8823016660603500982, 1.000000000000000000),
 ( 1.000000000000000000, 0.8870765090672426689, 1.000000000000000000),
 ( 1.000000000000000000, 0.8893734561598819477, 1.000000000000000000),
 ( 1.000000000000000000, 0.8959545380952756988, 1.000000000000000000),
 ( 1.000000000000000000, 0.8999440552643124258, 1.000000000000000000),
 ( 1.000000000000000000, 0.9107382450756347225, 1.000000000000000000),
 ( 1.000000000000000000, 0.9163603387663180611, 1.000000000000000000),
 ( 1.000000000000000000, 0.9226150440665107366, 1.000000000000000000),
 ( 1.000000000000000000, 0.9243388376774838155, 1.000000000000000000),
 ( 1.000000000000000000, 0.9264248016827882903, 1.000000000000000000),
 ( 1.000000000000000000, 0.9270375614429158251, 1.000000000000000000),
 ( 1.000000000000000000, 0.9281030727900105859, 1.000000000000000000),
 ( 1.000000000000000000, 0.9285557411909608483, 1.000000000000000000),
 ( 1.000000000000000000, 0.9304520625698931013, 1.000000000000000000),
 ( 1.000000000000000000, 0.9307934289622843416, 1.000000000000000000),
 ( 1.000000000000000000, 0.9300222240014244246, 1.000000000000000000),
 ( 1.000000000000000000, 0.9289220996120727269, 1.000000000000000000),
 ( 1.000000000000000000, 0.9262710204168470574, 1.000000000000000000),
 ( 1.000000000000000000, 0.9247333851109811320, 1.000000000000000000),
 ( 1.000000000000000000, 0.9219705527831834058, 1.000000000000000000),
 ( 1.000000000000000000, 0.9207385089510491394, 1.000000000000000000),
 ( 1.000000000000000000, 0.9195995138045996997, 1.000000000000000000),
 ( 1.000000000000000000, 0.9193321110473325897, 1.000000000000000000),
 ( 1.000000000000000000, 0.9191892579247604722, 1.000000000000000000),
 ( 1.000000000000000000, 0.9191848924202206117, 1.000000000000000000),
 ( 1.000000000000000000, 0.9192561528882670085, 1.000000000000000000),
 ( 1.000000000000000000, 0.9192928851683724867, 1.000000000000000000),
 ( 1.000000000000000000, 0.9193564397298795710, 1.000000000000000000),
 ( 1.000000000000000000, 0.9193700339724610870, 1.000000000000000000),
 ( 1.000000000000000000, 0.9193881479405775492, 1.000000000000000000),
 ( 1.000000000000000000, 0.9194026120068454766, 1.000000000000000000),
 ( 1.000000000000000000, 0.9194239912924779823, 1.000000000000000000),
 ( 1.000000000000000000, 0.9194346843208370812, 1.000000000000000000),
 ( 1.000000000000000000, 0.9194667736425725657, 1.000000000000000000),
 ( 1.000000000000000000, 0.9194881801729114512, 1.000000000000000000),
 ( 1.000000000000000000, 0.9195952821466817362, 1.000000000000000000),
 ( 1.000000000000000000, 0.9196811855415585324, 1.000000000000000000),
 ( 1.000000000000000000, 0.9211455504578213160, 1.000000000000000000),
 ( 1.000000000000000000, 0.9225829059135409738, 1.000000000000000000),
 ( 1.000000000000000000, 0.9257047050881924699, 1.000000000000000000),
 ( 1.000000000000000000, 0.9273882421879773297, 1.000000000000000000),
 ( 1.000000000000000000, 0.9311713064167874698, 1.000000000000000000),
 ( 1.000000000000000000, 0.9332687610552575785, 1.000000000000000000),
 ( 1.000000000000000000, 0.9381316707783852182, 1.000000000000000000),
 ( 1.000000000000000000, 0.9408859924649902728, 1.000000000000000000),
 ( 1.000000000000000000, 0.9458972742458084948, 1.000000000000000000),
 ( 1.000000000000000000, 0.9477153236776806322, 1.000000000000000000),
 ( 1.000000000000000000, 0.9517325464041780370, 1.000000000000000000),
 ( 1.000000000000000000, 0.9539273042778797507, 1.000000000000000000),
 ( 1.000000000000000000, 0.9588271630412703583, 1.000000000000000000),
 ( 1.000000000000000000, 0.9615332635862817723, 1.000000000000000000),
 ( 1.000000000000000000, 0.9660733247641629662, 1.000000000000000000),
 ( 1.000000000000000000, 0.9676672354624397121, 1.000000000000000000),
 ( 1.000000000000000000, 0.9710264874299194826, 1.000000000000000000),
 ( 1.000000000000000000, 0.9727923993760777543, 1.000000000000000000),
 ( 1.000000000000000000, 0.9746511088367785236, 1.000000000000000000) ) ) 
 REPRESENTATION_ITEM ( '' )  SURFACE ( )  );
#2618 = CARTESIAN_POINT ( 'NONE',  ( -800.0000000000000000, 28.34244247031788788, 97.73208133257907093 ) ) ;
#2619 = CARTESIAN_POINT ( 'NONE',  ( -28.34355418870359244, -75.25777027463398383, 294.0012731391500438 ) ) ;
#2620 = CARTESIAN_POINT ( 'NONE',  ( -70.19889365961606131, 31.22993350825113623, 242.2724632077883200 ) ) ;
#2621 = CARTESIAN_POINT ( 'NONE',  ( -52.79200647655230938, 25.58686392842965418, 27.87537716168312585 ) ) ;
#2622 = CARTESIAN_POINT ( 'NONE',  ( -89.51542717199291133, -19.77231567237329912, 294.0012731391495322 ) ) ;
#2623 = CARTESIAN_POINT ( 'NONE',  ( -212.7903725277856211, 34.35500038257873712, -398.5981028379570716 ) ) ;
#2624 = CARTESIAN_POINT ( 'NONE',  ( 53.61553007934050896, 44.30424497424799313, 179.0489489943552712 ) ) ;
#2625 = DIRECTION ( 'NONE',  ( -1.000000000000000000, 0.000000000000000000, 0.000000000000000000 ) ) ;
#2626 = CARTESIAN_POINT ( 'NONE',  ( -35.43517651210223818, 24.96998310890403161, 19.13031310148816289 ) ) ;
#2627 = CARTESIAN_POINT ( 'NONE',  ( 67.00456874967572674, -15.70415956818247594, 106.1228587318998109 ) ) ;
#2628 = CARTESIAN_POINT ( 'NONE',  ( 44.17983984561124089, 37.77689821927528868, 97.88079458153717383 ) ) ;
#2629 = CARTESIAN_POINT ( 'NONE',  ( 225.0000000000000853, 21.54553359397984735, -377.2140611930780665 ) ) ;
#2630 = CARTESIAN_POINT ( 'NONE',  ( -74.67850689724470215, 71.96899818108651914, 294.0012731391504985 ) ) ;
#2631 = CARTESIAN_POINT ( 'NONE',  ( 14.14859925430881304, 19.21665180396988504, -80.53942811963506188 ) ) ;
#2632 = CARTESIAN_POINT ( 'NONE',  ( 88.45340389427180128, -20.80269269609816973, 294.0012731391515217 ) ) ;
#2633 = CARTESIAN_POINT ( 'NONE',  ( 20.34467852362919871, -41.24719924037618313, 438.0555349262136815 ) ) ;
#2634 = CARTESIAN_POINT ( 'NONE',  ( 224.9999999999999716, 37.93071722714452676, -330.2565915967717274 ) ) ;
#2635 = CARTESIAN_POINT ( 'NONE',  ( 225.0000000000001137, 15.14638954883283972, -334.1426542232229053 ) ) ;
#2636 = CARTESIAN_POINT ( 'NONE',  ( 225.0000000000000284, 36.25744327033289238, -349.9344911893016388 ) ) ;
#2637 = CARTESIAN_POINT ( 'NONE',  ( 72.69084810271364461, 13.88988985085172168, 236.3973238123262490 ) ) ;
#2638 = EDGE_LOOP ( 'NONE', ( #5411, #5406, #3967, #2163 ) ) ;
#2639 = CARTESIAN_POINT ( 'NONE',  ( -214.8071054831059712, 37.30929747837908650, -306.0239386417331957 ) ) ;
#2640 = CARTESIAN_POINT ( 'NONE',  ( 31.63256373022543144, 14.09954546474889625, -25.10791976712040352 ) ) ;
#2641 = CARTESIAN_POINT ( 'NONE',  ( 225.0000000000000000, 29.77163149660124830, -387.8316536492104092 ) ) ;
#2642 = ORIENTED_EDGE ( 'NONE', *, *, #4042, .F. ) ;
#2643 = FILL_AREA_STYLE_COLOUR ( '', #1103 ) ;
#2644 = CARTESIAN_POINT ( 'NONE',  ( 225.0000000000000568, 29.93635234287857116, -299.5179273845980106 ) ) ;
#2645 = CARTESIAN_POINT ( 'NONE',  ( -13.76785631434447588, -6.011715292623330598, -124.9949820965278349 ) ) ;
#2646 = CARTESIAN_POINT ( 'NONE',  ( -245.5411233432148777, 26.50459451474078421, 232.2342902614984439 ) ) ;
#2647 = CARTESIAN_POINT ( 'NONE',  ( 64.90348336760159498, 19.45616065408325213, 95.95468543374924764 ) ) ;
#2648 = CARTESIAN_POINT ( 'NONE',  ( -36.72983988060013161, 50.75320730321786300, 106.1228587318993419 ) ) ;
#2649 = COLOUR_RGB ( '',0.7921568627450980005, 0.8196078431372548767, 0.9333333333333333481 ) ;
#2650 = CARTESIAN_POINT ( 'NONE',  ( -209.1424750037607510, 27.50975135765246193, -349.9901560609816329 ) ) ;
#2651 = CARTESIAN_POINT ( 'NONE',  ( 50.78121124936301811, 48.34590776360007425, 180.1903038958646164 ) ) ;
#2652 = CARTESIAN_POINT ( 'NONE',  ( -32.15133948732808022, 4.833728843522004937, -46.53904117984425426 ) ) ;
#2653 = CARTESIAN_POINT ( 'NONE',  ( -212.5342100476310350, 34.60544056923311729, -302.9428086450194542 ) ) ;
#2654 = CARTESIAN_POINT ( 'NONE',  ( 50.25391513922957643, 9.765410731216375595, 65.43934565531139924 ) ) ;
#2655 = CARTESIAN_POINT ( 'NONE',  ( 26.23422256220405657, 116.5694713887011744, 294.0012731391520333 ) ) ;
#2656 = CARTESIAN_POINT ( 'NONE',  ( 50.32023444933535927, 44.49220885175353857, 146.6108729827294894 ) ) ;
#2657 = CARTESIAN_POINT ( 'NONE',  ( 54.84159647197299847, 3.510695026257099283, 438.0555349262138520 ) ) ;
#2658 = CARTESIAN_POINT ( 'NONE',  ( -68.71723155081399170, 80.32702925661406823, 294.0012731391504417 ) ) ;
#2659 = CARTESIAN_POINT ( 'NONE',  ( 0.000000000000000000, 0.000000000000000000, -144.9949820965277922 ) ) ;
#2660 = CARTESIAN_POINT ( 'NONE',  ( 9.731744124045748734, -31.05257985205021853, -46.53904117984426847 ) ) ;
#2661 = CARTESIAN_POINT ( 'NONE',  ( -14.28417779864901327, -4.655494940466282650, -124.9949820965277496 ) ) ;
#2662 = CARTESIAN_POINT ( 'NONE',  ( 225.0000000000000000, 35.02672515872210113, -312.8653174819088463 ) ) ;
#2663 = CARTESIAN_POINT ( 'NONE',  ( 224.9999999999999432, 16.26165954958866422, -321.4955387152886033 ) ) ;
#2664 = CIRCLE ( 'NONE', #5059, 11.99999999999998224 ) ;
#2665 = CARTESIAN_POINT ( 'NONE',  ( 225.0000000000000284, 36.22974329062020615, -350.0880153882348509 ) ) ;
#2666 = AXIS2_PLACEMENT_3D ( 'NONE', #1816, #1846, #5681 ) ;
#2667 =( LENGTH_UNIT ( ) NAMED_UNIT ( * ) SI_UNIT ( .MILLI., .METRE. ) );
#2668 = EDGE_LOOP ( 'NONE', ( #4121, #2356 ) ) ;
#2669 = B_SPLINE_SURFACE_WITH_KNOTS ( 'NONE', 1, 3, ( 
 ( #3023, #1709, #3379, #1630, #5216, #2975, #1203, #1275, #2489, #2950, #5191, #2059, #4319, #3813, #5577, #815, #4777 ),
 ( #844, #1250, #2590, #3886, #3784, #4347, #3430, #2136, #2030, #4750, #2084, #1227, #2539, #4700, #5548, #1603, #3351 ) ),
 .UNSPECIFIED., .F., .F., .F.,
 ( 2, 2 ),
 ( 4, 2, 2, 2, 2, 2, 3, 4 ),
 ( 0.000000000000000000, 1.000000000000000000 ),
 ( 0.03075542677492756893, 0.1519109984280616055, 0.2730665700811956698, 0.3942221417343296785, 0.5153777133874637428, 0.7576888566937318714, 1.000000000000000000, 1.199359846491648396 ),
 .UNSPECIFIED. ) ;
#2670 = CARTESIAN_POINT ( 'NONE',  ( -212.6583385361687419, 36.62041443019626286, -304.7192233674643944 ) ) ;
#2671 = EDGE_CURVE ( 'NONE', #3370, #4952, #5158, .T. ) ;
#2672 = DIRECTION ( 'NONE',  ( 0.3016717174958374326, 0.4529394788229528790, -0.8389517288775938386 ) ) ;
#2673 = B_SPLINE_CURVE_WITH_KNOTS ( 'NONE', 3,
 ( #1244, #5647, #2102, #1702, #4743, #4636, #3452, #4287, #2992, #2130, #5623, #2940, #2076, #3397, #3339, #702, #376, #4311, #2969, #2447, #5209, #4233, #3830, #2533, #298, #268, #2881, #1647, #5595, #2507, #3802, #351, #1163, #5159 ),
 .UNSPECIFIED., .F., .F.,
 ( 4, 2, 2, 2, 2, 2, 2, 2, 2, 2, 2, 2, 2, 2, 2, 2, 4 ),
 ( 0.000000000000000000, 0.002671769918532435062, 0.005343539837064870124, 0.01068707967412973851, 0.02137415934825948050, 0.03206123902238922768, 0.03740477885945409781, 0.04274831869651898181, 0.04809185853358385887, 0.05343539837064873593, 0.05877893820771361993, 0.06412247804477849700, 0.06679424796331102920, 0.06946601788184353365, 0.07480955771890857031, 0.08015309755597360697, 0.08549663739303864363 ),
 .UNSPECIFIED. ) ;
#2674 = CARTESIAN_POINT ( 'NONE',  ( 225.0000000000000284, 26.23412622642813474, -396.7410465157751673 ) ) ;
#2675 = ORIENTED_EDGE ( 'NONE', *, *, #2462, .F. ) ;
#2676 = CARTESIAN_POINT ( 'NONE',  ( -237.0000000000505054, 26.26107159832745452, 150.0000000000000000 ) ) ;
#2677 = DIRECTION ( 'NONE',  ( -0.000000000000000000, 0.000000000000000000, -1.000000000000000000 ) ) ;
#2678 = CARTESIAN_POINT ( 'NONE',  ( 9.405194909783601176, -52.62405227671641939, 402.2845281192506945 ) ) ;
#2679 = CARTESIAN_POINT ( 'NONE',  ( -69.27636604349032723, 32.88688846396905774, 240.1727710882574627 ) ) ;
#2680 = CARTESIAN_POINT ( 'NONE',  ( -11.43867269987677204, 30.80648858689324854, -62.65194026925407655 ) ) ;
#2681 = CARTESIAN_POINT ( 'NONE',  ( 82.23898903776830593, 24.11464382721419852, 230.8686621806944572 ) ) ;
#2682 = CARTESIAN_POINT ( 'NONE',  ( -10.73427620184244802, 10.51046633955227882, -124.9949820965278491 ) ) ;
#2683 = CARTESIAN_POINT ( 'NONE',  ( -209.1890505482390950, 27.17912834169909075, -345.9484732019354283 ) ) ;
#2684 = CARTESIAN_POINT ( 'NONE',  ( 31.16723160311531871, 28.35164536999340967, 20.27425217078467057 ) ) ;
#2685 = CARTESIAN_POINT ( 'NONE',  ( -212.4863475380140301, 36.40686633539205275, -304.6119863298441715 ) ) ;
#2686 = CARTESIAN_POINT ( 'NONE',  ( -19.22742757040809991, 16.37032891483676877, -87.69812449601847959 ) ) ;
#2687 = CARTESIAN_POINT ( 'NONE',  ( 59.91312330600688796, 6.302010316392920863, 132.2146852713353837 ) ) ;
#2688 = CARTESIAN_POINT ( 'NONE',  ( 30.48486143805654791, 7.831449931000092235, -46.53904117984414057 ) ) ;
#2689 = CARTESIAN_POINT ( 'NONE',  ( 43.37902305605685171, 34.67244058996208622, 81.63698593188595964 ) ) ;
#2690 = CARTESIAN_POINT ( 'NONE',  ( 5.050673245201183998E-11, 0.000000000000000000, 498.0555349262137952 ) ) ;
#2691 = CARTESIAN_POINT ( 'NONE',  ( -80.06719487333609209, 63.19874597206207056, 294.0012731391507828 ) ) ;
#2692 = CARTESIAN_POINT ( 'NONE',  ( 82.70704706901587144, 25.36745950778202641, 233.8675804823167539 ) ) ;
#2693 = FACE_OUTER_BOUND ( 'NONE', #3106, .T. ) ;
#2694 = CARTESIAN_POINT ( 'NONE',  ( -31.30810295522202935, -36.52267153051026582, 438.0555349262136815 ) ) ;
#2695 = CARTESIAN_POINT ( 'NONE',  ( -215.3562485256103685, 34.80551585993708841, -399.8684137393974538 ) ) ;
#2696 = CARTESIAN_POINT ( 'NONE',  ( 225.0000000000000284, 17.86230176675629622, -355.0863094661318087 ) ) ;
#2697 = CARTESIAN_POINT ( 'NONE',  ( -488.6532096524997542, 27.07927841385124879, 71.04905626156202914 ) ) ;
#2698 = VERTEX_POINT ( 'NONE', #1799 ) ;
#2699 = CARTESIAN_POINT ( 'NONE',  ( -213.1866099419261218, 35.50522897646354181, -304.0115865397939388 ) ) ;
#2700 = CARTESIAN_POINT ( 'NONE',  ( 5.050673245201183998E-11, 0.000000000000000000, 498.0555349262137952 ) ) ;
#2701 = AXIS2_PLACEMENT_3D ( 'NONE', #3440, #4732, #3384 ) ;
#2702 = CARTESIAN_POINT ( 'NONE',  ( 225.0000000000000000, 29.63262183381112536, -388.5177753067611093 ) ) ;
#2703 = EDGE_CURVE ( 'NONE', #1785, #549, #2843, .T. ) ;
#2704 = ORIENTED_EDGE ( 'NONE', *, *, #4170, .F. ) ;
#2705 = CARTESIAN_POINT ( 'NONE',  ( 225.0000000000000284, 29.07549471609711134, -397.0478871478313181 ) ) ;
#2706 = CARTESIAN_POINT ( 'NONE',  ( -70.77810545612054227, 30.02486440890083941, 243.3412855687894591 ) ) ;
#2707 = CARTESIAN_POINT ( 'NONE',  ( -35.00456861143426579, 14.01780716660058168, -15.82910255569023406 ) ) ;
#2708 = CARTESIAN_POINT ( 'NONE',  ( 82.41176492758117433, 24.50496870842489727, 232.4522169147544730 ) ) ;
#2709 = CARTESIAN_POINT ( 'NONE',  ( 24.10361641807631372, -26.43019469696711354, 466.7211743237411383 ) ) ;
#2710 = CARTESIAN_POINT ( 'NONE',  ( -71.62354512479758739, 24.62224895156116844, 235.5883200968532663 ) ) ;
#2711 = CARTESIAN_POINT ( 'NONE',  ( -210.1872061070805557, 28.86731293599833137, -321.9113027314314763 ) ) ;
#2712 = CARTESIAN_POINT ( 'NONE',  ( 21.08704345660007817, 22.95194446141168143, -41.77230067111815259 ) ) ;
#2713 = CARTESIAN_POINT ( 'NONE',  ( -212.8616859368132452, 36.86910382139003417, -304.9092555795600106 ) ) ;
#2714 = B_SPLINE_SURFACE_WITH_KNOTS ( 'NONE', 3, 1, ( 
 ( #5423, #4155 ),
 ( #1996, #560 ),
 ( #4957, #1424 ),
 ( #5481, #4526 ),
 ( #3174, #1541 ),
 ( #2800, #158 ),
 ( #5042, #2860 ),
 ( #681, #2425 ),
 ( #1024, #2309 ),
 ( #4183, #3666 ),
 ( #995, #2742 ),
 ( #1481, #4067 ),
 ( #129, #3232 ),
 ( #4557, #3427 ),
 ( #2081, #2945 ),
 ( #4268, #2455 ) ),
 .UNSPECIFIED., .T., .F., .F.,
 ( 4, 1, 1, 1, 1, 1, 1, 1, 1, 1, 1, 1, 1, 4 ),
 ( 2, 2 ),
 ( 0.000000000000000000, 0.02161159401679269010, 0.07570000000004212248, 0.1971115940168136071, 0.2266192821405969005, 0.4002000000000214275, 0.4021192821406178175, 0.5737807178594460655, 0.5757000000000420670, 0.7492807178594663720, 0.7787884059832502759, 0.9002000000000215385, 0.9542884059832705823, 1.000000000000000000 ),
 ( 0.000000000000000000, 1.000000000000000000 ),
 .UNSPECIFIED. ) ;
#2715 = CARTESIAN_POINT ( 'NONE',  ( -11.24298755274227624, 17.26059898066138132, -97.73126290910708747 ) ) ;
#2716 = CARTESIAN_POINT ( 'NONE',  ( 55.81195150388575854, 18.09706715531212495, 110.8486784216398888 ) ) ;
#2717 = CARTESIAN_POINT ( 'NONE',  ( -32.25834525322166257, 113.3023172078085281, 294.0012731391502143 ) ) ;
#2718 = CARTESIAN_POINT ( 'NONE',  ( 77.73646138049485899, 28.31243337572855978, 233.2013123861060251 ) ) ;
#2719 = CARTESIAN_POINT ( 'NONE',  ( -27.75088086893723371, 15.34977214045946781, 466.7211743237411383 ) ) ;
#2720 = CARTESIAN_POINT ( 'NONE',  ( -62.52878433942230174, 18.13586486621604621, 402.2845281192508082 ) ) ;
#2721 = CARTESIAN_POINT ( 'NONE',  ( 70.88378211708031529, 24.35241018686883407, 235.1277453852266035 ) ) ;
#2722 = CARTESIAN_POINT ( 'NONE',  ( -57.40009170188896093, 44.79822166612794376, 205.9493192738486869 ) ) ;
#2723 = CARTESIAN_POINT ( 'NONE',  ( 34.26082454652676290, -34.75683036380463875, 438.0555349262137383 ) ) ;
#2724 = CARTESIAN_POINT ( 'NONE',  ( 0.000000000000000000, 182.4742510694331088, -414.3975106221485589 ) ) ;
#2725 = CARTESIAN_POINT ( 'NONE',  ( 225.0000000000001421, 18.00102332295361762, -355.8336197085964159 ) ) ;
#2726 = EDGE_CURVE ( 'NONE', #1876, #5267, #4998, .T. ) ;
#2727 = PRESENTATION_STYLE_ASSIGNMENT (( #3533 ) ) ;
#2728 = EDGE_LOOP ( 'NONE', ( #1245, #1963, #2592 ) ) ;
#2729 = CARTESIAN_POINT ( 'NONE',  ( -219.2201690355684036, 40.14154541830770739, -320.4407129742573375 ) ) ;
#2730 = CARTESIAN_POINT ( 'NONE',  ( -15.80707981069517842, -3.917520964059482136, 498.0555349261633182 ) ) ;
#2731 = CARTESIAN_POINT ( 'NONE',  ( 224.9999999999999716, 30.95608449461556688, -381.2836571150606346 ) ) ;
#2732 = VERTEX_POINT ( 'NONE', #4931 ) ;
#2733 = CARTESIAN_POINT ( 'NONE',  ( 210.0000000000505338, 26.26107159832745808, -400.0000000000000000 ) ) ;
#2734 = CARTESIAN_POINT ( 'NONE',  ( -52.61530694096831695, 47.09318244456913050, 190.9519174835125455 ) ) ;
#2735 = CARTESIAN_POINT ( 'NONE',  ( -68.94464619191265342, 33.36260564836340592, 239.1839364297308066 ) ) ;
#2736 = CARTESIAN_POINT ( 'NONE',  ( -51.48341670191114616, 26.21066599624719728, 18.51165953311253176 ) ) ;
#2737 = CARTESIAN_POINT ( 'NONE',  ( 82.34025731409128923, 24.34118510202796060, 231.7924273018186625 ) ) ;
#2738 = CARTESIAN_POINT ( 'NONE',  ( 0.000000000000000000, 24.37787861160131797, 37.70180719404407910 ) ) ;
#2739 = CARTESIAN_POINT ( 'NONE',  ( -82.80471859115104394, 26.22011106342941744, 234.2046577430562877 ) ) ;
#2740 = CARTESIAN_POINT ( 'NONE',  ( -209.3063884240555694, 28.73143757501151896, -325.9870785945205967 ) ) ;
#2741 = CARTESIAN_POINT ( 'NONE',  ( 22.37500428435648914, 23.63113937216121130, -34.26849981951524882 ) ) ;
#2742 = CARTESIAN_POINT ( 'NONE',  ( 0.000000000000000000, 204.0668985700804683, -437.7956945725627520 ) ) ;
#2743 = CARTESIAN_POINT ( 'NONE',  ( -12.50469624209419983, 14.30606931637481161, -113.7627839118272846 ) ) ;
#2744 = CARTESIAN_POINT ( 'NONE',  ( 67.83037278255956437, 17.79880396631061856, 116.7764971744215785 ) ) ;
#2745 = CARTESIAN_POINT ( 'NONE',  ( 21.56631837482712655, 21.61286015847603181, -46.53904117984433242 ) ) ;
#2746 = CARTESIAN_POINT ( 'NONE',  ( 14.75473965280453115, -2.709065676446846815, -124.9949820965277922 ) ) ;
#2747 = CARTESIAN_POINT ( 'NONE',  ( 301.1639398434243731, 26.38195497486589147, 54.50436082813739347 ) ) ;
#2748 = CARTESIAN_POINT ( 'NONE',  ( 82.62395479376833407, 25.53864589481387526, 233.9776789165052833 ) ) ;
#2749 = CARTESIAN_POINT ( 'NONE',  ( 14.65994318378233174, -3.217730510650231412, -124.9949820965277922 ) ) ;
#2750 = CARTESIAN_POINT ( 'NONE',  ( 48.20646253507365486, -21.48438193265414853, 438.0555349262137383 ) ) ;
#2751 = CARTESIAN_POINT ( 'NONE',  ( -214.0727554065528011, 33.35714871216112698, -399.8218632465845417 ) ) ;
#2752 = CARTESIAN_POINT ( 'NONE',  ( 225.0000000000000284, 16.38802148117784796, -346.9203820841448191 ) ) ;
#2753 = DIRECTION ( 'NONE',  ( 0.000000000000000000, 0.000000000000000000, 1.000000000000000000 ) ) ;
#2754 = VERTEX_POINT ( 'NONE', #999 ) ;
#2755 = CARTESIAN_POINT ( 'NONE',  ( -219.6249367997260151, 41.01880620645164299, -326.4285109818587216 ) ) ;
#2756 = CARTESIAN_POINT ( 'NONE',  ( 54.84159647197299847, 3.510695026257099283, 438.0555349262138520 ) ) ;
#2757 = CARTESIAN_POINT ( 'NONE',  ( 225.0000000000000568, 32.00661079254454933, -374.8025634363015115 ) ) ;
#2758 = ORIENTED_EDGE ( 'NONE', *, *, #3476, .T. ) ;
#2759 = AXIS2_PLACEMENT_3D ( 'NONE', #5165, #5629, #1682 ) ;
#2760 = DIRECTION ( 'NONE',  ( 0.000000000000000000, 0.000000000000000000, 1.000000000000000000 ) ) ;
#2761 = CARTESIAN_POINT ( 'NONE',  ( -70.05167554979821887, 8.707156526470750890, 207.0288361769094081 ) ) ;
#2762 = CARTESIAN_POINT ( 'NONE',  ( 0.000000000000000000, 193.5024287378365386, -391.2323703253226199 ) ) ;
#2763 = CARTESIAN_POINT ( 'NONE',  ( -38.52781267517926267, 25.67075099592815945, 24.47647042114277482 ) ) ;
#2764 = CARTESIAN_POINT ( 'NONE',  ( -215.3580776145169864, 37.75164741990168693, -397.0000000000000000 ) ) ;
#2765 = ORIENTED_EDGE ( 'NONE', *, *, #1660, .F. ) ;
#2766 = CARTESIAN_POINT ( 'NONE',  ( 54.97102540935625825, -1.760482095958359805, 438.0555349262138520 ) ) ;
#2767 = CARTESIAN_POINT ( 'NONE',  ( -71.29301799471461720, 28.82181794455273405, 244.1217180510803075 ) ) ;
#2768 = CARTESIAN_POINT ( 'NONE',  ( -210.1538255682814054, 28.40984436441643624, -367.4805535379333037 ) ) ;
#2769 = CARTESIAN_POINT ( 'NONE',  ( 33.91813292275931957, 24.98960482028579833, 19.14274454228650413 ) ) ;
#2770 = CARTESIAN_POINT ( 'NONE',  ( -209.1596171150015664, 27.37459210744670912, -348.4883903947663271 ) ) ;
#2771 = CARTESIAN_POINT ( 'NONE',  ( -210.1723390960082440, 28.54518924081865094, -318.3108561305844546 ) ) ;
#2772 = CARTESIAN_POINT ( 'NONE',  ( 50.60859985672198746, 26.11573811082399743, 19.85562616499580457 ) ) ;
#2773 = CARTESIAN_POINT ( 'NONE',  ( -48.20645429671919402, 21.48438069975192022, 438.0555349262138520 ) ) ;
#2774 = CARTESIAN_POINT ( 'NONE',  ( -43.62198805044430827, 31.40556208476277078, 64.68564706740569648 ) ) ;
#2775 = CARTESIAN_POINT ( 'NONE',  ( 14.58649411999998158, 44.31434680274014681, 438.0555349262138520 ) ) ;
#2776 = CARTESIAN_POINT ( 'NONE',  ( 225.0000000000000853, 36.72569025939392162, -347.2490764666990231 ) ) ;
#2777 = EDGE_CURVE ( 'NONE', #429, #845, #2895, .T. ) ;
#2778 = CARTESIAN_POINT ( 'NONE',  ( 82.56753004501786108, 25.62820168524064712, 234.0251367298311891 ) ) ;
#2779 = CARTESIAN_POINT ( 'NONE',  ( 66.01879690043028859, -21.40576248286473415, 106.1228587318997683 ) ) ;
#2780 = CARTESIAN_POINT ( 'NONE',  ( 0.5245854544510130113, -33.00252361132338308, -46.53904117984439637 ) ) ;
#2781 = CARTESIAN_POINT ( 'NONE',  ( 225.0000000000000000, 33.05720502818455486, -306.2873809885902006 ) ) ;
#2782 = CARTESIAN_POINT ( 'NONE',  ( 225.0000000000000000, 16.92281127568227461, -349.9999017701180719 ) ) ;
#2783 = CARTESIAN_POINT ( 'NONE',  ( -30.47888792935272662, 14.61274098709018610, -35.26187334147846286 ) ) ;
#2784 = CARTESIAN_POINT ( 'NONE',  ( -69.29164186522663726, 32.86498151091358721, 240.2183072868812985 ) ) ;
#2785 = CARTESIAN_POINT ( 'NONE',  ( -220.6315293611528432, 40.63708780477161042, -328.3093595103108555 ) ) ;
#2786 = CARTESIAN_POINT ( 'NONE',  ( -14.58649412000001711, 44.31434680274013260, 438.0555349262138520 ) ) ;
#2787 = DIRECTION ( 'NONE',  ( 1.000000000000000000, 0.000000000000000000, 0.000000000000000000 ) ) ;
#2788 = CARTESIAN_POINT ( 'NONE',  ( 225.0000000000000568, 32.98267744012030533, -368.6075456377444652 ) ) ;
#2789 = VERTEX_POINT ( 'NONE', #2746 ) ;
#2790 =( LENGTH_UNIT ( ) NAMED_UNIT ( * ) SI_UNIT ( .MILLI., .METRE. ) );
#2791 = CARTESIAN_POINT ( 'NONE',  ( -36.88827215831871342, 35.86294233619756966, 72.23547460704486411 ) ) ;
#2792 = CARTESIAN_POINT ( 'NONE',  ( -37.76555858326033643, 25.87025501514333214, 21.26409015064134067 ) ) ;
#2793 = CARTESIAN_POINT ( 'NONE',  ( -215.3898314192893508, 36.31563659918202802, -399.3219426567604273 ) ) ;
#2794 = EDGE_CURVE ( 'NONE', #493, #4976, #1589, .T. ) ;
#2795 = ORIENTED_EDGE ( 'NONE', *, *, #3746, .F. ) ;
#2796 = CARTESIAN_POINT ( 'NONE',  ( 20.84992865909023152, -0.5868273653194683304, 498.0555349261633182 ) ) ;
#2797 = CARTESIAN_POINT ( 'NONE',  ( -73.57160194967546829, 20.92337440038405916, 244.8726263849290774 ) ) ;
#2798 = CARTESIAN_POINT ( 'NONE',  ( -212.6964186358027291, 34.84414899624954387, -302.8453519335586179 ) ) ;
#2799 = CARTESIAN_POINT ( 'NONE',  ( 35.72756107266323511, 23.59051675034965712, 2.424530179098910665 ) ) ;
#2800 = CARTESIAN_POINT ( 'NONE',  ( -224.9999999999999716, 13.77840082820876688, -337.6161166503165418 ) ) ;
#2801 = CARTESIAN_POINT ( 'NONE',  ( -214.9912571881451697, 37.43601645001120914, -304.2868459745826613 ) ) ;
#2802 = CARTESIAN_POINT ( 'NONE',  ( 41.44630332803517803, 12.32901149773012328, 19.88580473648909575 ) ) ;
#2803 = CARTESIAN_POINT ( 'NONE',  ( 4.207517198783832235, 14.42479342828619693, -124.9949820965277780 ) ) ;
#2804 = CARTESIAN_POINT ( 'NONE',  ( -41.99221936632127949, 26.86944066243294316, 37.39408660209854673 ) ) ;
#2805 = CARTESIAN_POINT ( 'NONE',  ( -28.57666405927033892, -39.64529204545068808, 438.0555349262138520 ) ) ;
#2806 = CARTESIAN_POINT ( 'NONE',  ( 225.0000000000000000, 37.72883601547744803, -339.8327611741427745 ) ) ;
#2807 = CARTESIAN_POINT ( 'NONE',  ( 70.79926506302180655, 25.30430252418926074, 235.6154799240601392 ) ) ;
#2808 = CARTESIAN_POINT ( 'NONE',  ( 14.42367769983064640, -4.214119101049085714, -124.9949820965277922 ) ) ;
#2809 = CARTESIAN_POINT ( 'NONE',  ( 78.81103836304963295, -36.82731609302043552, 294.0012731391500438 ) ) ;
#2810 = CARTESIAN_POINT ( 'NONE',  ( 0.000000000000000000, 181.2106965068775537, -448.0271410295465557 ) ) ;
#2811 = CARTESIAN_POINT ( 'NONE',  ( 225.0000000000000000, 17.52964794592818265, -353.2996918733427378 ) ) ;
#2812 = CARTESIAN_POINT ( 'NONE',  ( -66.01537105880717604, 6.220236546291936008, 177.8654917176920662 ) ) ;
#2813 = CARTESIAN_POINT ( 'NONE',  ( -800.0000000000000000, 0.000000000000000000, 0.000000000000000000 ) ) ;
#2814 = CARTESIAN_POINT ( 'NONE',  ( -220.3727703823149682, 40.53235782205101856, -352.5639856318103966 ) ) ;
#2815 = CARTESIAN_POINT ( 'NONE',  ( 17.17323382980027802, 32.68399141949359432, -98.20284788708536894 ) ) ;
#2816 = CARTESIAN_POINT ( 'NONE',  ( 225.0000000000000853, 33.52556233317230294, -307.7370697712188985 ) ) ;
#2817 = B_SPLINE_CURVE_WITH_KNOTS ( 'NONE', 3,
 ( #330, #4697, #1143, #1599, #763, #2511, #4211, #4672, #5514, #3752, #3834, #1171, #3809, #3401, #4314, #379, #5626, #1679, #3347, #1569, #3318, #5599, #2920, #1224 ),
 .UNSPECIFIED., .F., .F.,
 ( 4, 2, 2, 2, 2, 2, 2, 2, 2, 2, 2, 4 ),
 ( 1.604695991365155347E-14, 0.0009537280426964429934, 0.001907456085376839144, 0.002861184128057235078, 0.003814912170737631229, 0.004768640213418027379, 0.005245504234758228274, 0.005722368256098428300, 0.006199232277438629195, 0.006676096298778829222, 0.007152960320119030116, 0.007629824341459231010 ),
 .UNSPECIFIED. ) ;
#2818 = CARTESIAN_POINT ( 'NONE',  ( 225.0000000000000568, 32.13522813782124388, -373.9876948675855601 ) ) ;
#2819 = CARTESIAN_POINT ( 'NONE',  ( -52.06626972744263071, 47.29560221306066836, 189.1409599344045489 ) ) ;
#2820 = CARTESIAN_POINT ( 'NONE',  ( -225.0000000000000284, 30.90520811704531212, -300.4165330580036084 ) ) ;
#2821 = CARTESIAN_POINT ( 'NONE',  ( 5.012898200126925552, 32.37920905751525424, -90.96349442857101053 ) ) ;
#2822 = CARTESIAN_POINT ( 'NONE',  ( -213.9581957394813969, 34.10015090771237567, -399.6335506843778376 ) ) ;
#2823 = ORIENTED_EDGE ( 'NONE', *, *, #3444, .F. ) ;
#2824 = CARTESIAN_POINT ( 'NONE',  ( 5.050673245201183998E-11, 0.000000000000000000, 498.0555349262137952 ) ) ;
#2825 = CARTESIAN_POINT ( 'NONE',  ( -73.69585327217748727, 20.15999563947143258, 244.5712720424797624 ) ) ;
#2826 = CARTESIAN_POINT ( 'NONE',  ( -211.3855338012565710, 32.56365986539277202, -305.2129060706141104 ) ) ;
#2827 = CARTESIAN_POINT ( 'NONE',  ( 72.80943857523276108, 14.14060781187985860, 237.5180495227470772 ) ) ;
#2828 = CYLINDRICAL_SURFACE ( 'NONE', #2026, 14.99999999999998579 ) ;
#2829 = CARTESIAN_POINT ( 'NONE',  ( 68.51413451285526435, 33.78124106378680125, 239.1297547945993358 ) ) ;
#2830 = CARTESIAN_POINT ( 'NONE',  ( 36.50890471132743897, 25.70162267259824773, 23.66966749357824185 ) ) ;
#2831 = CARTESIAN_POINT ( 'NONE',  ( -68.71723155081399170, 80.32702925661406823, 294.0012731391504417 ) ) ;
#2832 = CARTESIAN_POINT ( 'NONE',  ( -68.42813552834905977, 38.42213425699221574, 209.3345728731248130 ) ) ;
#2833 = CARTESIAN_POINT ( 'NONE',  ( -2.335911184028493182, -14.77144893424673455, 498.0555349261633182 ) ) ;
#2834 = CARTESIAN_POINT ( 'NONE',  ( 55.38422214708828051, 46.71764365448228062, 196.4954032918638518 ) ) ;
#2835 = CARTESIAN_POINT ( 'NONE',  ( -49.64422410571302891, 48.01748882854322886, 180.8228451936483054 ) ) ;
#2836 = CARTESIAN_POINT ( 'NONE',  ( 3.249265980188626113, -14.66960388790162639, -124.9949820965277638 ) ) ;
#2837 = DIRECTION ( 'NONE',  ( 1.000000000000000000, 0.000000000000000000, -0.000000000000000000 ) ) ;
#2838 = CARTESIAN_POINT ( 'NONE',  ( 225.0000000000001137, 18.46781975761097883, -358.3792233126259248 ) ) ;
#2839 = CARTESIAN_POINT ( 'NONE',  ( -58.28511237847331472, 6.602442392353673917, 118.7667743418436004 ) ) ;
#2840 = AXIS2_PLACEMENT_3D ( 'NONE', #2535, #867, #3020 ) ;
#2841 = CARTESIAN_POINT ( 'NONE',  ( 42.44809397902066905, 47.30207078325256020, 143.0567294274415246 ) ) ;
#2842 = CYLINDRICAL_SURFACE ( 'NONE', #3591, 14.99999999999998579 ) ;
#2843 =( BOUNDED_CURVE ( )  B_SPLINE_CURVE ( 3, ( #536, #1857, #1370, #5281 ),
 .UNSPECIFIED., .F., .F. ) 
 B_SPLINE_CURVE_WITH_KNOTS ( ( 4, 4 ),
 ( 3.141592653919527134, 5.316831406915090596 ),
 .UNSPECIFIED. ) 
 CURVE ( )  GEOMETRIC_REPRESENTATION_ITEM ( )  RATIONAL_B_SPLINE_CURVE ( ( 1.000000000000000000, 0.6430631861433363516, 0.6430631861433363516, 1.000000000000000000 ) ) 
 REPRESENTATION_ITEM ( '' )  );
#2844 = CARTESIAN_POINT ( 'NONE',  ( 38.31045875328737793, -31.89416792204804452, 438.0555349262136815 ) ) ;
#2845 = CARTESIAN_POINT ( 'NONE',  ( 225.0000000000000284, 19.11369898359744823, -309.4131597526547921 ) ) ;
#2846 = CARTESIAN_POINT ( 'NONE',  ( 224.9999999999999716, 31.55635702820662303, -377.6288864458588250 ) ) ;
#2847 = ADVANCED_FACE ( 'NONE', ( #2341 ), #4619, .T. ) ;
#2848 = CARTESIAN_POINT ( 'NONE',  ( -83.49765281263209715, 24.61923231662650480, 232.8563665525138049 ) ) ;
#2849 = CARTESIAN_POINT ( 'NONE',  ( -63.45694097002011347, 16.04346486895998680, 162.3243951543310857 ) ) ;
#2850 = SURFACE_STYLE_USAGE ( .BOTH. , #3714 ) ;
#2851 = CARTESIAN_POINT ( 'NONE',  ( 13.53129239052808686, 32.67245163639311301, -97.30721596771377335 ) ) ;
#2852 = CARTESIAN_POINT ( 'NONE',  ( -214.2459245322418724, 34.57570706937136151, -399.9232812182699490 ) ) ;
#2853 = CLOSED_SHELL ( 'NONE', ( #3896, #3495, #2548, #2173, #697, #460, #322, #3989, #3936, #4315, #5566, #748, #4539, #4496, #3547, #5342 ) ) ;
#2854 = EDGE_LOOP ( 'NONE', ( #4780, #1437, #18, #3632 ) ) ;
#2855 = TOROIDAL_SURFACE ( 'NONE', #3034, 11.99999999999999645, 3.000000000000000000 ) ;
#2856 = CARTESIAN_POINT ( 'NONE',  ( -960.0000000000000000, 30.69366024791740344, 196.5490976187417402 ) ) ;
#2857 = CARTESIAN_POINT ( 'NONE',  ( -26.65634760784915258, 24.88197651611799444, -17.49638678533104752 ) ) ;
#2858 = CARTESIAN_POINT ( 'NONE',  ( -211.0328925274266965, 31.73434741930966041, -307.0157490610030777 ) ) ;
#2859 = CARTESIAN_POINT ( 'NONE',  ( 20.50181592366574890, 16.96371819936389969, -80.30357400908276588 ) ) ;
#2860 = CARTESIAN_POINT ( 'NONE',  ( 0.000000000000000000, 188.7698046821921309, -497.2274650700773577 ) ) ;
#2861 = CARTESIAN_POINT ( 'NONE',  ( -221.7497654209331870, 40.90482777496833222, -331.5738234219086848 ) ) ;
#2862 = CARTESIAN_POINT ( 'NONE',  ( 40.59656380442508095, 12.49365770664736708, 15.74304473856595621 ) ) ;
#2863 = CARTESIAN_POINT ( 'NONE',  ( -54.90573231326091985, -3.625231341677789931, 438.0555349262132836 ) ) ;
#2864 = CARTESIAN_POINT ( 'NONE',  ( -32.65771979043670825, 21.54997309606526201, -22.80843832752555045 ) ) ;
#2865 = CARTESIAN_POINT ( 'NONE',  ( 41.71917371189599777, 0.000000000000000000, 466.7211743237411383 ) ) ;
#2866 = ORIENTED_EDGE ( 'NONE', *, *, #671, .T. ) ;
#2867 = CARTESIAN_POINT ( 'NONE',  ( 56.97263208606182872, 45.87178916896728964, 201.8499577402426723 ) ) ;
#2868 = CARTESIAN_POINT ( 'NONE',  ( -44.20273225355587243, 44.12472932797000169, 141.5322021394290459 ) ) ;
#2869 = CARTESIAN_POINT ( 'NONE',  ( 39.58579821196683213, 30.86709666939215779, 438.0555349262133973 ) ) ;
#2870 = DIRECTION ( 'NONE',  ( 0.000000000000000000, 0.000000000000000000, 1.000000000000000000 ) ) ;
#2871 = CARTESIAN_POINT ( 'NONE',  ( 225.0000000000000000, 20.33551862683157552, -369.5540967839646669 ) ) ;
#2872 = CARTESIAN_POINT ( 'NONE',  ( -13.77887249053116747, 15.68616027805437163, -96.48219652601528651 ) ) ;
#2873 = CARTESIAN_POINT ( 'NONE',  ( 51.55814254914629657, 48.25656865225986536, 183.1560904330474955 ) ) ;
#2874 = CARTESIAN_POINT ( 'NONE',  ( -211.3266873640572783, 32.43166005930824980, -396.0942639893702335 ) ) ;
#2875 = CARTESIAN_POINT ( 'NONE',  ( 72.84716322377519759, -44.16615197467863396, 294.0012731391497596 ) ) ;
#2876 = CARTESIAN_POINT ( 'NONE',  ( 225.0000000000000568, 20.70682573920303327, -304.7445925560386399 ) ) ;
#2877 = CARTESIAN_POINT ( 'NONE',  ( 225.0000000000000284, 33.66951333459455498, -364.3455662952201237 ) ) ;
#2878 = CARTESIAN_POINT ( 'NONE',  ( -83.41061016287359564, 24.58247493297891850, 232.7132548308614730 ) ) ;
#2879 = EDGE_CURVE ( 'NONE', #611, #3220, #405, .T. ) ;
#2880 = CARTESIAN_POINT ( 'NONE',  ( -61.47646621540784651, 5.776135218818348349, 143.5685442129942828 ) ) ;
#2881 = CARTESIAN_POINT ( 'NONE',  ( -219.9130207993348165, 41.10039219062169735, -328.6016311429727352 ) ) ;
#2882 = CARTESIAN_POINT ( 'NONE',  ( -19.71148106868807304, 33.16171560956627928, -98.62072688336687065 ) ) ;
#2883 = CARTESIAN_POINT ( 'NONE',  ( -214.5866842399751988, 35.19681500833878118, -399.5234576763389214 ) ) ;
#2884 = ORIENTED_EDGE ( 'NONE', *, *, #2462, .T. ) ;
#2885 = CARTESIAN_POINT ( 'NONE',  ( -960.0000000000000000, 26.06638270313652228, 212.5407613895300472 ) ) ;
#2886 = CARTESIAN_POINT ( 'NONE',  ( -73.66722327412385596, 13.83113599858603671, 236.3843258815897741 ) ) ;
#2887 = CARTESIAN_POINT ( 'NONE',  ( -211.8562183865081749, 33.49105653199381294, -303.8341603495334766 ) ) ;
#2888 = CARTESIAN_POINT ( 'NONE',  ( 7.957925626184671586, 15.64663796404448171, -112.5836356185941725 ) ) ;
#2889 = CARTESIAN_POINT ( 'NONE',  ( 59.27205720641056530, 44.27300167319793189, 209.3760405866352698 ) ) ;
#2890 = CARTESIAN_POINT ( 'NONE',  ( -219.6458552625114464, 40.27709717505314302, -318.3296992084008821 ) ) ;
#2891 = CARTESIAN_POINT ( 'NONE',  ( 14.67217810999042094, 30.19164019982898495, -52.20844278445793663 ) ) ;
#2892 = CARTESIAN_POINT ( 'NONE',  ( -60.49941573944366979, 23.59259192951218864, 402.2845281192502966 ) ) ;
#2893 = CARTESIAN_POINT ( 'NONE',  ( -57.20320922093335270, 44.33379007893978496, 178.6259375869283303 ) ) ;
#2894 = CARTESIAN_POINT ( 'NONE',  ( 54.84159647197300558, -3.510695026256998474, 438.0555349262138520 ) ) ;
#2895 = B_SPLINE_CURVE_WITH_KNOTS ( 'NONE', 3,
 ( #2313, #133, #5252, #1312 ),
 .UNSPECIFIED., .F., .F.,
 ( 4, 4 ),
 ( 0.1858307638694223218, 0.1889810817770591067 ),
 .UNSPECIFIED. ) ;
#2896 = CARTESIAN_POINT ( 'NONE',  ( 78.44923662422850441, 28.08368174237744697, 233.5320661319214821 ) ) ;
#2897 = CARTESIAN_POINT ( 'NONE',  ( -37.84102144258123701, 41.35485820336116092, 101.8202025166097258 ) ) ;
#2898 = CARTESIAN_POINT ( 'NONE',  ( 23.61237958770873746, -22.78428855301396538, -46.53904117984434663 ) ) ;
#2899 = CARTESIAN_POINT ( 'NONE',  ( 70.80025937444456474, 22.95945110093319741, 226.9737564640761605 ) ) ;
#2900 = CARTESIAN_POINT ( 'NONE',  ( 225.0000000000000284, 20.12521627110787037, -368.2259669081007587 ) ) ;
#2901 = CARTESIAN_POINT ( 'NONE',  ( -3.124439752753628952, 63.73062414307911894, 402.2845281192500124 ) ) ;
#2902 = CARTESIAN_POINT ( 'NONE',  ( -31.25671500360193633, -36.46274963022796811, 438.0555349262137383 ) ) ;
#2903 = CARTESIAN_POINT ( 'NONE',  ( 9.750000000000000000, 0.000000000000000000, -144.9949820965277922 ) ) ;
#2904 = B_SPLINE_CURVE_WITH_KNOTS ( 'NONE', 1,
 ( #5597, #678 ),
 .UNSPECIFIED., .F., .F.,
 ( 2, 2 ),
 ( 0.06482187112161921783, 1.000000000000000000 ),
 .UNSPECIFIED. ) ;
#2905 = CARTESIAN_POINT ( 'NONE',  ( 9.914620956768896320, -43.66249465893557868, 438.0555349262136815 ) ) ;
#2906 = EDGE_CURVE ( 'NONE', #5447, #3432, #3064, .T. ) ;
#2907 = CARTESIAN_POINT ( 'NONE',  ( 225.0000000000000853, 23.90018756189862970, -298.5761978585660472 ) ) ;
#2908 = CARTESIAN_POINT ( 'NONE',  ( 225.0000000000000000, 34.64259195831050420, -358.7005758029142726 ) ) ;
#2909 = CARTESIAN_POINT ( 'NONE',  ( 14.65194893699759682, 17.44879364973171931, -87.14368675931817165 ) ) ;
#2910 = CARTESIAN_POINT ( 'NONE',  ( -213.1111037527418546, 34.99384170854055043, -399.9862082683800963 ) ) ;
#2911 = CARTESIAN_POINT ( 'NONE',  ( -56.11308522780991126, 24.50072115313250265, 42.39794145521918978 ) ) ;
#2912 = DIRECTION ( 'NONE',  ( 0.000000000000000000, -1.000000000000000000, 0.000000000000000000 ) ) ;
#2913 = CARTESIAN_POINT ( 'NONE',  ( -18.34909946645295875, 15.60570185894155948, -81.21049120344727612 ) ) ;
#2914 = CARTESIAN_POINT ( 'NONE',  ( -215.3144954577536794, 34.68085198150854609, -399.8827292842288443 ) ) ;
#2915 = ORIENTED_EDGE ( 'NONE', *, *, #1022, .T. ) ;
#2916 = CARTESIAN_POINT ( 'NONE',  ( -960.0000000000000000, 32.19292661859641669, 188.4048099388105015 ) ) ;
#2917 = CARTESIAN_POINT ( 'NONE',  ( -71.63103003298131455, 24.58655469151506878, 233.4917908476579100 ) ) ;
#2918 = CARTESIAN_POINT ( 'NONE',  ( -211.6318470343593958, 33.06672002079327655, -304.3946435974228848 ) ) ;
#2919 = DIRECTION ( 'NONE',  ( 0.000000000000000000, 0.000000000000000000, -1.000000000000000000 ) ) ;
#2920 = CARTESIAN_POINT ( 'NONE',  ( 82.52281055748817096, 24.60513497148489037, 232.8490523546454654 ) ) ;
#2921 = CARTESIAN_POINT ( 'NONE',  ( -214.4662480021310671, 36.94373687741185108, -303.5648320365058339 ) ) ;
#2922 = CARTESIAN_POINT ( 'NONE',  ( 4.940058758363061742, 31.57915087832426693, -76.25170910575569394 ) ) ;
#2923 = CARTESIAN_POINT ( 'NONE',  ( -19.76563400710126217, 60.10039298111953343, 106.1228587319001235 ) ) ;
#2924 = DIRECTION ( 'NONE',  ( -0.1657893064613187029, 0.1391164072256637352, 0.9762994064853766085 ) ) ;
#2925 = CARTESIAN_POINT ( 'NONE',  ( -31.61415962143733438, 7.835041928118858579, 466.7211743237411383 ) ) ;
#2926 = CARTESIAN_POINT ( 'NONE',  ( 63.69309989759823765, 37.17411344791056393, 213.1891968671455118 ) ) ;
#2927 = CARTESIAN_POINT ( 'NONE',  ( -34.45645688861814193, 29.64182820311085820, 33.97472320680184765 ) ) ;
#2928 = CARTESIAN_POINT ( 'NONE',  ( 62.85895673062132261, 17.64336811899495316, 402.2845281192506945 ) ) ;
#2929 = DIRECTION ( 'NONE',  ( 0.000000000000000000, 0.000000000000000000, -1.000000000000000000 ) ) ;
#2930 = CARTESIAN_POINT ( 'NONE',  ( 225.0000000000000568, 20.14757680201939394, -368.3667908545081673 ) ) ;
#2931 = CARTESIAN_POINT ( 'NONE',  ( 9.170225169242133489, 62.89306348568335636, 402.2845281192513767 ) ) ;
#2932 = CARTESIAN_POINT ( 'NONE',  ( -214.7668625090000774, 37.33839854676158865, -391.7300148264873769 ) ) ;
#2933 = CARTESIAN_POINT ( 'NONE',  ( -210.1589661924261350, 28.45696263550630078, -367.7622186529324608 ) ) ;
#2934 = CARTESIAN_POINT ( 'NONE',  ( -5.266780795741467180, -68.18049328972992384, 106.1228587319002088 ) ) ;
#2935 = CARTESIAN_POINT ( 'NONE',  ( 225.0000000000000853, 19.57143008593929068, -307.9560313072593658 ) ) ;
#2936 = CARTESIAN_POINT ( 'NONE',  ( 225.0000000000000284, 35.39037946457160189, -354.6336039213294953 ) ) ;
#2937 = DIRECTION ( 'NONE',  ( -0.000000000000000000, -0.000000000000000000, 1.000000000000000000 ) ) ;
#2938 = CARTESIAN_POINT ( 'NONE',  ( -213.7468397481119666, 35.33443691864672331, -400.0081904034404374 ) ) ;
#2939 = CARTESIAN_POINT ( 'NONE',  ( -60.02706277887698860, 6.062023892697629535, 132.2910787270679407 ) ) ;
#2940 = CARTESIAN_POINT ( 'NONE',  ( -216.9489177268097251, 40.28264282852391887, -363.0758759042150245 ) ) ;
#2941 = EDGE_LOOP ( 'NONE', ( #3025, #252, #2795, #3934 ) ) ;
#2942 = CARTESIAN_POINT ( 'NONE',  ( -31.57135892366096641, 21.25119874365697825, -26.59782388562286926 ) ) ;
#2943 = CARTESIAN_POINT ( 'NONE',  ( -216.6688379854933260, 38.78152363245971657, -310.9481489232794047 ) ) ;
#2944 = CARTESIAN_POINT ( 'NONE',  ( 52.28042225061611958, 25.59353060659663726, 27.87878479711572055 ) ) ;
#2945 = CARTESIAN_POINT ( 'NONE',  ( 0.000000000000000000, 183.4551897322243121, -410.4356226108509986 ) ) ;
#2946 = AXIS2_PLACEMENT_3D ( 'NONE', #5207, #732, #5038 ) ;
#2947 = CARTESIAN_POINT ( 'NONE',  ( -225.0000000000505338, 26.26107159832745452, 147.0000000000000284 ) ) ;
#2948 = CARTESIAN_POINT ( 'NONE',  ( -8.575402820426758055, 32.59837216438905472, -95.15688066842749038 ) ) ;
#2949 = CARTESIAN_POINT ( 'NONE',  ( -54.19096487283805885, -7.988362737976519412, 438.0555349262139089 ) ) ;
#2950 = CARTESIAN_POINT ( 'NONE',  ( -1.694065894508600678E-18, 40.73036246116884485, 109.2912859992170382 ) ) ;
#2951 = CIRCLE ( 'NONE', #464, 14.99999999995778488 ) ;
#2952 = CARTESIAN_POINT ( 'NONE',  ( 0.000000000000000000, 22.61546269278733590, 55.42859832585345004 ) ) ;
#2953 = CARTESIAN_POINT ( 'NONE',  ( -210.5337637592726026, 30.26649009871248808, -380.7287650269595360 ) ) ;
#2954 = CARTESIAN_POINT ( 'NONE',  ( 53.81166244993637093, 47.42080157823900066, 191.0836789188244040 ) ) ;
#2955 = CARTESIAN_POINT ( 'NONE',  ( -49.13198694934811783, 44.46486379815033274, 146.4045641317494244 ) ) ;
#2956 = CARTESIAN_POINT ( 'NONE',  ( 10.73450959103078084, -10.50916006502231781, -124.9949820965277922 ) ) ;
#2957 = DIRECTION ( 'NONE',  ( -0.9999253696604519792, -0.01185449978307561054, 0.002953970937820968225 ) ) ;
#2958 = CARTESIAN_POINT ( 'NONE',  ( 225.0000000000000000, 22.55983522032960664, -383.3125554028210331 ) ) ;
#2959 = EDGE_CURVE ( 'NONE', #3019, #4521, #4719, .T. ) ;
#2960 = CARTESIAN_POINT ( 'NONE',  ( 0.9080243476003490022, 44.38018479668470917, 438.0555349262132836 ) ) ;
#2961 = CARTESIAN_POINT ( 'NONE',  ( -213.4249708205352647, 38.24144779615813405, -392.6601889268844729 ) ) ;
#2962 = CARTESIAN_POINT ( 'NONE',  ( -211.2779123008412228, 34.98768991022507180, -305.3984461291643129 ) ) ;
#2963 = CARTESIAN_POINT ( 'NONE',  ( 84.04897196847454666, -29.01759918940243921, 294.0012731391508396 ) ) ;
#2964 = CARTESIAN_POINT ( 'NONE',  ( 224.9999999999999432, 35.65714729745386791, -315.3999018302430386 ) ) ;
#2965 = CARTESIAN_POINT ( 'NONE',  ( 225.0000000000000000, 21.33470461845600141, -303.2019044953471507 ) ) ;
#2966 = CARTESIAN_POINT ( 'NONE',  ( 225.0000000000000568, 33.89526638149191484, -362.9870985118798217 ) ) ;
#2967 = B_SPLINE_CURVE_WITH_KNOTS ( 'NONE', 3,
 ( #2829, #4986, #652, #682, #4127, #5482, #190, #1943, #1542, #3290, #4616, #5045 ),
 .UNSPECIFIED., .F., .F.,
 ( 4, 2, 2, 2, 2, 4 ),
 ( 0.000000000000000000, 0.008205879803641919629, 0.01641175960728383926, 0.02461763941092575542, 0.02872057931274667880, 0.03282351921456760219 ),
 .UNSPECIFIED. ) ;
#2968 = CARTESIAN_POINT ( 'NONE',  ( -210.8131716020832584, 35.24688836601569619, -397.4783315249486577 ) ) ;
#2969 = CARTESIAN_POINT ( 'NONE',  ( -219.5553706680123014, 41.12804209996001248, -345.4733865315189405 ) ) ;
#2970 = ORIENTED_EDGE ( 'NONE', *, *, #914, .F. ) ;
#2971 = CARTESIAN_POINT ( 'NONE',  ( 69.15419286421031586, 32.65132856354169633, 241.0259061739885169 ) ) ;
#2972 = CARTESIAN_POINT ( 'NONE',  ( 51.19252189269059272, 81.19551170247623872, 326.5353009578614660 ) ) ;
#2973 = CARTESIAN_POINT ( 'NONE',  ( 6.906064312884780954, 15.38372458542354870, -116.0111857779949815 ) ) ;
#2974 = CARTESIAN_POINT ( 'NONE',  ( -47.03142378398775492, 42.11728292883090319, 106.1228587318994556 ) ) ;
#2975 = CARTESIAN_POINT ( 'NONE',  ( -1.694065894508600678E-18, 45.61223534376544819, 172.3921769060307838 ) ) ;
#2976 = CARTESIAN_POINT ( 'NONE',  ( -51.35297447292740713, 25.49844250792602907, 26.89619789257592331 ) ) ;
#2977 = CARTESIAN_POINT ( 'NONE',  ( -210.7487531719819742, 35.19412302495013734, -397.1543442227070955 ) ) ;
#2978 = CARTESIAN_POINT ( 'NONE',  ( 37.01238363614793059, 28.07748520497521127, 45.03221061724440233 ) ) ;
#2979 = CIRCLE ( 'NONE', #1207, 2.000000000000000444 ) ;
#2980 = CARTESIAN_POINT ( 'NONE',  ( -30.16758169743945572, 26.75295803206004663, 3.725088733510577121 ) ) ;
#2981 = CARTESIAN_POINT ( 'NONE',  ( 54.19098149767643946, 7.988360459893312893, 438.0555349262136247 ) ) ;
#2982 = DIRECTION ( 'NONE',  ( 0.000000000000000000, 0.000000000000000000, -1.000000000000000000 ) ) ;
#2983 = CARTESIAN_POINT ( 'NONE',  ( 225.0000000000001137, 20.98752245354673818, -373.6976150847360714 ) ) ;
#2984 = CARTESIAN_POINT ( 'NONE',  ( 34.36142704885229904, 112.3118377795853320, 294.0012731391495890 ) ) ;
#2985 = CARTESIAN_POINT ( 'NONE',  ( 72.99711627462401964, 15.29831805849811488, 240.0143629752951426 ) ) ;
#2986 = CARTESIAN_POINT ( 'NONE',  ( 81.48476118614306074, 61.75711178803960877, 294.0012731391507828 ) ) ;
#2987 = CARTESIAN_POINT ( 'NONE',  ( 225.0000000000000284, 38.01379358516648921, -334.8418477001207521 ) ) ;
#2988 = CARTESIAN_POINT ( 'NONE',  ( 225.0000000000000000, 16.03709810504200206, -344.6947196878230670 ) ) ;
#2989 = CARTESIAN_POINT ( 'NONE',  ( 225.0000000000000000, 35.16109334990964186, -355.8678388583707601 ) ) ;
#2990 = CARTESIAN_POINT ( 'NONE',  ( 9.746008480840405497, 16.06722992390973559, -106.4640251075150417 ) ) ;
#2991 = CARTESIAN_POINT ( 'NONE',  ( 43.73812948498625985, 11.82741363439371440, 31.22938552022608150 ) ) ;
#2992 = CARTESIAN_POINT ( 'NONE',  ( -215.0600936977761819, 39.32510254514838977, -378.9675409863880304 ) ) ;
#2993 = EDGE_LOOP ( 'NONE', ( #5238, #2480, #1300, #5381, #1506, #4639 ) ) ;
#2994 = CARTESIAN_POINT ( 'NONE',  ( 70.88850926312916556, 28.49870269736953432, 244.4701192783721240 ) ) ;
#2995 = CARTESIAN_POINT ( 'NONE',  ( -55.01197018333170519, 24.99716784243401335, 36.52585788619553142 ) ) ;
#2996 = CARTESIAN_POINT ( 'NONE',  ( 14.14032477516273545, 15.81762835795038136, -93.55420490895157570 ) ) ;
#2997 = CARTESIAN_POINT ( 'NONE',  ( -53.43348662967104445, -62.39438736513052675, 294.0012731391503280 ) ) ;
#2998 = CARTESIAN_POINT ( 'NONE',  ( 9.750000000000000000, 1.194030629168669469E-15, -144.9949820965277922 ) ) ;
#2999 = FACE_OUTER_BOUND ( 'NONE', #1991, .T. ) ;
#3000 = ORIENTED_EDGE ( 'NONE', *, *, #3568, .F. ) ;
#3001 = CARTESIAN_POINT ( 'NONE',  ( -14.77909115317024025, 2.713537352473806674, -124.9949820965276786 ) ) ;
#3002 = DIRECTION ( 'NONE',  ( 0.000000000000000000, 0.8801333167826144166, 0.4747265999385690272 ) ) ;
#3003 = CARTESIAN_POINT ( 'NONE',  ( 36.30907343580460633, 37.11130457828902252, 78.78864956107376827 ) ) ;
#3004 = AXIS2_PLACEMENT_3D ( 'NONE', #1461, #2345, #3557 ) ;
#3005 = CARTESIAN_POINT ( 'NONE',  ( -32.76641343515906613, 28.23957896659048927, 20.74498325083177264 ) ) ;
#3006 = CARTESIAN_POINT ( 'NONE',  ( 67.08729684836126239, -4.003587802421283648, 106.1228587318994840 ) ) ;
#3007 = CARTESIAN_POINT ( 'NONE',  ( 225.0000000000505338, 26.26107159832745452, -397.0000000000000000 ) ) ;
#3008 = CARTESIAN_POINT ( 'NONE',  ( 225.0000000000000284, 20.92369281745472875, -373.2921965670664122 ) ) ;
#3009 = CARTESIAN_POINT ( 'NONE',  ( 64.31290919002881878, 7.991890518049391545, 106.1228587318992282 ) ) ;
#3010 = CARTESIAN_POINT ( 'NONE',  ( 15.64487785895329885, -28.41053844347638702, -46.53904117984428979 ) ) ;
#3011 = CARTESIAN_POINT ( 'NONE',  ( 225.0000000000001137, 38.02307074354857974, -333.9748564324080462 ) ) ;
#3012 = CARTESIAN_POINT ( 'NONE',  ( 225.0000000000000000, 15.17898681734822652, -331.6061281182950324 ) ) ;
#3013 = CARTESIAN_POINT ( 'NONE',  ( 225.0000000000001137, 35.93516202998749520, -351.7012471005169232 ) ) ;
#3014 = CARTESIAN_POINT ( 'NONE',  ( -960.0000000000000000, 33.87983652264910717, 171.8283712919125037 ) ) ;
#3015 =( NAMED_UNIT ( * ) PLANE_ANGLE_UNIT ( ) SI_UNIT ( $, .RADIAN. ) );
#3016 = CARTESIAN_POINT ( 'NONE',  ( -79.52041084380935843, 27.83866134799606584, 233.7687979500117592 ) ) ;
#3017 = CARTESIAN_POINT ( 'NONE',  ( 225.0000000000000568, 28.92536879088479651, -391.6872475232994475 ) ) ;
#3018 = EDGE_CURVE ( 'NONE', #1384, #521, #2240, .T. ) ;
#3019 = VERTEX_POINT ( 'NONE', #4245 ) ;
#3020 = DIRECTION ( 'NONE',  ( -1.000000000000000000, 0.000000000000000000, 0.000000000000000000 ) ) ;
#3021 = CARTESIAN_POINT ( 'NONE',  ( 25.97638696685081072, 31.98834194529534614, -78.67202414128746568 ) ) ;
#3022 = CARTESIAN_POINT ( 'NONE',  ( -30.57373409008153686, -10.37892180593640745, -46.53904117984430400 ) ) ;
#3023 = CARTESIAN_POINT ( 'NONE',  ( -1.694065894508600678E-18, 29.14992498146921918, 233.6492908699229361 ) ) ;
#3024 = CARTESIAN_POINT ( 'NONE',  ( -48.91669707659016098, 25.20131730631183942, 23.66623803676199955 ) ) ;
#3025 = ORIENTED_EDGE ( 'NONE', *, *, #4515, .T. ) ;
#3026 = CARTESIAN_POINT ( 'NONE',  ( -25.27330816165814298, 18.86386761995960271, -46.53904117984433242 ) ) ;
#3027 = CARTESIAN_POINT ( 'NONE',  ( -210.6936817881288562, 35.14123569190423524, -396.8493290788885020 ) ) ;
#3028 = CARTESIAN_POINT ( 'NONE',  ( 40.43471105066595328, 38.57681321765313243, 101.8234948374352200 ) ) ;
#3029 = CARTESIAN_POINT ( 'NONE',  ( -39.90266290445569553, 24.99373457583314817, 20.08375179867427462 ) ) ;
#3030 = CARTESIAN_POINT ( 'NONE',  ( 62.00815668516415968, 14.00879342956179663, 106.1228587319000098 ) ) ;
#3031 = DIRECTION ( 'NONE',  ( 1.000000000000000000, 0.000000000000000000, 0.000000000000000000 ) ) ;
#3032 = CARTESIAN_POINT ( 'NONE',  ( 225.0000000000000284, 20.87635440126767605, -372.9912698735557797 ) ) ;
#3033 = CARTESIAN_POINT ( 'NONE',  ( -0.8417671679437804810, 31.69533620412384067, -46.53904117984438216 ) ) ;
#3034 = AXIS2_PLACEMENT_3D ( 'NONE', #3407, #1683, #1735 ) ;
#3035 = CARTESIAN_POINT ( 'NONE',  ( 31.77084230805220955, 28.70725750249603792, 24.32106359723098876 ) ) ;
#3036 = CARTESIAN_POINT ( 'NONE',  ( 6.011784891283454613, -13.76748107763667939, -124.9949820965277780 ) ) ;
#3037 = CARTESIAN_POINT ( 'NONE',  ( -27.67540613007555450, -47.38516621823831798, 402.2845281192503535 ) ) ;
#3038 = CARTESIAN_POINT ( 'NONE',  ( 225.0000000000000568, 37.85398420815285903, -329.0616850037514496 ) ) ;
#3039 = CARTESIAN_POINT ( 'NONE',  ( 225.0000000000000284, 15.69117845973039316, -342.1540504196074721 ) ) ;
#3040 = CARTESIAN_POINT ( 'NONE',  ( 225.0000000000000000, 36.85076223455072153, -346.4937556107768160 ) ) ;
#3041 = CARTESIAN_POINT ( 'NONE',  ( 65.66102328176897629, 6.645216633647185844, 180.5229568457568519 ) ) ;
#3042 = CARTESIAN_POINT ( 'NONE',  ( -32.65771979043670825, 21.54997309606526201, -22.80843832752555045 ) ) ;
#3043 = CARTESIAN_POINT ( 'NONE',  ( -214.2340086673785891, 38.24073042507168907, -307.2889312071191625 ) ) ;
#3044 = CARTESIAN_POINT ( 'NONE',  ( 20.57738783041926567, 15.53916504489438211, -69.85731762131956657 ) ) ;
#3045 = CARTESIAN_POINT ( 'NONE',  ( 225.0000000000000568, 25.35760583460531237, -395.3132718596845052 ) ) ;
#3046 = ORIENTED_EDGE ( 'NONE', *, *, #5686, .F. ) ;
#3047 = CARTESIAN_POINT ( 'NONE',  ( 42.89173986979336917, 24.36359136329512154, 12.87749594776812856 ) ) ;
#3048 = ADVANCED_FACE ( 'NONE', ( #382 ), #2669, .T. ) ;
#3049 = CARTESIAN_POINT ( 'NONE',  ( 225.0000000000000568, 31.92718024072670246, -303.4211678299147366 ) ) ;
#3050 = CARTESIAN_POINT ( 'NONE',  ( -64.34500752930796352, -15.46845220565844947, 106.1228587319002088 ) ) ;
#3051 = CARTESIAN_POINT ( 'NONE',  ( -73.99185225437469171, 15.71828553471155132, 240.8006458965742809 ) ) ;
#3052 = CARTESIAN_POINT ( 'NONE',  ( -49.85690917915005826, 25.33338729358088415, 25.13006576360151811 ) ) ;
#3053 = VERTEX_POINT ( 'NONE', #791 ) ;
#3054 = CARTESIAN_POINT ( 'NONE',  ( -51.68718098786833082, 37.22811580382892060, 106.1228587318994840 ) ) ;
#3055 = CARTESIAN_POINT ( 'NONE',  ( -210.3557058370178368, 34.31381368218062988, -392.5993730983293517 ) ) ;
#3056 = CARTESIAN_POINT ( 'NONE',  ( 42.12368277164396346, 29.89077005861627967, 56.22787216047882453 ) ) ;
#3057 = CARTESIAN_POINT ( 'NONE',  ( 799.9999999999997726, 34.56192642125666481, 137.4357830831153251 ) ) ;
#3058 = EDGE_CURVE ( 'NONE', #3804, #3053, #781, .T. ) ;
#3059 = CARTESIAN_POINT ( 'NONE',  ( -39.83830893440999432, 24.96039814623136976, 19.66934268917128037 ) ) ;
#3060 = CARTESIAN_POINT ( 'NONE',  ( 32.26537169597065002, 1.862476128984577262, -46.53904117984421163 ) ) ;
#3061 = CARTESIAN_POINT ( 'NONE',  ( -77.99984881117755720, 28.30959577856202003, 233.1997945410793136 ) ) ;
#3062 = CARTESIAN_POINT ( 'NONE',  ( 225.0000000000000284, 23.17854161924073253, -386.7098419136133316 ) ) ;
#3063 = CARTESIAN_POINT ( 'NONE',  ( -57.90588196506494256, 28.90431512016949256, 402.2845281192503535 ) ) ;
#3064 = CIRCLE ( 'NONE', #29, 14.99999999995778488 ) ;
#3065 = CARTESIAN_POINT ( 'NONE',  ( 59.27205720641056530, 44.27300167319793189, 209.3760405866352698 ) ) ;
#3066 = CARTESIAN_POINT ( 'NONE',  ( 52.94207101602680865, 12.27276686176527498, 438.0555349262137952 ) ) ;
#3067 = CARTESIAN_POINT ( 'NONE',  ( -56.45463227188150768, -33.26229295470870539, 106.1228587318994983 ) ) ;
#3068 = CARTESIAN_POINT ( 'NONE',  ( 225.0000000000000284, 37.56701144795041358, -326.0306089694356046 ) ) ;
#3069 = CARTESIAN_POINT ( 'NONE',  ( 225.0000000000000284, 15.75285248660866166, -342.6435771356908049 ) ) ;
#3070 = CARTESIAN_POINT ( 'NONE',  ( 225.0000000000000568, 35.97155085872373093, -351.5037916780582350 ) ) ;
#3071 = CARTESIAN_POINT ( 'NONE',  ( 225.0000000000505338, 26.26107159832745452, 147.0000000000000284 ) ) ;
#3072 = VERTEX_POINT ( 'NONE', #4725 ) ;
#3073 = CARTESIAN_POINT ( 'NONE',  ( -213.1013911610566822, 35.39541761940115094, -302.7621893387851628 ) ) ;
#3074 = APPLICATION_PROTOCOL_DEFINITION ( 'draft international standard', 'automotive_design', 1998, #3223 ) ;
#3075 = FACE_OUTER_BOUND ( 'NONE', #921, .T. ) ;
#3076 = CARTESIAN_POINT ( 'NONE',  ( 225.0000000000000000, 30.44782021193086408, -384.2260602913567595 ) ) ;
#3077 = VERTEX_POINT ( 'NONE', #2998 ) ;
#3078 = DIRECTION ( 'NONE',  ( -1.000000000000000000, 0.000000000000000000, 0.000000000000000000 ) ) ;
#3079 = CARTESIAN_POINT ( 'NONE',  ( 20.85958685597148232, 0.000000000000000000, 498.0555349261633182 ) ) ;
#3080 = CARTESIAN_POINT ( 'NONE',  ( -38.67627779907452634, -41.52599244668026301, 402.2845281192505809 ) ) ;
#3081 = CARTESIAN_POINT ( 'NONE',  ( 31.67345390004069827, 21.66882184304478187, -21.51190058937864436 ) ) ;
#3082 = CARTESIAN_POINT ( 'NONE',  ( -213.9661889587737562, 36.48663441494818471, -397.6201727063660769 ) ) ;
#3083 = CARTESIAN_POINT ( 'NONE',  ( -13.92891058454903686, 5.642665523884466516, -124.9949820965279059 ) ) ;
#3084 = CARTESIAN_POINT ( 'NONE',  ( -209.9798851923875702, 26.93355357621246426, -350.0642675287059546 ) ) ;
#3085 = CARTESIAN_POINT ( 'NONE',  ( 41.29897052515932643, 46.45704953306692175, 135.7283889511508050 ) ) ;
#3086 = CARTESIAN_POINT ( 'NONE',  ( 799.9999999999997726, 35.38503233220423994, 146.1620122329387925 ) ) ;
#3087 = CARTESIAN_POINT ( 'NONE',  ( -212.2821578393607922, 34.21574359846149349, -303.1672166699289619 ) ) ;
#3088 = CARTESIAN_POINT ( 'NONE',  ( 51.53418790925232429, 9.269402124265669229, 72.81384435152833134 ) ) ;
#3089 = CARTESIAN_POINT ( 'NONE',  ( 34.36142704885229904, 112.3118377795853320, 294.0012731391495890 ) ) ;
#3090 = CARTESIAN_POINT ( 'NONE',  ( 58.67698575393863081, 44.33909061294917819, 178.3382983027956641 ) ) ;
#3091 = CARTESIAN_POINT ( 'NONE',  ( 5.050673245201183998E-11, 0.000000000000000000, 498.0555349262137952 ) ) ;
#3092 = EDGE_CURVE ( 'NONE', #4452, #545, #2110, .T. ) ;
#3093 = CARTESIAN_POINT ( 'NONE',  ( -48.20645429671919402, 21.48438069975192022, 438.0555349262138520 ) ) ;
#3094 = CARTESIAN_POINT ( 'NONE',  ( 12.89686743840505656, 18.51686845165954409, -87.27656796074322187 ) ) ;
#3095 = MECHANICAL_DESIGN_GEOMETRIC_PRESENTATION_REPRESENTATION (  '', ( #4934 ), #260 ) ;
#3096 = CARTESIAN_POINT ( 'NONE',  ( 46.26873740896562737, 24.08748632503723641, 438.0555349262129994 ) ) ;
#3097 = CARTESIAN_POINT ( 'NONE',  ( -15.74060288677922870, -51.30544023911357243, 402.2845281192504103 ) ) ;
#3098 = CARTESIAN_POINT ( 'NONE',  ( -211.7209205274127441, 32.85141466593940862, -398.0328972661372973 ) ) ;
#3099 = CARTESIAN_POINT ( 'NONE',  ( 225.0000000000000853, 15.23705912377288385, -337.0952215562697347 ) ) ;
#3100 = CARTESIAN_POINT ( 'NONE',  ( 225.0000000000000568, 36.53230175916004896, -348.3818375213143099 ) ) ;
#3101 = DIRECTION ( 'NONE',  ( -1.000000000000000000, 0.000000000000000000, 0.000000000000000000 ) ) ;
#3102 = VERTEX_POINT ( 'NONE', #3405 ) ;
#3103 = CARTESIAN_POINT ( 'NONE',  ( -213.8915509597381401, 36.36524448206240834, -304.4875232782315493 ) ) ;
#3104 = CARTESIAN_POINT ( 'NONE',  ( 17.02002940857162727, 15.77375086341782229, -83.22894165410984613 ) ) ;
#3105 = CARTESIAN_POINT ( 'NONE',  ( 225.0000000000000568, 27.14159958040653109, -396.5441844831366893 ) ) ;
#3106 = EDGE_LOOP ( 'NONE', ( #3997, #3191, #646, #4025 ) ) ;
#3107 = LINE ( 'NONE', #1415, #362 ) ;
#3108 = CARTESIAN_POINT ( 'NONE',  ( 225.0000000000000000, 27.38293221965275848, -296.9679628499274031 ) ) ;
#3109 = CARTESIAN_POINT ( 'NONE',  ( -30.42178783319337754, 10.80186663649476309, -46.53904117984430400 ) ) ;
#3110 = CARTESIAN_POINT ( 'NONE',  ( 14.75473965280453115, -2.709065676446846815, -124.9949820965277922 ) ) ;
#3111 = CARTESIAN_POINT ( 'NONE',  ( -36.25683385989312058, 30.08981859377754375, -46.36684906132954609 ) ) ;
#3112 = CARTESIAN_POINT ( 'NONE',  ( -213.9790626842427912, 36.34483508371395288, -397.9894811354981243 ) ) ;
#3113 = CARTESIAN_POINT ( 'NONE',  ( -14.42484907975266673, 4.207527096276062473, -124.9949820965277922 ) ) ;
#3114 = MECHANICAL_DESIGN_GEOMETRIC_PRESENTATION_REPRESENTATION (  '', ( #3672 ), #1558 ) ;
#3115 = CARTESIAN_POINT ( 'NONE',  ( -209.1325793618891851, 29.43767584435157403, -362.0810327007453111 ) ) ;
#3116 = CARTESIAN_POINT ( 'NONE',  ( 31.22119423516225467, 28.38145604386817311, 20.62757458784871289 ) ) ;
#3117 = CARTESIAN_POINT ( 'NONE',  ( 799.9999999999997726, 35.83523632616849852, 171.9223388942655504 ) ) ;
#3118 = CARTESIAN_POINT ( 'NONE',  ( -210.5660023542408794, 30.34714210535233647, -311.1152023394993762 ) ) ;
#3119 = CARTESIAN_POINT ( 'NONE',  ( 53.15767870915313154, 19.29609274404368335, 96.20600375358819178 ) ) ;
#3120 = CARTESIAN_POINT ( 'NONE',  ( 0.9080243476003490022, 44.38018479668470917, 438.0555349262132836 ) ) ;
#3121 = CARTESIAN_POINT ( 'NONE',  ( 77.68608812325172153, 28.39067498869998829, 233.0563452064248224 ) ) ;
#3122 = CARTESIAN_POINT ( 'NONE',  ( 114.3811847074978374, 25.76317243245551225, 35.58871076229868180 ) ) ;
#3123 = CARTESIAN_POINT ( 'NONE',  ( -55.28310048180257041, 95.56766578559702907, 294.0012731391507259 ) ) ;
#3124 = CARTESIAN_POINT ( 'NONE',  ( 79.20549037751918320, 27.79806613446418595, 233.8049471690027303 ) ) ;
#3125 = EDGE_CURVE ( 'NONE', #1730, #2237, #2979, .T. ) ;
#3126 = CARTESIAN_POINT ( 'NONE',  ( -53.96732394223688090, 46.52719850344486474, 195.3046170437353908 ) ) ;
#3127 = CARTESIAN_POINT ( 'NONE',  ( -31.53242958479102853, -7.397251374973575544, -46.53904117984408373 ) ) ;
#3128 = CARTESIAN_POINT ( 'NONE',  ( -215.3049424505441323, 37.70706087046121269, -397.2127734563043191 ) ) ;
#3129 = CARTESIAN_POINT ( 'NONE',  ( 224.9999999999999716, 17.93856315554580050, -355.4967346652452989 ) ) ;
#3130 = CIRCLE ( 'NONE', #3858, 14.99999999999998579 ) ;
#3131 = CARTESIAN_POINT ( 'NONE',  ( 225.0000000000000000, 36.22030059387860490, -350.1403179117612012 ) ) ;
#3132 = VECTOR ( 'NONE', #2424, 1000.000000000000000 ) ;
#3133 = CARTESIAN_POINT ( 'NONE',  ( -31.61415962143732727, -5.290906601729261638E-14, 466.7211743237411383 ) ) ;
#3134 = EDGE_LOOP ( 'NONE', ( #2157, #153, #463, #3774 ) ) ;
#3135 = CARTESIAN_POINT ( 'NONE',  ( -214.1027873515790816, 36.57076639235269511, -303.2043414843389542 ) ) ;
#3136 = CARTESIAN_POINT ( 'NONE',  ( 41.69985731813349616, 1.173654730638943544, 466.7211743237411383 ) ) ;
#3137 = CARTESIAN_POINT ( 'NONE',  ( 225.0000000000000284, 29.29358343979793844, -390.1102830185805033 ) ) ;
#3138 = ORIENTED_EDGE ( 'NONE', *, *, #1778, .F. ) ;
#3139 = CARTESIAN_POINT ( 'NONE',  ( -14.99999999995778488, 0.000000000000000000, -144.9949820965277922 ) ) ;
#3140 = FACE_OUTER_BOUND ( 'NONE', #954, .T. ) ;
#3141 = CARTESIAN_POINT ( 'NONE',  ( -38.03580088982889862, 25.80233710024835148, 22.40072447437972158 ) ) ;
#3142 = CARTESIAN_POINT ( 'NONE',  ( -215.2270070129329156, 37.26067342460866882, -398.2927587003099461 ) ) ;
#3143 = CARTESIAN_POINT ( 'NONE',  ( 5.050673245201183998E-11, 0.000000000000000000, 498.0555349262137952 ) ) ;
#3144 = CARTESIAN_POINT ( 'NONE',  ( -82.51868927462243164, 26.41862883582142629, 234.2248589686531943 ) ) ;
#3145 = CARTESIAN_POINT ( 'NONE',  ( -209.1190785575899440, 27.76372461120249113, -352.0018551352010832 ) ) ;
#3146 = CARTESIAN_POINT ( 'NONE',  ( 31.23917620807007012, 28.39139215339290701, 20.74535017298113360 ) ) ;
#3147 = CARTESIAN_POINT ( 'NONE',  ( -212.9317009878519116, 36.95239897180716326, -304.9890194901132645 ) ) ;
#3148 = ADVANCED_FACE ( 'NONE', ( #1656 ), #4295, .T. ) ;
#3149 = DIRECTION ( 'NONE',  ( 1.000000000000000000, 0.000000000000000000, 0.000000000000000000 ) ) ;
#3150 = CARTESIAN_POINT ( 'NONE',  ( 63.30231082757073580, 16.09224737569476105, 162.1478610091373866 ) ) ;
#3151 = CARTESIAN_POINT ( 'NONE',  ( 5.642645779198288025, 13.92880302362939382, -124.9949820965276928 ) ) ;
#3152 = CARTESIAN_POINT ( 'NONE',  ( 70.90933901863017752, 36.85906365839289123, 214.0781327076569767 ) ) ;
#3153 = CARTESIAN_POINT ( 'NONE',  ( -49.20508187124983834, 23.02465821068924612, 438.0555349262138520 ) ) ;
#3154 = CARTESIAN_POINT ( 'NONE',  ( -60.49941573944366979, 23.59259192951218864, 402.2845281192502966 ) ) ;
#3155 = CARTESIAN_POINT ( 'NONE',  ( 70.76279752765091757, 24.11377065434711398, 233.9223463253588591 ) ) ;
#3156 = CARTESIAN_POINT ( 'NONE',  ( 42.65876263952470282, 47.03647744220327098, 402.2845281192504672 ) ) ;
#3157 = CARTESIAN_POINT ( 'NONE',  ( 9.731744124045748734, -31.05257985205021853, -46.53904117984426847 ) ) ;
#3158 = CARTESIAN_POINT ( 'NONE',  ( 0.000000000000000000, 200.6509565504815953, -448.0746315377489850 ) ) ;
#3159 = CARTESIAN_POINT ( 'NONE',  ( 225.0000000000000568, 16.26482458272285569, -346.1665066550605729 ) ) ;
#3160 = VERTEX_POINT ( 'NONE', #3861 ) ;
#3161 = CARTESIAN_POINT ( 'NONE',  ( -216.9572256548521239, 38.96662594098892640, -311.8756896180565263 ) ) ;
#3162 = CARTESIAN_POINT ( 'NONE',  ( -28.57666405927033892, -39.64529204545068808, 438.0555349262138520 ) ) ;
#3163 = CARTESIAN_POINT ( 'NONE',  ( 224.9999999999999716, 30.98573408979303068, -381.1071518576500239 ) ) ;
#3164 = ORIENTED_EDGE ( 'NONE', *, *, #3324, .T. ) ;
#3165 = CARTESIAN_POINT ( 'NONE',  ( 0.000000000000000000, 185.7945943861955413, -472.9308350128676466 ) ) ;
#3166 = CARTESIAN_POINT ( 'NONE',  ( -37.10936481778992402, 37.27177588435353073, 79.68720910601959417 ) ) ;
#3167 = CARTESIAN_POINT ( 'NONE',  ( -71.54064398105462885, 28.20670573179503648, 244.4538978983124764 ) ) ;
#3168 = CARTESIAN_POINT ( 'NONE',  ( -51.85651077830456757, 26.09883438323209859, 20.36906930377413261 ) ) ;
#3169 = CARTESIAN_POINT ( 'NONE',  ( -214.0141136844164294, 36.64031288659958818, -397.0354314307563186 ) ) ;
#3170 = CARTESIAN_POINT ( 'NONE',  ( 20.85958685597148232, 0.000000000000000000, 498.0555349261633182 ) ) ;
#3171 = CARTESIAN_POINT ( 'NONE',  ( -72.88280659933860761, 24.05515370878153547, 245.3970670417677411 ) ) ;
#3172 = CARTESIAN_POINT ( 'NONE',  ( -209.4393681350025815, 29.97637695927652857, -320.0902893906367694 ) ) ;
#3173 = CARTESIAN_POINT ( 'NONE',  ( 31.99524620233502858, 28.86405547476806177, 25.92809555506210728 ) ) ;
#3174 = CARTESIAN_POINT ( 'NONE',  ( -225.0000000000000000, 17.51765250230849347, -312.9134555907852473 ) ) ;
#3175 = CARTESIAN_POINT ( 'NONE',  ( -210.3420255901626206, 29.46190792688553373, -314.3760570011677373 ) ) ;
#3176 = CARTESIAN_POINT ( 'NONE',  ( 60.91290265864088838, 16.27922540780496519, 143.7994470204106392 ) ) ;
#3177 = CARTESIAN_POINT ( 'NONE',  ( 1.191156436110606398, 14.97870513261819347, -124.9949820965277638 ) ) ;
#3178 = CARTESIAN_POINT ( 'NONE',  ( 47.44859978878922391, 42.90822921199687556, 130.4392720720172747 ) ) ;
#3179 = CARTESIAN_POINT ( 'NONE',  ( 550.5687744159511112, 27.32135132127723764, 76.26907796533888018 ) ) ;
#3180 = CARTESIAN_POINT ( 'NONE',  ( 70.77541674296629992, 24.05990505179640948, 234.0198489187086182 ) ) ;
#3181 = CARTESIAN_POINT ( 'NONE',  ( 39.36031058854907627, 49.59885411375975650, 402.2845281192506945 ) ) ;
#3182 = CARTESIAN_POINT ( 'NONE',  ( 72.84716322377519759, -44.16615197467863396, 294.0012731391497596 ) ) ;
#3183 = CARTESIAN_POINT ( 'NONE',  ( -215.2348076106110852, 37.18037604360742421, -398.4243148800262020 ) ) ;
#3184 = CARTESIAN_POINT ( 'NONE',  ( 225.0000000000000568, 17.20955880780179470, -351.5724691626518279 ) ) ;
#3185 = CARTESIAN_POINT ( 'NONE',  ( -42.35731835466844331, 12.77200158435518418, 19.43780040534129938 ) ) ;
#3186 = ORIENTED_EDGE ( 'NONE', *, *, #1587, .F. ) ;
#3187 = CARTESIAN_POINT ( 'NONE',  ( -219.4408617208344765, 41.10465200485092652, -346.2933273395516380 ) ) ;
#3188 = CARTESIAN_POINT ( 'NONE',  ( 41.71917371189599777, 0.000000000000000000, 466.7211743237411383 ) ) ;
#3189 = CIRCLE ( 'NONE', #2701, 3.000000000000002665 ) ;
#3190 = CARTESIAN_POINT ( 'NONE',  ( 225.0000000000000000, 31.67316562237916600, -376.9003031453026438 ) ) ;
#3191 = ORIENTED_EDGE ( 'NONE', *, *, #2794, .F. ) ;
#3192 = CARTESIAN_POINT ( 'NONE',  ( 224.9999999999999716, 34.84021176312775481, -311.8063072639330926 ) ) ;
#3193 = ADVANCED_FACE ( 'NONE', ( #2514 ), #3497, .T. ) ;
#3194 = CARTESIAN_POINT ( 'NONE',  ( -83.04078008211206452, 23.69634572616354617, 229.1758417821564819 ) ) ;
#3195 = CARTESIAN_POINT ( 'NONE',  ( -224.9999999999999716, 13.77840082820876688, -337.6161166503165418 ) ) ;
#3196 = CARTESIAN_POINT ( 'NONE',  ( -41.92508928546953229, 12.85389829061544020, 17.24040918395085953 ) ) ;
#3197 = CARTESIAN_POINT ( 'NONE',  ( 76.99641749670794866, 17.54638357011477723, 190.3410550710045754 ) ) ;
#3198 = EDGE_LOOP ( 'NONE', ( #866, #810, #3342, #4829, #5210 ) ) ;
#3199 = CARTESIAN_POINT ( 'NONE',  ( 20.80678567996248063, -1.170231675419014739, 498.0555349261633182 ) ) ;
#3200 = CARTESIAN_POINT ( 'NONE',  ( -71.57793571294280355, 24.90267239843055691, 235.6984462814982635 ) ) ;
#3201 = CARTESIAN_POINT ( 'NONE',  ( -210.4246556200305633, 29.97727168325510405, -317.0182923885292894 ) ) ;
#3202 = CARTESIAN_POINT ( 'NONE',  ( 34.11682885820796685, 25.09398817669691795, 20.43972995217944089 ) ) ;
#3203 = CARTESIAN_POINT ( 'NONE',  ( -210.2667048013075828, 34.09013574065926377, -391.3418009790404426 ) ) ;
#3204 = CARTESIAN_POINT ( 'NONE',  ( -20.95703677782490715, 16.96636484096741171, -80.20367891895006096 ) ) ;
#3205 = CARTESIAN_POINT ( 'NONE',  ( 52.24300490687338083, 25.61540915168028576, 27.69212317943982171 ) ) ;
#3206 = CARTESIAN_POINT ( 'NONE',  ( 32.93741239582974600, 52.28070269870176645, 106.1228587318997540 ) ) ;
#3207 = CARTESIAN_POINT ( 'NONE',  ( -76.86150763582169532, 29.84087746486820691, 230.2827712602709767 ) ) ;
#3208 = CARTESIAN_POINT ( 'NONE',  ( 20.85958685597148232, 0.1958760482029748007, 498.0555349261633182 ) ) ;
#3209 = CARTESIAN_POINT ( 'NONE',  ( 72.09794099209979379, 24.27497190374909408, 245.4220256098313087 ) ) ;
#3210 = CYLINDRICAL_SURFACE ( 'NONE', #3004, 9.750000000000000000 ) ;
#3211 = CARTESIAN_POINT ( 'NONE',  ( 52.16257740802041809, -29.92871102927752247, 402.2845281192503535 ) ) ;
#3212 = CARTESIAN_POINT ( 'NONE',  ( -214.6483178941955714, 33.68948483821142759, -399.9087768781378145 ) ) ;
#3213 = CARTESIAN_POINT ( 'NONE',  ( 225.0000000000000284, 17.27390273765343665, -351.9213698698752637 ) ) ;
#3214 = CARTESIAN_POINT ( 'NONE',  ( -7.709691586163759602, 15.42020322226124307, -114.1370646745488386 ) ) ;
#3215 = CARTESIAN_POINT ( 'NONE',  ( -77.99984881120698788, 28.30959577856168607, 233.1997945410791431 ) ) ;
#3216 = CARTESIAN_POINT ( 'NONE',  ( -221.3808867087532519, 40.81902539478054592, -344.4881539567917912 ) ) ;
#3217 = CARTESIAN_POINT ( 'NONE',  ( 5.050673245201183998E-11, 0.000000000000000000, 498.0555349262137952 ) ) ;
#3218 = CARTESIAN_POINT ( 'NONE',  ( 224.9999999999999716, 31.16275493544868880, -301.7317889719415689 ) ) ;
#3219 = CARTESIAN_POINT ( 'NONE',  ( 225.0000000000000284, 32.01628048367189194, -374.7413854066156205 ) ) ;
#3220 = VERTEX_POINT ( 'NONE', #333 ) ;
#3221 = SURFACE_STYLE_USAGE ( .BOTH. , #2357 ) ;
#3222 = CARTESIAN_POINT ( 'NONE',  ( -33.68898485244483254, 28.88694549890434260, 27.43554528148396443 ) ) ;
#3223 = APPLICATION_CONTEXT ( 'automotive_design' ) ;
#3224 =( NAMED_UNIT ( * ) PLANE_ANGLE_UNIT ( ) SI_UNIT ( $, .RADIAN. ) );
#3225 = CARTESIAN_POINT ( 'NONE',  ( -42.46155747040985062, 12.74974997239462482, 20.00531482206136147 ) ) ;
#3226 = CARTESIAN_POINT ( 'NONE',  ( -213.7136118862168246, 34.12741890799054545, -399.5042595099731102 ) ) ;
#3227 = ORIENTED_EDGE ( 'NONE', *, *, #3092, .T. ) ;
#3228 = CARTESIAN_POINT ( 'NONE',  ( 3.388131789017200393E-19, 42.17593869064106826, 199.0652818770252566 ) ) ;
#3229 = CARTESIAN_POINT ( 'NONE',  ( -73.52590640067440120, 21.17958516302326899, 244.9572899569837716 ) ) ;
#3230 = CARTESIAN_POINT ( 'NONE',  ( -212.7087026912865610, 34.87206293439457028, -304.1870590513473189 ) ) ;
#3231 = CARTESIAN_POINT ( 'NONE',  ( 31.27512905944519872, 28.41126283779144401, 20.98090423937276583 ) ) ;
#3232 = CARTESIAN_POINT ( 'NONE',  ( 0.000000000000000000, 193.5024287378365386, -391.2323703253226199 ) ) ;
#3233 = CARTESIAN_POINT ( 'NONE',  ( -216.1901597649877544, 38.40262666533919855, -390.3586607773596029 ) ) ;
#3234 = CARTESIAN_POINT ( 'NONE',  ( 41.82075918974907580, 12.25580920394372875, 21.72749369582031775 ) ) ;
#3235 = CARTESIAN_POINT ( 'NONE',  ( 9.426085537623325905, 11.69850731898340968, -124.9949820965277780 ) ) ;
#3236 = CARTESIAN_POINT ( 'NONE',  ( -39.23658826852634718, 24.64903628256907453, 15.79926016859521987 ) ) ;
#3237 = CARTESIAN_POINT ( 'NONE',  ( -33.93665315455317000, 21.90170933705426037, -18.34733173949519625 ) ) ;
#3238 = CARTESIAN_POINT ( 'NONE',  ( 225.0000000000000000, 37.84939756882003081, -338.3869527957260743 ) ) ;
#3239 = CARTESIAN_POINT ( 'NONE',  ( 80.61004294916773460, 27.14418306159408800, 234.1458530730052701 ) ) ;
#3240 = CARTESIAN_POINT ( 'NONE',  ( 800.0000000000001137, 28.83302432184767383, 209.6851584081997260 ) ) ;
#3241 = CARTESIAN_POINT ( 'NONE',  ( -11.59400098457596151, -31.06103362602626561, -46.53904117984428268 ) ) ;
#3242 = CARTESIAN_POINT ( 'NONE',  ( 225.0000000000000568, 16.71021888476286321, -348.8058162455729416 ) ) ;
#3243 = CARTESIAN_POINT ( 'NONE',  ( -55.31619555779835196, 7.919687333850323974, 96.60243201137315339 ) ) ;
#3244 = CARTESIAN_POINT ( 'NONE',  ( -78.37710836207197929, 28.20996943819061542, 233.3762726423968275 ) ) ;
#3245 = CARTESIAN_POINT ( 'NONE',  ( -221.8439831952820214, 40.92531433412300146, -338.4078829183793573 ) ) ;
#3246 = CARTESIAN_POINT ( 'NONE',  ( -49.20508187124983834, 23.02465821068924612, 438.0555349262138520 ) ) ;
#3247 = CARTESIAN_POINT ( 'NONE',  ( 225.0000000000000568, 33.21096866807923931, -306.8022759154449091 ) ) ;
#3248 = CARTESIAN_POINT ( 'NONE',  ( 225.0000000000000000, 31.63686891198494422, -377.1269927436033527 ) ) ;
#3249 = AXIS2_PLACEMENT_3D ( 'NONE', #1946, #5456, #1086 ) ;
#3250 = CARTESIAN_POINT ( 'NONE',  ( -31.52858167368857778, 27.51497556139660716, 12.43766536407686729 ) ) ;
#3251 = CARTESIAN_POINT ( 'NONE',  ( -225.0000000000000284, 24.03725304147305764, -396.5929570076766026 ) ) ;
#3252 = CARTESIAN_POINT ( 'NONE',  ( 9.626523572922710770, 32.58280976016174435, -95.11387819078817074 ) ) ;
#3253 = CARTESIAN_POINT ( 'NONE',  ( -214.4015486864183515, 33.53004634927172845, -399.8774648249618053 ) ) ;
#3254 = VERTEX_POINT ( 'NONE', #2735 ) ;
#3255 = CARTESIAN_POINT ( 'NONE',  ( 55.00000000000000711, 4.510281037539698445E-14, 438.0555349262138520 ) ) ;
#3256 = CARTESIAN_POINT ( 'NONE',  ( -73.26883481862957126, 22.47255715813117760, 245.2789721949407351 ) ) ;
#3257 = CARTESIAN_POINT ( 'NONE',  ( -210.6745544741337710, 30.72176196176386398, -309.8545638215348390 ) ) ;
#3258 = CARTESIAN_POINT ( 'NONE',  ( 72.69084810271364461, 13.88988985085172168, 236.3973238123262490 ) ) ;
#3259 = FACE_OUTER_BOUND ( 'NONE', #1271, .T. ) ;
#3260 = CARTESIAN_POINT ( 'NONE',  ( -220.1360014158365743, 40.45546618834033126, -354.3156241466763845 ) ) ;
#3261 = CARTESIAN_POINT ( 'NONE',  ( 32.71438432120097417, 26.60216410867952419, 8.597432305851626211 ) ) ;
#3262 = CARTESIAN_POINT ( 'NONE',  ( -9.282440825486515834, 63.17476232196381147, 402.2845281192510356 ) ) ;
#3263 = CARTESIAN_POINT ( 'NONE',  ( -44.69625723076951118, 38.68252569704544186, 102.8163169356615896 ) ) ;
#3264 = CARTESIAN_POINT ( 'NONE',  ( -41.59192619125023072, 23.81312769908856453, 6.000358291299115798 ) ) ;
#3265 = CARTESIAN_POINT ( 'NONE',  ( 53.29451021104775066, 47.61685889956027040, 189.2703505535426132 ) ) ;
#3266 = CARTESIAN_POINT ( 'NONE',  ( -33.79696653632590397, 28.98292100509972968, 28.30954180178239810 ) ) ;
#3267 = CARTESIAN_POINT ( 'NONE',  ( -19.59110005968280888, -26.03735607977620958, -46.53904117984449584 ) ) ;
#3268 = CARTESIAN_POINT ( 'NONE',  ( 68.12555238401705537, 8.007538863363375725, 199.5717259672547641 ) ) ;
#3269 = CARTESIAN_POINT ( 'NONE',  ( 225.0000000000001137, 20.65060859139039096, -371.5550549532184732 ) ) ;
#3270 = ADVANCED_FACE ( 'NONE', ( #91 ), #4028, .F. ) ;
#3271 = DIRECTION ( 'NONE',  ( 1.000000000000000000, 0.000000000000000000, 0.000000000000000000 ) ) ;
#3272 = CARTESIAN_POINT ( 'NONE',  ( -220.3281256942901223, 41.23816730338555914, -335.3606009769031289 ) ) ;
#3273 = CARTESIAN_POINT ( 'NONE',  ( 225.0000000000505338, 26.26107159832745452, -400.0000000000000000 ) ) ;
#3274 = CARTESIAN_POINT ( 'NONE',  ( 42.00576798949505530, -28.71784275949875109, 438.0555349262137383 ) ) ;
#3275 = CARTESIAN_POINT ( 'NONE',  ( 225.0000000000000284, 25.30620002168732441, -297.1739437981802894 ) ) ;
#3276 = CARTESIAN_POINT ( 'NONE',  ( 225.0000000000000000, 30.70256401075027597, -382.7715213729737798 ) ) ;
#3277 =( BOUNDED_SURFACE ( )  B_SPLINE_SURFACE ( 3, 2, ( 
 ( #4971, #4510, #3215 ),
 ( #2784, #606, #3244 ),
 ( #4569, #635, #2350 ),
 ( #4111, #202, #5437 ),
 ( #1497, #2381, #4138 ),
 ( #4954, #1850, #557 ),
 ( #4466, #3200, #1020 ),
 ( #2767, #2710, #2306 ),
 ( #5420, #3692, #3575 ),
 ( #4523, #590, #2334 ),
 ( #3605, #1939, #1050 ),
 ( #95, #3634, #4094 ),
 ( #1392, #5359, #155 ),
 ( #529, #4924, #59 ),
 ( #1907, #1421, #4064 ),
 ( #4581, #648, #186 ),
 ( #3171, #1820, #4003 ),
 ( #4123, #5330, #3144 ),
 ( #5449, #1508, #1451 ),
 ( #3256, #992, #2739 ),
 ( #618, #3663, #1478 ),
 ( #3229, #4494, #4982 ),
 ( #2797, #5011, #5391 ),
 ( #4554, #2365, #1079 ),
 ( #2825, #4895, #961 ),
 ( #126, #1878, #2276 ),
 ( #4032, #1140, #4180 ),
 ( #4797, #5102, #1168 ),
 ( #5541, #2917, #3315 ),
 ( #4237, #1993, #4208 ),
 ( #2395, #274, #5477 ),
 ( #243, #2452, #3832 ),
 ( #5510, #3777, #1649 ),
 ( #3344, #4641, #2422 ),
 ( #3749, #1596, #5072 ),
 ( #2886, #4669, #4612 ) ),
 .UNSPECIFIED., .F., .F., .F. ) 
 B_SPLINE_SURFACE_WITH_KNOTS ( ( 4, 2, 2, 2, 2, 2, 2, 2, 2, 2, 2, 2, 2, 2, 2, 2, 2, 4 ),
 ( 3, 3 ),
 ( 0.000000000000000000, 0.003695226718932874844, 0.005542840078399312483, 0.007390453437865749688, 0.008314260117598969158, 0.009238066797332187760, 0.01108568015679862497, 0.01293329351626506217, 0.01385710019599828077, 0.01478090687573149938, 0.01662852023519793832, 0.01755232691493115865, 0.01847613359466437552, 0.02032374695413081273, 0.02124755363386403306, 0.02217136031359724993, 0.02586658703253012434, 0.02956181375146299875 ),
 ( 0.000000000000000000, 1.000000000000000000 ),
 .UNSPECIFIED. ) 
 GEOMETRIC_REPRESENTATION_ITEM ( )  RATIONAL_B_SPLINE_SURFACE ( (
 ( 1.000000000000000000, 0.8010312769107325037, 1.000000000000000000),
 ( 1.000000000000000000, 0.7904284171183507679, 1.000000000000000000),
 ( 1.000000000000000000, 0.7787273311061009284, 1.000000000000000000),
 ( 1.000000000000000000, 0.7599744569714117493, 1.000000000000000000),
 ( 1.000000000000000000, 0.7534935002969295192, 1.000000000000000000),
 ( 1.000000000000000000, 0.7405934011225666636, 1.000000000000000000),
 ( 1.000000000000000000, 0.7341305984890158509, 1.000000000000000000),
 ( 1.000000000000000000, 0.7244931289743035130, 1.000000000000000000),
 ( 1.000000000000000000, 0.7212901953867034699, 1.000000000000000000),
 ( 1.000000000000000000, 0.7149179464411113960, 1.000000000000000000),
 ( 1.000000000000000000, 0.7117366465737986481, 1.000000000000000000),
 ( 1.000000000000000000, 0.7023618310583181756, 1.000000000000000000),
 ( 1.000000000000000000, 0.6963622386719695578, 1.000000000000000000),
 ( 1.000000000000000000, 0.6849729425314156073, 1.000000000000000000),
 ( 1.000000000000000000, 0.6795800366605538878, 1.000000000000000000),
 ( 1.000000000000000000, 0.6720524030313538288, 1.000000000000000000),
 ( 1.000000000000000000, 0.6696269112087521735, 1.000000000000000000),
 ( 1.000000000000000000, 0.6650457603648544103, 1.000000000000000000),
 ( 1.000000000000000000, 0.6628899527412605019, 1.000000000000000000),
 ( 1.000000000000000000, 0.6568353443676694381, 1.000000000000000000),
 ( 1.000000000000000000, 0.6533489047750874468, 1.000000000000000000),
 ( 1.000000000000000000, 0.6489882919115345095, 1.000000000000000000),
 ( 1.000000000000000000, 0.6476797161503795586, 1.000000000000000000),
 ( 1.000000000000000000, 0.6453611936890755185, 1.000000000000000000),
 ( 1.000000000000000000, 0.6443518044527446476, 1.000000000000000000),
 ( 1.000000000000000000, 0.6418248011807951015, 1.000000000000000000),
 ( 1.000000000000000000, 0.6407847753411539671, 1.000000000000000000),
 ( 1.000000000000000000, 0.6400865693727695316, 1.000000000000000000),
 ( 1.000000000000000000, 0.6399975925691215872, 1.000000000000000000),
 ( 1.000000000000000000, 0.6400913772972934845, 1.000000000000000000),
 ( 1.000000000000000000, 0.6402756917621607036, 1.000000000000000000),
 ( 1.000000000000000000, 0.6418195742763339595, 1.000000000000000000),
 ( 1.000000000000000000, 0.6449784167544722058, 1.000000000000000000),
 ( 1.000000000000000000, 0.6533209991753191614, 1.000000000000000000),
 ( 1.000000000000000000, 0.6582901513713599329, 1.000000000000000000),
 ( 1.000000000000000000, 0.6633218683159037843, 1.000000000000000000) ) ) 
 REPRESENTATION_ITEM ( '' )  SURFACE ( )  );
#3278 = CARTESIAN_POINT ( 'NONE',  ( -212.7452211831946443, 37.71116886653275913, -397.0406135624436388 ) ) ;
#3279 = CIRCLE ( 'NONE', #4477, 3.000000000000002665 ) ;
#3280 = CARTESIAN_POINT ( 'NONE',  ( -72.18298477191741824, 24.71384524339818967, 233.8077933059983593 ) ) ;
#3281 = DIRECTION ( 'NONE',  ( 1.000000000000000000, 0.000000000000000000, 0.000000000000000000 ) ) ;
#3282 = CARTESIAN_POINT ( 'NONE',  ( 11.89401816021040936, 32.64462111839042535, -96.54324082030130683 ) ) ;
#3283 = CARTESIAN_POINT ( 'NONE',  ( -212.9346040571769549, 36.71599136807974162, -399.2649481083783485 ) ) ;
#3284 = ORIENTED_EDGE ( 'NONE', *, *, #3798, .T. ) ;
#3285 = CARTESIAN_POINT ( 'NONE',  ( -800.0000000000000000, 34.56192642125666481, 137.4357830831153535 ) ) ;
#3286 = CARTESIAN_POINT ( 'NONE',  ( -22.66631299071953975, 22.87256644870147682, -39.88853516736397609 ) ) ;
#3287 = CARTESIAN_POINT ( 'NONE',  ( -209.9960098211154218, 32.35555445388619233, -311.4183401721655287 ) ) ;
#3288 = CARTESIAN_POINT ( 'NONE',  ( 17.05389213309880603, 17.06628591475696766, -79.57143548051176651 ) ) ;
#3289 = CARTESIAN_POINT ( 'NONE',  ( -209.8291162233003604, 32.82082151995410868, -382.9807044808484875 ) ) ;
#3290 = CARTESIAN_POINT ( 'NONE',  ( 60.05947903739910032, 43.65873656434845884, 211.9251766273934550 ) ) ;
#3291 = CARTESIAN_POINT ( 'NONE',  ( 41.86747485939437041, 12.24650496983180048, 21.95769875760666068 ) ) ;
#3292 = CARTESIAN_POINT ( 'NONE',  ( -59.03163587004907953, -20.20102093431303558, 402.2845281192503535 ) ) ;
#3293 = CARTESIAN_POINT ( 'NONE',  ( -47.43639958915720456, 43.50398137573073143, 135.6097670928564298 ) ) ;
#3294 = CARTESIAN_POINT ( 'NONE',  ( 5.050673245201183998E-11, 0.000000000000000000, 498.0555349262137952 ) ) ;
#3295 = CARTESIAN_POINT ( 'NONE',  ( 70.68497618630124180, 25.92573942140997900, 235.6540069395285002 ) ) ;
#3296 = CARTESIAN_POINT ( 'NONE',  ( -40.43826853772173280, 37.23103588717186341, 94.69246656146995633 ) ) ;
#3297 = CARTESIAN_POINT ( 'NONE',  ( 13.92969614758186125, -5.638269733002031714, -124.9949820965277780 ) ) ;
#3298 = CARTESIAN_POINT ( 'NONE',  ( 225.0000000000000284, 29.07549471609711134, -397.0478871478313181 ) ) ;
#3299 = CARTESIAN_POINT ( 'NONE',  ( 225.0000000000000000, 20.48221937804673942, -370.4846542696692495 ) ) ;
#3300 = CARTESIAN_POINT ( 'NONE',  ( -25.01571217314512197, 15.17673527958033652, -56.98393030586565544 ) ) ;
#3301 = VECTOR ( 'NONE', #2270, 1000.000000000000000 ) ;
#3302 = CARTESIAN_POINT ( 'NONE',  ( -214.1838074301215613, 38.77248291661963719, -386.6633768895396202 ) ) ;
#3303 = ADVANCED_FACE ( 'NONE', ( #438, #3140 ), #1789, .T. ) ;
#3304 = CARTESIAN_POINT ( 'NONE',  ( 800.0000000000001137, 28.83302432184767383, 209.6851584081997260 ) ) ;
#3305 = CARTESIAN_POINT ( 'NONE',  ( -28.81568443685302583, -61.56446003559172198, 106.1228587318993277 ) ) ;
#3306 = CARTESIAN_POINT ( 'NONE',  ( 225.0000000000000853, 23.58309868890322036, -299.0020809786354334 ) ) ;
#3307 = CARTESIAN_POINT ( 'NONE',  ( 225.0000000000000284, 34.16900386833766845, -361.3805014781081013 ) ) ;
#3308 = CARTESIAN_POINT ( 'NONE',  ( -214.1762504634276354, 34.58876390123034383, -399.9331432923200964 ) ) ;
#3309 = CARTESIAN_POINT ( 'NONE',  ( -51.76989619384068675, 9.620465516545179341, 72.60620311018024609 ) ) ;
#3310 = CARTESIAN_POINT ( 'NONE',  ( -13.53091875125988430, 15.67985152356478729, -97.24160551374988870 ) ) ;
#3311 = CARTESIAN_POINT ( 'NONE',  ( -214.0731192719460694, 34.61837815005470986, -399.9478792557240467 ) ) ;
#3312 = VERTEX_POINT ( 'NONE', #1330 ) ;
#3313 = AXIS2_PLACEMENT_3D ( 'NONE', #4271, #5604, #5217 ) ;
#3314 = CARTESIAN_POINT ( 'NONE',  ( -960.0000000000000000, 9.975953893215660173, -25.30323156594819878 ) ) ;
#3315 = CARTESIAN_POINT ( 'NONE',  ( -83.60507419462297207, 25.38287983532783088, 233.8649073061749846 ) ) ;
#3316 = CARTESIAN_POINT ( 'NONE',  ( -212.2128245148231542, 34.15754882784590052, -304.9477959204880335 ) ) ;
#3317 = CARTESIAN_POINT ( 'NONE',  ( 72.56176898416016741, 21.99007502559532412, 245.1536173629297934 ) ) ;
#3318 = CARTESIAN_POINT ( 'NONE',  ( 82.71149921952238060, 24.78561520884116476, 233.2465426585322632 ) ) ;
#3319 = CARTESIAN_POINT ( 'NONE',  ( -221.8311102437766635, 40.92254512798366761, -338.2964904099960108 ) ) ;
#3320 = CARTESIAN_POINT ( 'NONE',  ( 47.49617338295929869, 26.98167683765764835, 5.428858661154762899 ) ) ;
#3321 = CARTESIAN_POINT ( 'NONE',  ( -64.50941066500305965, -4.268615899698224858, 402.2845281192510356 ) ) ;
#3322 = CARTESIAN_POINT ( 'NONE',  ( -36.54147235071654620, 23.30109707076059422, -0.9684154520975202241 ) ) ;
#3323 = CARTESIAN_POINT ( 'NONE',  ( 41.69985731813349616, -1.173654730638936661, 466.7211743237411383 ) ) ;
#3324 = EDGE_CURVE ( 'NONE', #3432, #5447, #3592, .T. ) ;
#3325 = CARTESIAN_POINT ( 'NONE',  ( 69.17570695495103905, 32.60978425223955668, 241.0830032697734850 ) ) ;
#3326 = CARTESIAN_POINT ( 'NONE',  ( -49.59127575567350021, 45.05342297039227617, 169.0568027604325891 ) ) ;
#3327 = CARTESIAN_POINT ( 'NONE',  ( 64.29916058591571471, 12.07763806353065839, 402.2845281192505809 ) ) ;
#3328 = CARTESIAN_POINT ( 'NONE',  ( 0.000000000000000000, 193.8080463568161633, -496.7725349299225854 ) ) ;
#3329 = CARTESIAN_POINT ( 'NONE',  ( 225.0000000000000284, 18.17447545816623133, -356.7727648856565565 ) ) ;
#3330 = CARTESIAN_POINT ( 'NONE',  ( -15.23101760914636138, 42.65609016761895589, 438.0555349262139089 ) ) ;
#3331 = CARTESIAN_POINT ( 'NONE',  ( -215.6401903391151507, 37.98366232754676020, -394.9964812402646999 ) ) ;
#3332 = CARTESIAN_POINT ( 'NONE',  ( -211.0799359238021964, 31.85141700131836373, -392.4528524250566193 ) ) ;
#3333 = CARTESIAN_POINT ( 'NONE',  ( -8.248494423762576133, -12.55834956067749530, -124.9949820965277638 ) ) ;
#3334 = CARTESIAN_POINT ( 'NONE',  ( 225.0000000000001137, 24.27907431188046061, -298.1269640433882273 ) ) ;
#3335 = CARTESIAN_POINT ( 'NONE',  ( 225.0000000000000284, 33.05735967288117649, -368.1370515396019982 ) ) ;
#3336 = DIRECTION ( 'NONE',  ( -0.000000000000000000, -0.000000000000000000, -1.000000000000000000 ) ) ;
#3337 = CARTESIAN_POINT ( 'NONE',  ( -213.3452515125554498, 35.91432708316190059, -399.9005296990778788 ) ) ;
#3338 = CARTESIAN_POINT ( 'NONE',  ( -56.96644639114257558, 17.53780413758553181, 118.1448469394600664 ) ) ;
#3339 = CARTESIAN_POINT ( 'NONE',  ( -217.9666079692250662, 40.68178650542825636, -356.0342400047956062 ) ) ;
#3340 = CARTESIAN_POINT ( 'NONE',  ( -16.77729017867580907, 15.65206647113775240, -86.57752838840056597 ) ) ;
#3341 = CARTESIAN_POINT ( 'NONE',  ( -214.2752732216916627, 34.64174311521022531, -399.9256174221060292 ) ) ;
#3342 = ORIENTED_EDGE ( 'NONE', *, *, #2298, .T. ) ;
#3343 = CARTESIAN_POINT ( 'NONE',  ( 3.388131789017200393E-19, 45.80324464890299652, 163.4210415695824281 ) ) ;
#3344 = CARTESIAN_POINT ( 'NONE',  ( -73.88668861780136865, 14.51284325968025080, 238.7053935294956375 ) ) ;
#3345 = CARTESIAN_POINT ( 'NONE',  ( -212.4177120411540898, 34.46394366283455923, -304.5541425080842828 ) ) ;
#3346 = CARTESIAN_POINT ( 'NONE',  ( 11.95358255451760243, 14.16091555614730169, -115.6072559639406592 ) ) ;
#3347 = CARTESIAN_POINT ( 'NONE',  ( 82.78332930425099789, 25.07430487766559679, 233.6250324181561098 ) ) ;
#3348 = CARTESIAN_POINT ( 'NONE',  ( 55.00005346955380503, -7.259509264339811252E-09, 438.0555349262137383 ) ) ;
#3349 = CARTESIAN_POINT ( 'NONE',  ( 41.72728969618513872, 12.27421043047788451, 21.26706229142619975 ) ) ;
#3350 = CARTESIAN_POINT ( 'NONE',  ( -64.79923543381977424, 6.959575343233272982, 402.2845281192509788 ) ) ;
#3351 = CARTESIAN_POINT ( 'NONE',  ( 960.0000000000000000, 10.08791379671917809, -23.94382870052243106 ) ) ;
#3352 = CARTESIAN_POINT ( 'NONE',  ( -32.65771979043670825, 21.54997309606526201, -22.80843832752555045 ) ) ;
#3353 = CARTESIAN_POINT ( 'NONE',  ( 75.61709224541473873, 31.60431682225431516, 227.1020664057401746 ) ) ;
#3354 = CARTESIAN_POINT ( 'NONE',  ( -36.21421212398514200, 33.05425738190765372, 56.58229475262216113 ) ) ;
#3355 = CARTESIAN_POINT ( 'NONE',  ( 13.30470557469336157, -6.985870155602159848, -124.9949820965277780 ) ) ;
#3356 = CARTESIAN_POINT ( 'NONE',  ( 65.12328610600026479, 16.45641786466375578, 176.7785978884587905 ) ) ;
#3357 = CARTESIAN_POINT ( 'NONE',  ( 225.0000000000000000, 20.45972217960678208, -370.3417737619087120 ) ) ;
#3358 = CARTESIAN_POINT ( 'NONE',  ( 26.66914226006775834, 38.83847209183364413, 438.0555349262137383 ) ) ;
#3359 = CARTESIAN_POINT ( 'NONE',  ( -212.9878862901104810, 37.91652751312689418, -395.6138867729065396 ) ) ;
#3360 = CARTESIAN_POINT ( 'NONE',  ( -210.5970451941564079, 30.48184703639839910, -382.3969166168006382 ) ) ;
#3361 = CARTESIAN_POINT ( 'NONE',  ( -8.667907653207537422, -32.08442323447781774, -46.53904117984438216 ) ) ;
#3362 = CARTESIAN_POINT ( 'NONE',  ( 225.0000000000000284, 22.10495296061468196, -301.5299128691154920 ) ) ;
#3363 = CARTESIAN_POINT ( 'NONE',  ( 225.0000000000000000, 35.32707702997181798, -354.9737978437154311 ) ) ;
#3364 = SURFACE_SIDE_STYLE ('',( #349 ) ) ;
#3365 = CARTESIAN_POINT ( 'NONE',  ( -214.2739718018118538, 34.63233400176375198, -399.9248154874593979 ) ) ;
#3366 = B_SPLINE_CURVE_WITH_KNOTS ( 'NONE', 3,
 ( #5637, #823, #798, #2091, #391, #4706, #2144 ),
 .UNSPECIFIED., .F., .F.,
 ( 4, 1, 1, 1, 4 ),
 ( 0.5997999999999786835, 0.6214115940167712626, 0.8264192821405754730, 1.000000000000000000, 1.099799999999979017 ),
 .UNSPECIFIED. ) ;
#3367 = CARTESIAN_POINT ( 'NONE',  ( -55.81500054879013817, 18.08675277510401358, 110.7724096049763887 ) ) ;
#3368 = CARTESIAN_POINT ( 'NONE',  ( 225.0000000000000853, 24.25295171679230677, -391.7271366743358953 ) ) ;
#3369 = CARTESIAN_POINT ( 'NONE',  ( -213.1161251897962359, 34.28459773859517412, -399.0078793007576792 ) ) ;
#3370 = VERTEX_POINT ( 'NONE', #3081 ) ;
#3371 = LINE ( 'NONE', #5130, #4141 ) ;
#3372 = CARTESIAN_POINT ( 'NONE',  ( -214.2594380640252893, 36.76731139532085280, -305.0064329954019513 ) ) ;
#3373 = CARTESIAN_POINT ( 'NONE',  ( 15.42924633037629789, 15.18306453849403326, -102.6790987168241287 ) ) ;
#3374 = CARTESIAN_POINT ( 'NONE',  ( 37.65126480469366044, 50.81110080213249347, 402.2845281192506945 ) ) ;
#3375 = EDGE_CURVE ( 'NONE', #2789, #2050, #1443, .T. ) ;
#3376 = DIRECTION ( 'NONE',  ( 1.000000000000000000, 0.000000000000000000, 0.000000000000000000 ) ) ;
#3377 = CARTESIAN_POINT ( 'NONE',  ( 15.64792290303971001, 15.80559852576975111, -88.19121522818628023 ) ) ;
#3378 = CARTESIAN_POINT ( 'NONE',  ( -64.98770948585281815, 1.334019515222229835, 402.2845281192498419 ) ) ;
#3379 = CARTESIAN_POINT ( 'NONE',  ( -1.694065894508600678E-18, 37.11810816137889191, 216.5449174620515578 ) ) ;
#3380 = CARTESIAN_POINT ( 'NONE',  ( 0.000000000000000000, 16.88540097720654742, 197.7553633256276555 ) ) ;
#3381 = CARTESIAN_POINT ( 'NONE',  ( 57.59578451240771102, 42.37664209138161198, 193.0536835589232965 ) ) ;
#3382 = CARTESIAN_POINT ( 'NONE',  ( -39.27448449054946167, 45.03235325839239778, 124.5760847580714739 ) ) ;
#3383 = CARTESIAN_POINT ( 'NONE',  ( 53.45918200954794486, -42.14393227831530453, 106.1228587319000098 ) ) ;
#3384 = DIRECTION ( 'NONE',  ( -1.000000000000000000, 0.000000000000000000, 0.000000000000000000 ) ) ;
#3385 = CARTESIAN_POINT ( 'NONE',  ( 225.0000000000000568, 20.29312092829260905, -369.2856727421037704 ) ) ;
#3386 = CARTESIAN_POINT ( 'NONE',  ( 32.42388509162115895, 54.29911062347574813, 402.2845281192504672 ) ) ;
#3387 = CARTESIAN_POINT ( 'NONE',  ( -216.2646915494734969, 39.96689333965856150, -368.4748800082261937 ) ) ;
#3388 = CARTESIAN_POINT ( 'NONE',  ( -8.571050533650000247, 15.48443610629039213, -111.8974205719274835 ) ) ;
#3389 = CARTESIAN_POINT ( 'NONE',  ( -11.36314499104307885, -67.68332858348566106, 106.1228587319000667 ) ) ;
#3390 = CARTESIAN_POINT ( 'NONE',  ( 224.9999999999999716, 37.96924651751040614, -336.3177309804418655 ) ) ;
#3391 = CARTESIAN_POINT ( 'NONE',  ( 225.0000000000000568, 18.53476520898977142, -311.4059198223433782 ) ) ;
#3392 = CARTESIAN_POINT ( 'NONE',  ( 225.0000000000000284, 34.05796204082339784, -362.0268505714214484 ) ) ;
#3393 = AXIS2_PLACEMENT_3D ( 'NONE', #5625, #2616, #1731 ) ;
#3394 = CARTESIAN_POINT ( 'NONE',  ( 8.184052354286819764, 15.60975694773938116, -112.2335605346954281 ) ) ;
#3395 = CARTESIAN_POINT ( 'NONE',  ( -212.0456420197060652, 35.25319019436759049, -399.5110771445419573 ) ) ;
#3396 = EDGE_CURVE ( 'NONE', #4457, #4610, #1102, .T. ) ;
#3397 = CARTESIAN_POINT ( 'NONE',  ( -217.6999498323059186, 40.58574584567291765, -357.7933178775891747 ) ) ;
#3398 = ORIENTED_EDGE ( 'NONE', *, *, #4074, .F. ) ;
#3399 = CARTESIAN_POINT ( 'NONE',  ( -13.98033171436982514, 18.63967510544178552, -84.51922868075909889 ) ) ;
#3400 = CARTESIAN_POINT ( 'NONE',  ( 50.28807747938790840, 25.50156662222364190, 26.80390363605437187 ) ) ;
#3401 = CARTESIAN_POINT ( 'NONE',  ( 82.33110116490703945, 25.92279091767318988, 234.1449222978345119 ) ) ;
#3402 = AXIS2_PLACEMENT_3D ( 'NONE', #3823, #5587, #4140 ) ;
#3403 = CARTESIAN_POINT ( 'NONE',  ( 7.228909331235540137, 15.41599819196704502, -115.2073734804086200 ) ) ;
#3404 = CARTESIAN_POINT ( 'NONE',  ( -94.21952993915174090, 25.82911545138364673, 294.0012731391514080 ) ) ;
#3405 = CARTESIAN_POINT ( 'NONE',  ( -800.0000000000000000, 28.34244247031788788, 97.73208133257907093 ) ) ;
#3406 = CIRCLE ( 'NONE', #4142, 14.99999999999998579 ) ;
#3407 = CARTESIAN_POINT ( 'NONE',  ( -225.0000000000505338, 26.26107159832745452, 147.0000000000000284 ) ) ;
#3408 = CARTESIAN_POINT ( 'NONE',  ( -211.4793174913490361, 32.71418728405556919, -397.3825220252496706 ) ) ;
#3409 = CARTESIAN_POINT ( 'NONE',  ( 37.33034918463422258, 28.69007381172544413, 48.84924227000570340 ) ) ;
#3410 = CARTESIAN_POINT ( 'NONE',  ( -25.14159090919220674, 20.07569179811131477, -41.82775420019135737 ) ) ;
#3411 = CARTESIAN_POINT ( 'NONE',  ( 48.67052148925139221, -46.66959812603431601, 106.1228587318996119 ) ) ;
#3412 = CARTESIAN_POINT ( 'NONE',  ( 0.000000000000000000, 23.59361007357745876, 232.9596657389213021 ) ) ;
#3413 = PLANE ( 'NONE',  #2575 ) ;
#3414 = CARTESIAN_POINT ( 'NONE',  ( 67.47250797352978680, -9.915743192919370230, 106.1228587318999388 ) ) ;
#3415 = CARTESIAN_POINT ( 'NONE',  ( -215.8902306838823790, 38.17901073644688381, -392.9853727822291489 ) ) ;
#3416 = CARTESIAN_POINT ( 'NONE',  ( -66.00493257024103855, 8.968469443998955626, 106.1228587318997540 ) ) ;
#3417 = CARTESIAN_POINT ( 'NONE',  ( 11.69846941678170715, -9.427420207762189364, -124.9949820965277780 ) ) ;
#3418 = CARTESIAN_POINT ( 'NONE',  ( 225.0000000000000284, 37.90755573662887912, -329.8603314270553142 ) ) ;
#3419 = CARTESIAN_POINT ( 'NONE',  ( 225.0000000000000284, 16.16990496091422713, -345.5642609452299894 ) ) ;
#3420 = CARTESIAN_POINT ( 'NONE',  ( 225.0000000000000853, 35.00352326797297309, -356.7209216395916087 ) ) ;
#3421 = CARTESIAN_POINT ( 'NONE',  ( 0.000000000000000000, 0.000000000000000000, -144.9949820965277922 ) ) ;
#3422 = PLANE ( 'NONE',  #1119 ) ;
#3423 = CARTESIAN_POINT ( 'NONE',  ( 225.0000000000000284, 23.48997027975774543, -388.2928155674788968 ) ) ;
#3424 = ORIENTED_EDGE ( 'NONE', *, *, #253, .T. ) ;
#3425 = B_SPLINE_CURVE_WITH_KNOTS ( 'NONE', 3,
 ( #1040, #5003, #4803, #3653, #578, #5409, #1302, #2618 ),
 .UNSPECIFIED., .F., .F.,
 ( 4, 2, 2, 4 ),
 ( 0.000000000000000000, 0.03071882530949909471, 0.08296901236342059394, 0.1120686106877419319 ),
 .UNSPECIFIED. ) ;
#3426 = CARTESIAN_POINT ( 'NONE',  ( -210.0129108625608012, 25.62719172508092313, -345.9238537381629612 ) ) ;
#3427 = CARTESIAN_POINT ( 'NONE',  ( 0.000000000000000000, 186.1377420663622502, -401.7409759026240295 ) ) ;
#3428 = CARTESIAN_POINT ( 'NONE',  ( 22.56714779912893221, 32.62398769269071863, -89.48173870586502687 ) ) ;
#3429 = CARTESIAN_POINT ( 'NONE',  ( -32.54000389813437266, -1.307841133336863360, -46.53904117984412636 ) ) ;
#3430 = CARTESIAN_POINT ( 'NONE',  ( 960.0000000000000000, 34.06532568441956244, 163.4012399110793297 ) ) ;
#3431 = CARTESIAN_POINT ( 'NONE',  ( -960.0000000000000000, 27.00370848741984631, 144.8299756871608395 ) ) ;
#3432 = VERTEX_POINT ( 'NONE', #987 ) ;
#3433 = CARTESIAN_POINT ( 'NONE',  ( -43.68249930676279291, -37.93827324920633970, 402.2845281192504672 ) ) ;
#3434 = CARTESIAN_POINT ( 'NONE',  ( -209.5513413210565545, 31.86141124314708506, -376.3594766447779989 ) ) ;
#3435 = CARTESIAN_POINT ( 'NONE',  ( 46.53139626387041261, 42.05786361267777806, 123.8842599930771229 ) ) ;
#3436 = AXIS2_PLACEMENT_3D ( 'NONE', #3007, #2495, #3493 ) ;
#3437 = CARTESIAN_POINT ( 'NONE',  ( -21.80025870628502815, 17.26502767341569466, -76.45183880318100478 ) ) ;
#3438 = B_SPLINE_CURVE_WITH_KNOTS ( 'NONE', 3,
 ( #3828, #5501, #2968, #1530, #757, #4231, #670, #4260, #3395, #2415, #1191, #324, #1220, #4717, #2910, #1133, #5125, #2046, #2074, #3800, #4663, #784, #1644, #3308, #1557, #5156, #5593, #1618, #3365, #5562, #4173, #4201, #2532, #1101, #235, #2938, #4286, #3337, #1986, #4690, #1959, #727, #2505, #3712, #266, #2015, #5470, #3278, #5065, #3769 ),
 .UNSPECIFIED., .F., .F.,
 ( 4, 2, 2, 2, 2, 2, 2, 2, 2, 2, 2, 2, 2, 2, 2, 2, 2, 2, 2, 2, 2, 2, 2, 2, 4 ),
 ( 0.000000000000000000, 0.001435820365547070890, 0.002153730548320606335, 0.002871640731094141780, 0.003589550913867676791, 0.003948506005254411554, 0.004307461096641145015, 0.004666416188027879344, 0.005025371279414612806, 0.005384326370801347135, 0.005563803916494684809, 0.005653542689341326324, 0.005743281462187966105, 0.005788150848611327629, 0.005833020235034688285, 0.005922759007881380107, 0.006102236553574748139, 0.006461191644961497213, 0.007179101827734981484, 0.007897012010508467489, 0.008614922193281951759, 0.009332832376055436030, 0.01005074255882891857, 0.01076865274160240457, 0.01148656292437588884 ),
 .UNSPECIFIED. ) ;
#3439 = CARTESIAN_POINT ( 'NONE',  ( 13.76761044330377359, 6.010411309879808428, -124.9949820965277070 ) ) ;
#3440 = CARTESIAN_POINT ( 'NONE',  ( 213.0000000000505338, 26.26107159832745452, 147.0000000000000284 ) ) ;
#3441 = CARTESIAN_POINT ( 'NONE',  ( 225.0000000000000853, 23.15138851785000185, -386.5674278445693517 ) ) ;
#3442 = CARTESIAN_POINT ( 'NONE',  ( 21.13616785754812355, 59.66908141524381648, 402.2845281192508082 ) ) ;
#3443 = CARTESIAN_POINT ( 'NONE',  ( 10.32724240893973366, 17.03736177640784888, -100.7297157132835963 ) ) ;
#3444 = EDGE_CURVE ( 'NONE', #3254, #2698, #140, .T. ) ;
#3445 = CARTESIAN_POINT ( 'NONE',  ( 13.38400176541750142, -65.69189274973813042, 106.1228587318996119 ) ) ;
#3446 = CARTESIAN_POINT ( 'NONE',  ( 225.0000000000000000, 37.88192127826271616, -329.4631093264806623 ) ) ;
#3447 = CARTESIAN_POINT ( 'NONE',  ( 225.0000000000000568, 15.48920193811976098, -340.3499970396015328 ) ) ;
#3448 = CARTESIAN_POINT ( 'NONE',  ( 225.0000000000000568, 36.74535873665220720, -347.1314717663676674 ) ) ;
#3449 = CARTESIAN_POINT ( 'NONE',  ( 60.95330611596433101, 6.125046053007753954, 141.0578568595583704 ) ) ;
#3450 = LINE ( 'NONE', #1190, #2190 ) ;
#3451 = CARTESIAN_POINT ( 'NONE',  ( 13.29401745142746627, 15.82077460009086245, -96.56651023661898137 ) ) ;
#3452 = CARTESIAN_POINT ( 'NONE',  ( -214.0485091487090870, 38.68122532213057951, -387.7934335316918464 ) ) ;
#3453 = ORIENTED_EDGE ( 'NONE', *, *, #515, .T. ) ;
#3454 = CARTESIAN_POINT ( 'NONE',  ( 34.20951042988296109, 22.35304425909687964, -12.82666571953547852 ) ) ;
#3455 = CARTESIAN_POINT ( 'NONE',  ( -83.35522841489364509, 24.45082974220749250, 232.1858658602018579 ) ) ;
#3456 = CARTESIAN_POINT ( 'NONE',  ( 14.46932071600743086, 33.85472425369008675, -110.7039181277522175 ) ) ;
#3457 = CARTESIAN_POINT ( 'NONE',  ( -27.67540613007555450, -47.38516621823831798, 402.2845281192503535 ) ) ;
#3458 = CARTESIAN_POINT ( 'NONE',  ( 225.0000000000505338, 26.26107159832745452, 150.0000000000000000 ) ) ;
#3459 = CARTESIAN_POINT ( 'NONE',  ( -53.21212117728269675, 25.59584813136600090, 28.00383379861956001 ) ) ;
#3460 = VERTEX_POINT ( 'NONE', #1446 ) ;
#3461 = CARTESIAN_POINT ( 'NONE',  ( -64.98770948585281815, 1.334019515222229835, 402.2845281192498419 ) ) ;
#3462 = CARTESIAN_POINT ( 'NONE',  ( -212.2187206720720098, 32.95057273590691693, -398.7750013099492321 ) ) ;
#3463 = CARTESIAN_POINT ( 'NONE',  ( 39.76334717626180293, 44.94890549215215003, 124.3294011295683532 ) ) ;
#3464 = CARTESIAN_POINT ( 'NONE',  ( -35.67462599009390800, 25.09869768423104119, 20.72984951931770681 ) ) ;
#3465 = CARTESIAN_POINT ( 'NONE',  ( 14.91856353541688129, 1.803894204243336796, -124.9949820965278207 ) ) ;
#3466 = DIRECTION ( 'NONE',  ( -1.000000000000000000, 0.000000000000000000, 0.000000000000000000 ) ) ;
#3467 = CARTESIAN_POINT ( 'NONE',  ( 225.0000000000000284, 21.51223486840830290, -377.0061549947769777 ) ) ;
#3468 = CARTESIAN_POINT ( 'NONE',  ( 13.94781312970093445, 27.86272509555573862, -46.53904117984426136 ) ) ;
#3469 = CARTESIAN_POINT ( 'NONE',  ( 82.77419458369647032, 25.12858224503533933, 233.6736943256589711 ) ) ;
#3470 = CARTESIAN_POINT ( 'NONE',  ( 54.72912547049698162, -5.057479445899842219, 438.0555349262137383 ) ) ;
#3471 = CARTESIAN_POINT ( 'NONE',  ( -13.12491144090444806, -7.304587564909581943, -124.9949820965277922 ) ) ;
#3472 = CARTESIAN_POINT ( 'NONE',  ( 225.0000000000000568, 36.75824422247716683, -320.6597686113688610 ) ) ;
#3473 = CARTESIAN_POINT ( 'NONE',  ( 225.0000000000000284, 15.43244458085984760, -339.7554938560222126 ) ) ;
#3474 = CARTESIAN_POINT ( 'NONE',  ( 225.0000000000000568, 35.94179480446771180, -351.6652637234437293 ) ) ;
#3475 = CARTESIAN_POINT ( 'NONE',  ( -800.0000000000000000, 30.28295403523112128, 108.1075680196327227 ) ) ;
#3476 = EDGE_CURVE ( 'NONE', #4452, #3690, #3406, .T. ) ;
#3477 = CARTESIAN_POINT ( 'NONE',  ( -214.1675046739067909, 36.66991790589071343, -304.8625879068926565 ) ) ;
#3478 = CARTESIAN_POINT ( 'NONE',  ( 0.000000000000000000, 0.000000000000000000, -144.9949820965277922 ) ) ;
#3479 = CARTESIAN_POINT ( 'NONE',  ( 225.0000000000000568, 29.68805257788233831, -388.2456074229625642 ) ) ;
#3480 = ORIENTED_EDGE ( 'NONE', *, *, #5121, .F. ) ;
#3481 = DIRECTION ( 'NONE',  ( 1.000000000000000000, 0.000000000000000000, 0.000000000000000000 ) ) ;
#3482 = CARTESIAN_POINT ( 'NONE',  ( 1.497851850055981648, 31.93615907825300582, -82.62133952017073568 ) ) ;
#3483 = CARTESIAN_POINT ( 'NONE',  ( -56.45463227188150768, -33.26229295470870539, 106.1228587318994983 ) ) ;
#3484 = CARTESIAN_POINT ( 'NONE',  ( 55.96794660378463249, 7.525841320715437988, 101.5480698646379523 ) ) ;
#3485 = CARTESIAN_POINT ( 'NONE',  ( 0.000000000000000000, 19.22802787474439512, 215.4402675056940666 ) ) ;
#3486 = ORIENTED_EDGE ( 'NONE', *, *, #2077, .F. ) ;
#3487 = CARTESIAN_POINT ( 'NONE',  ( -61.50106835044802978, -15.08351543392469729, 402.2845281192509219 ) ) ;
#3488 = CARTESIAN_POINT ( 'NONE',  ( -211.8613930564692396, 32.89085368414735910, -398.2871630026033358 ) ) ;
#3489 = CARTESIAN_POINT ( 'NONE',  ( 46.19798925983221949, 48.58128028599384862, 161.8842067104336309 ) ) ;
#3490 = CIRCLE ( 'NONE', #1385, 14.99999999999998579 ) ;
#3491 = CARTESIAN_POINT ( 'NONE',  ( -36.06372948905355713, 25.33725040536840822, 23.45648459111428608 ) ) ;
#3492 = CARTESIAN_POINT ( 'NONE',  ( 35.94221902083824460, 52.02334749050522333, 402.2845281192506945 ) ) ;
#3493 = DIRECTION ( 'NONE',  ( 1.000000000000000000, 0.000000000000000000, 0.000000000000000000 ) ) ;
#3494 = CARTESIAN_POINT ( 'NONE',  ( 225.0000000000000000, 22.73014698878766993, -384.2785313852088507 ) ) ;
#3495 = ADVANCED_FACE ( 'NONE', ( #1532 ), #466, .T. ) ;
#3496 = CARTESIAN_POINT ( 'NONE',  ( 32.93741239582974600, 52.28070269870176645, 106.1228587318997540 ) ) ;
#3497 = TOROIDAL_SURFACE ( 'NONE', #2759, 11.99999999999999645, 3.000000000000000000 ) ;
#3498 = CARTESIAN_POINT ( 'NONE',  ( 73.03376069345274857, 15.77499473775005967, 240.7651263799126582 ) ) ;
#3499 = CARTESIAN_POINT ( 'NONE',  ( 54.90572355635882218, 3.625232539740419924, 438.0555349262137383 ) ) ;
#3500 = CARTESIAN_POINT ( 'NONE',  ( -62.27043650819733500, -21.51573578177627155, 106.1228587318996546 ) ) ;
#3501 = CARTESIAN_POINT ( 'NONE',  ( 225.0000000000000284, 37.65995366908655484, -326.8718329200233939 ) ) ;
#3502 = CARTESIAN_POINT ( 'NONE',  ( 225.0000000000000853, 15.17094727742603943, -331.8638201330045945 ) ) ;
#3503 = CARTESIAN_POINT ( 'NONE',  ( 225.0000000000000284, 35.63101325625014937, -353.3415680082449626 ) ) ;
#3504 = FILL_AREA_STYLE ('',( #4909 ) ) ;
#3505 = EDGE_LOOP ( 'NONE', ( #861, #2642 ) ) ;
#3506 = CARTESIAN_POINT ( 'NONE',  ( -217.5528755096127043, 39.28692734259403352, -310.5382178309423580 ) ) ;
#3507 = DIRECTION ( 'NONE',  ( 0.000000000000000000, 0.000000000000000000, 1.000000000000000000 ) ) ;
#3508 = CARTESIAN_POINT ( 'NONE',  ( 41.91647346611196667, 12.23747623130286044, 22.19180305356182004 ) ) ;
#3509 = CARTESIAN_POINT ( 'NONE',  ( 225.0000000000000853, 30.19476833201690269, -385.6205024780674080 ) ) ;
#3510 = ORIENTED_EDGE ( 'NONE', *, *, #4098, .F. ) ;
#3511 = CARTESIAN_POINT ( 'NONE',  ( 47.02507473787839132, 25.08645104306640405, 22.17837626769089709 ) ) ;
#3512 = CARTESIAN_POINT ( 'NONE',  ( 0.000000000000000000, 182.4742510694331088, -414.3975106221485589 ) ) ;
#3513 = CARTESIAN_POINT ( 'NONE',  ( -10.37375751385275890, -79.54429786563649429, 294.0012731391496459 ) ) ;
#3514 = CARTESIAN_POINT ( 'NONE',  ( -569.0256067607598425, 27.86417128416960765, 220.2815608791412956 ) ) ;
#3515 = CARTESIAN_POINT ( 'NONE',  ( -213.9981127094815747, 36.26451089532682204, -398.1631254200289050 ) ) ;
#3516 = CARTESIAN_POINT ( 'NONE',  ( -55.97269157194588729, -25.07760643865521999, 402.2845281192506945 ) ) ;
#3517 = CARTESIAN_POINT ( 'NONE',  ( -209.2189977811829067, 27.06459605125097667, -342.9109540782649788 ) ) ;
#3518 = CARTESIAN_POINT ( 'NONE',  ( 45.65623481720763976, 40.97594091669643745, 116.4748243738990254 ) ) ;
#3519 = CARTESIAN_POINT ( 'NONE',  ( -213.6773528119501009, 37.74557678153303186, -306.1471504414540732 ) ) ;
#3520 = CARTESIAN_POINT ( 'NONE',  ( -35.63926436926409025, 25.07975103370011283, 20.49347984469813966 ) ) ;
#3521 = MANIFOLD_SOLID_BREP ( 'Boss-Extrude3', #1212 ) ;
#3522 = CARTESIAN_POINT ( 'NONE',  ( 57.64614693672180579, 17.32502697271822001, 121.8013480235722312 ) ) ;
#3523 = FACE_OUTER_BOUND ( 'NONE', #4086, .T. ) ;
#3524 = CARTESIAN_POINT ( 'NONE',  ( 45.40353770619254448, 40.61737176455897469, 114.1422828512883711 ) ) ;
#3525 = CARTESIAN_POINT ( 'NONE',  ( 225.0000000000000284, 21.97208149418205636, -379.8412323361698100 ) ) ;
#3526 = CARTESIAN_POINT ( 'NONE',  ( 43.07925639612175672, 42.78146253862836090, 106.1228587318994840 ) ) ;
#3527 = CARTESIAN_POINT ( 'NONE',  ( 8.332921925059796564, 15.86428404250396440, -110.8000150814782785 ) ) ;
#3528 = CARTESIAN_POINT ( 'NONE',  ( 51.19332024895597755, 16.39201268681097190, 438.0555349262135110 ) ) ;
#3529 = CARTESIAN_POINT ( 'NONE',  ( 15.23213113099759575, -42.65626692258436492, 438.0555349262137383 ) ) ;
#3530 = CARTESIAN_POINT ( 'NONE',  ( 225.0000000000000568, 34.89233162505984609, -312.3574895378621363 ) ) ;
#3531 = CARTESIAN_POINT ( 'NONE',  ( 225.0000000000000284, 15.60625938217743425, -341.4350595583392192 ) ) ;
#3532 = CARTESIAN_POINT ( 'NONE',  ( 225.0000000000000853, 36.48641414174687014, -348.6451070123021054 ) ) ;
#3533 = SURFACE_STYLE_USAGE ( .BOTH. , #4392 ) ;
#3534 = ORIENTED_EDGE ( 'NONE', *, *, #420, .F. ) ;
#3535 = CARTESIAN_POINT ( 'NONE',  ( -212.8982355401795985, 36.91294202430164262, -304.9487065502609653 ) ) ;
#3536 = CARTESIAN_POINT ( 'NONE',  ( 39.61306842292488994, 12.68586092108935759, 10.89624628519240090 ) ) ;
#3537 = CARTESIAN_POINT ( 'NONE',  ( 225.0000000000000284, 28.33106568796552693, -393.8519797361535097 ) ) ;
#3538 = ORIENTED_EDGE ( 'NONE', *, *, #841, .T. ) ;
#3539 = CARTESIAN_POINT ( 'NONE',  ( 0.000000000000000000, 193.5024287378365386, -391.2323703253226199 ) ) ;
#3540 = CARTESIAN_POINT ( 'NONE',  ( 225.0000000000000284, 31.22123587942472867, -301.8526497363365593 ) ) ;
#3541 = CARTESIAN_POINT ( 'NONE',  ( -11.57726057783391838, -43.39286907655762349, 438.0555349262136815 ) ) ;
#3542 = CARTESIAN_POINT ( 'NONE',  ( -476.6110629437405919, 27.47507861048730149, 223.9570303807152811 ) ) ;
#3543 = CARTESIAN_POINT ( 'NONE',  ( -29.87317378233546350, 14.68358172028363384, -37.75931860665502171 ) ) ;
#3544 = CARTESIAN_POINT ( 'NONE',  ( 76.42549482421708262, 17.19908991512639318, 186.0804171427565166 ) ) ;
#3545 = CARTESIAN_POINT ( 'NONE',  ( -8.527530680467942048, 12.36321190042572837, -124.9949820965277354 ) ) ;
#3546 = CARTESIAN_POINT ( 'NONE',  ( -209.2865467261852928, 28.36840598743402708, -327.9627985115021716 ) ) ;
#3547 = ADVANCED_FACE ( 'NONE', ( #4059 ), #121, .T. ) ;
#3548 = CARTESIAN_POINT ( 'NONE',  ( 38.24618689230532453, 24.88142997568428427, 18.47353288675707006 ) ) ;
#3549 = CARTESIAN_POINT ( 'NONE',  ( -14.75472422981529341, 2.709062649790257460, -124.9949820965277496 ) ) ;
#3550 = CARTESIAN_POINT ( 'NONE',  ( -210.0110550973428190, 27.01380827834990228, -326.2251923615068563 ) ) ;
#3551 = CARTESIAN_POINT ( 'NONE',  ( 56.80402768191137852, 23.80866673261378352, 50.05915838057961054 ) ) ;
#3552 = CARTESIAN_POINT ( 'NONE',  ( 29.17395571622373396, 10.75809379805179056, -46.53904117984432531 ) ) ;
#3553 = CARTESIAN_POINT ( 'NONE',  ( 42.02585559910657054, 29.59002299900905442, 54.54912222846292025 ) ) ;
#3554 = CARTESIAN_POINT ( 'NONE',  ( 20.85958685597148232, 0.000000000000000000, 498.0555349261633182 ) ) ;
#3555 = CARTESIAN_POINT ( 'NONE',  ( -3.862614382186477346, 31.39139333090195549, -46.53904117984415478 ) ) ;
#3556 = CARTESIAN_POINT ( 'NONE',  ( 32.00612810039112333, 28.87436755340067407, 26.01732532820139099 ) ) ;
#3557 = DIRECTION ( 'NONE',  ( -1.000000000000000000, 0.000000000000000000, 0.000000000000000000 ) ) ;
#3558 = CARTESIAN_POINT ( 'NONE',  ( -53.43348662967104445, -62.39438736513052675, 294.0012731391503280 ) ) ;
#3559 = CARTESIAN_POINT ( 'NONE',  ( -215.3060074814070219, 36.76927171653976245, -398.9415343524541981 ) ) ;
#3560 = CARTESIAN_POINT ( 'NONE',  ( 225.0000000000000853, 17.38842856893448996, -352.5398519352060021 ) ) ;
#3561 = CARTESIAN_POINT ( 'NONE',  ( 225.0000000000000284, 37.24230013270559425, -343.9274229443437321 ) ) ;
#3562 = CARTESIAN_POINT ( 'NONE',  ( -130.8942618012556522, 25.81289491236114131, 37.45071894481879582 ) ) ;
#3563 = ORIENTED_EDGE ( 'NONE', *, *, #4515, .F. ) ;
#3564 = CARTESIAN_POINT ( 'NONE',  ( -215.7432556359347018, 38.11711156295873337, -308.2399810835960920 ) ) ;
#3565 = CARTESIAN_POINT ( 'NONE',  ( 5.050673245201183998E-11, 0.000000000000000000, 498.0555349262137952 ) ) ;
#3566 = CARTESIAN_POINT ( 'NONE',  ( 225.0000000000000568, 29.51788520207363220, -389.0721965474910462 ) ) ;
#3567 = ORIENTED_EDGE ( 'NONE', *, *, #4288, .T. ) ;
#3568 = EDGE_CURVE ( 'NONE', #2237, #4889, #2673, .T. ) ;
#3569 = B_SPLINE_CURVE_WITH_KNOTS ( 'NONE', 3,
 ( #2889, #5162, #2972, #3374, #737 ),
 .UNSPECIFIED., .F., .F.,
 ( 4, 1, 4 ),
 ( 0.5904306619287048585, 0.8065893458047120879, 1.000000000000000000 ),
 .UNSPECIFIED. ) ;
#3570 = CARTESIAN_POINT ( 'NONE',  ( 0.000000000000000000, 195.5952647681596090, -481.6864607382723875 ) ) ;
#3571 = CARTESIAN_POINT ( 'NONE',  ( -71.91231072365010846, 27.20462690981280218, 244.8664164117511746 ) ) ;
#3572 = CARTESIAN_POINT ( 'NONE',  ( -42.63934075664515433, 12.71487108938270794, 20.92713801860615419 ) ) ;
#3573 = CARTESIAN_POINT ( 'NONE',  ( -14.99999999995778488, 0.000000000000000000, -134.9949820965277638 ) ) ;
#3574 = CARTESIAN_POINT ( 'NONE',  ( 960.0000000000000000, 36.06612109928881438, 38.72248954568726020 ) ) ;
#3575 = CARTESIAN_POINT ( 'NONE',  ( -80.68456651569714211, 27.38026281736394907, 234.0488484092797989 ) ) ;
#3576 = VECTOR ( 'NONE', #119, 1000.000000000000000 ) ;
#3577 = CARTESIAN_POINT ( 'NONE',  ( -210.0790079558815648, 27.84128853424785532, -321.6934350405757641 ) ) ;
#3578 = CARTESIAN_POINT ( 'NONE',  ( 23.91689226300539772, 20.07313721261160211, -42.04106879972238886 ) ) ;
#3579 = CARTESIAN_POINT ( 'NONE',  ( 240.0000000000505054, 26.26107159832745452, 147.0000000000000284 ) ) ;
#3580 = CARTESIAN_POINT ( 'NONE',  ( -10.14225022619044658, 14.39170346404841361, -113.0746765643019671 ) ) ;
#3581 = CARTESIAN_POINT ( 'NONE',  ( 66.82723938973360589, 18.34995808127457906, 109.3769193288545978 ) ) ;
#3582 = CARTESIAN_POINT ( 'NONE',  ( 8.248529326600362310, 12.55853381516601530, -124.9949820965278349 ) ) ;
#3583 = CARTESIAN_POINT ( 'NONE',  ( 40.19399588382407984, 26.27767743313373217, 32.82638852182762434 ) ) ;
#3584 = CARTESIAN_POINT ( 'NONE',  ( -6.999301163785337287, 13.21509734848354078, 498.0555349261633182 ) ) ;
#3585 = CARTESIAN_POINT ( 'NONE',  ( -47.02990680302158211, 43.49175521181804527, 402.2845281192505809 ) ) ;
#3586 = CARTESIAN_POINT ( 'NONE',  ( 70.91226812250639000, 28.42891262643104611, 244.5018447599327942 ) ) ;
#3587 = CARTESIAN_POINT ( 'NONE',  ( -77.99984881117097757, 28.30959577856594223, 233.1997945410722650 ) ) ;
#3588 = CARTESIAN_POINT ( 'NONE',  ( -24.11796692190779368, -21.41840432102074487, -46.53904117984421873 ) ) ;
#3589 = FACE_OUTER_BOUND ( 'NONE', #5319, .T. ) ;
#3590 = CARTESIAN_POINT ( 'NONE',  ( 225.0000000000000568, 17.69898619367790360, -354.2089348147762848 ) ) ;
#3591 = AXIS2_PLACEMENT_3D ( 'NONE', #3765, #1129, #1982 ) ;
#3592 = CIRCLE ( 'NONE', #2666, 14.99999999995778488 ) ;
#3593 = CARTESIAN_POINT ( 'NONE',  ( -15.80707981069518198, -2.645453300864630819E-14, 498.0555349261633182 ) ) ;
#3594 = EDGE_LOOP ( 'NONE', ( #2297, #2884, #4744, #5037 ) ) ;
#3595 = CARTESIAN_POINT ( 'NONE',  ( -220.8540868097976215, 40.70591260064782091, -340.3784219174962118 ) ) ;
#3596 = CARTESIAN_POINT ( 'NONE',  ( -13.87544043444512099, -7.674886070229785417, 498.0555349261633182 ) ) ;
#3597 = CARTESIAN_POINT ( 'NONE',  ( 225.0000000000000000, 29.97138361013265140, -386.8065881376601283 ) ) ;
#3598 = VERTEX_POINT ( 'NONE', #3854 ) ;
#3599 = DIRECTION ( 'NONE',  ( -0.9999253696604518682, 0.01077266817380344473, 0.005762354538342199725 ) ) ;
#3600 = CARTESIAN_POINT ( 'NONE',  ( -34.91292133120728636, 30.26773369569546901, 38.66013974189262115 ) ) ;
#3601 = CARTESIAN_POINT ( 'NONE',  ( -707.6248507958484879, 28.44692161226864258, 214.2435187219872432 ) ) ;
#3602 = CARTESIAN_POINT ( 'NONE',  ( -14.28108585266087971, 30.41281472886907622, -55.81436971609429065 ) ) ;
#3603 = CARTESIAN_POINT ( 'NONE',  ( 78.72295608680587975, 18.94419691769759240, 203.0947040851208385 ) ) ;
#3604 = CARTESIAN_POINT ( 'NONE',  ( 41.71917371189599777, 0.000000000000000000, 466.7211743237411383 ) ) ;
#3605 = CARTESIAN_POINT ( 'NONE',  ( -71.66364081074706860, 27.87640230727400237, 244.5918225728235313 ) ) ;
#3606 = CARTESIAN_POINT ( 'NONE',  ( -210.0157653063316445, 25.57345867505481607, -339.8365722883679609 ) ) ;
#3607 = CARTESIAN_POINT ( 'NONE',  ( 32.24681990958880817, 29.05990254820065388, 27.81308461451262914 ) ) ;
#3608 = CARTESIAN_POINT ( 'NONE',  ( 799.9999999999997726, 32.06920563668001734, 118.4207579638997316 ) ) ;
#3609 = CARTESIAN_POINT ( 'NONE',  ( -210.0709799574503620, 27.73861382077201299, -322.2620234165886473 ) ) ;
#3610 = CARTESIAN_POINT ( 'NONE',  ( 50.82865490534092601, 26.05221115789194641, 20.90605634761941189 ) ) ;
#3611 = CARTESIAN_POINT ( 'NONE',  ( 10.51039810055621793, 10.73390071551004077, -124.9949820965277070 ) ) ;
#3612 = DIRECTION ( 'NONE',  ( 0.000000000000000000, 0.000000000000000000, 1.000000000000000000 ) ) ;
#3613 = CARTESIAN_POINT ( 'NONE',  ( 5.050673245201183998E-11, 0.000000000000000000, 498.0555349262137952 ) ) ;
#3614 = CARTESIAN_POINT ( 'NONE',  ( -63.97137182895405516, 12.57716414497621749, 402.2845281192501261 ) ) ;
#3615 = CARTESIAN_POINT ( 'NONE',  ( 79.78232608078346288, 27.55125480349390443, 233.9708670891846793 ) ) ;
#3616 = CARTESIAN_POINT ( 'NONE',  ( -59.98312987155115650, 43.31611131876319831, 186.8448576931991170 ) ) ;
#3617 = CARTESIAN_POINT ( 'NONE',  ( -8.248494423762576133, -12.55834956067749530, -124.9949820965277638 ) ) ;
#3618 = CARTESIAN_POINT ( 'NONE',  ( -212.0705973814351921, 32.92984610476628404, -398.5972405617559389 ) ) ;
#3619 = CARTESIAN_POINT ( 'NONE',  ( 225.0000000000000568, 17.54037256360734887, -353.3573108967934786 ) ) ;
#3620 = CARTESIAN_POINT ( 'NONE',  ( -270.7703463622232221, 26.27416603329154299, 51.68359035798361134 ) ) ;
#3621 = EDGE_LOOP ( 'NONE', ( #4092, #5262, #3424 ) ) ;
#3622 = CARTESIAN_POINT ( 'NONE',  ( -220.9868181594760870, 40.74085178040889588, -338.3717852433928783 ) ) ;
#3623 = EDGE_CURVE ( 'NONE', #545, #521, #5334, .T. ) ;
#3624 = CARTESIAN_POINT ( 'NONE',  ( 5.050673245201183998E-11, 0.000000000000000000, 498.0555349262137952 ) ) ;
#3625 = CARTESIAN_POINT ( 'NONE',  ( 225.0000000000000284, 32.51451223995065476, -371.5763889036911110 ) ) ;
#3626 = EDGE_LOOP ( 'NONE', ( #1905, #4051, #114, #2586, #5683, #5596 ) ) ;
#3627 = DIRECTION ( 'NONE',  ( -0.000000000000000000, -0.000000000000000000, -1.000000000000000000 ) ) ;
#3628 = CARTESIAN_POINT ( 'NONE',  ( -37.85234931176618289, 41.39488417400144726, 102.0530077588205700 ) ) ;
#3629 = DIRECTION ( 'NONE',  ( 1.000000000000000000, 0.000000000000000000, -0.000000000000000000 ) ) ;
#3630 = CARTESIAN_POINT ( 'NONE',  ( -34.52180585861481177, 26.66086774538027626, 8.013726599049281418 ) ) ;
#3631 = CARTESIAN_POINT ( 'NONE',  ( -215.2781653346832229, 36.91512514821825874, -398.7791903457799094 ) ) ;
#3632 = ORIENTED_EDGE ( 'NONE', *, *, #4740, .F. ) ;
#3633 = CARTESIAN_POINT ( 'NONE',  ( 960.0000000000000000, 28.56333696509031483, 196.5080602716489295 ) ) ;
#3634 = CARTESIAN_POINT ( 'NONE',  ( -71.68484260128963115, 24.06695829552659305, 235.2219494140706217 ) ) ;
#3635 = CARTESIAN_POINT ( 'NONE',  ( -209.1688284541952498, 29.81177833023724943, -364.1077850255698536 ) ) ;
#3636 = CARTESIAN_POINT ( 'NONE',  ( 39.23805811826436241, 25.47149079124758941, 25.26994234317095334 ) ) ;
#3637 = CARTESIAN_POINT ( 'NONE',  ( -209.2451119698156674, 27.09685864855316595, -338.9718932631200232 ) ) ;
#3638 = CARTESIAN_POINT ( 'NONE',  ( -16.50837601415942046, 15.47999908046834072, -98.91312826836377781 ) ) ;
#3639 = CARTESIAN_POINT ( 'NONE',  ( 57.04964112065491832, 17.56817886284524022, 118.1462011299655899 ) ) ;
#3640 = CARTESIAN_POINT ( 'NONE',  ( -0.3265639417596051808, 15.02486811977485992, -124.9949820965276928 ) ) ;
#3641 = CARTESIAN_POINT ( 'NONE',  ( -46.42842460363716839, 42.54091847687342209, 127.3933036025905778 ) ) ;
#3642 = CARTESIAN_POINT ( 'NONE',  ( 5.050673245201183998E-11, 0.000000000000000000, 498.0555349262137952 ) ) ;
#3643 = B_SPLINE_SURFACE_WITH_KNOTS ( 'NONE', 3, 3, ( 
 ( #3921, #4381, #1741, #3979, #2168, #1798 ),
 ( #1257, #2598, #4327, #5688, #3492, #2256 ),
 ( #446, #2196, #3951, #5280, #5223, #5251 ),
 ( #5636, #1311, #3006, #506, #477, #7 ),
 ( #3465, #3060, #1716, #3089, #878, #2226 ),
 ( #1283, #822, #2570, #2655, #4842, #1689 ),
 ( #3893, #2688, #3030, #4814, #908, #4785 ),
 ( #3439, #3552, #5308, #1369, #850, #3120 ),
 ( #4874, #390, #940, #5661, #4354, #5397 ),
 ( #192, #1945, #103, #4587, #3262, #4560 ),
 ( #4930, #3699, #998, #4530, #535, #654 ),
 ( #3611, #2745, #2340, #4101, #4501, #2312 ),
 ( #3235, #1885, #2283, #2717, #5455, #5426 ),
 ( #3582, #161, #3206, #596, #1913, #4472 ),
 ( #4039, #5337, #1856, #5367, #3669, #1485 ),
 ( #3151, #1515, #1398, #4988, #1057, #564 ),
 ( #2803, #5017, #4901, #625, #2371, #967 ),
 ( #1027, #4129, #1085, #2831, #4009, #66 ),
 ( #3177, #1826, #1427, #4070, #132, #2773 ),
 ( #3640, #1457, #4960, #3783, #5109, #4618 ),
 ( #4675, #5547, #684, #1175, #2892, #2058 ),
 ( #1972, #4648, #1116, #2488, #4699, #1602 ),
 ( #2083, #1202, #2923, #1544, #5602, #740 ),
 ( #1629, #766, #1655, #3404, #3350, #1572 ),
 ( #4244, #2513, #308, #3812, #3378, #2863 ),
 ( #2430, #5576, #5136, #4186, #3321, #2949 ),
 ( #249, #4270, #713, #332, #5484, #3836 ),
 ( #5164, #1226, #2974, #4724, #2401, #4158 ),
 ( #2458, #1999, #221, #3725, #3292, #4214 ),
 ( #5047, #3755, #5517, #5077, #1146, #280 ),
 ( #2029, #2135, #5680, #437, #3885, #3860 ),
 ( #2562, #3109, #2589, #5628, #1359, #1329 ),
 ( #5190, #4318, #5653, #790, #468, #2186 ),
 ( #4401, #381, #2538, #27, #3080, #4749 ),
 ( #2217, #1708, #1303, #2997, #4294, #843 ),
 ( #356, #3429, #4833, #814, #3457, #4804 ),
 ( #4346, #5215, #1249, #3970, #3942, #1788 ),
 ( #869, #1733, #3050, #2619, #1274, #3541 ),
 ( #2109, #3022, #4776, #4372, #5707, #409 ),
 ( #2645, #1681, #1760, #3513, #2160, #5270 ),
 ( #5297, #3913, #3483, #5242, #898, #2245 ),
 ( #4862, #930, #4431, #495, #2678, #2905 ),
 ( #3766, #1983, #2012, #4281, #4600, #2471 ),
 ( #5029, #263, #4169, #5559, #2071, #1157 ),
 ( #292, #5120, #2096, #5530, #4226, #1584 ),
 ( #3333, #5588, #319, #1098, #2442, #232 ),
 ( #5089, #5467, #3305, #2043, #3795, #1614 ),
 ( #5060, #4659, #1554, #1527, #724, #2844 ),
 ( #3824, #3361, #3737, #1130, #4630, #3274 ),
 ( #1187, #1640, #3389, #2875, #344, #4712 ),
 ( #5497, #1216, #2934, #5150, #696, #667 ),
 ( #4686, #2412, #4198, #2963, #753, #2501 ),
 ( #4255, #779, #2527, #2632, #2577, #3956 ),
 ( #5227, #884, #3445, #5256, #5203, #12 ),
 ( #1262, #2660, #2551, #4387, #5641, #3470 ),
 ( #3036, #1239, #1694, #4791, #2604, #423 ),
 ( #4305, #3010, #2174, #4763, #3899, #3499 ),
 ( #4332, #4359, #1289, #827, #5615, #4418 ),
 ( #1774, #482, #855, #1316, #3928, #3066 ),
 ( #2148, #5693, #5667, #2202, #395, #3528 ),
 ( #3417, #1721, #369, #1746, #4819, #3847 ),
 ( #451, #5285, #1344, #2986, #1671, #3096 ),
 ( #4848, #915, #5178, #2123, #4736, #802 ),
 ( #3874, #4564, #1918, #3645, #4106, #168 ),
 ( #2808, #1492, #2779, #511, #3156, #3675 ),
 ( #2749, #4447, #2231, #2288, #3181, #3985 ),
 ( #4535, #2261, #1833, #570, #4016, #5432 ) ),
 .UNSPECIFIED., .T., .F., .F.,
 ( 4, 1, 1, 1, 1, 1, 1, 1, 1, 1, 1, 1, 1, 1, 1, 1, 1, 1, 1, 1, 1, 1, 1, 1, 1, 1, 1, 1, 1, 1, 1, 1, 1, 1, 1, 1, 1, 1, 1, 1, 1, 1, 1, 1, 1, 1, 1, 1, 1, 1, 1, 1, 1, 1, 1, 1, 1, 1, 1, 1, 1, 1, 1, 1, 4 ),
 ( 4, 1, 1, 4 ),
 ( 0.000000000000000000, 0.01562500000000000000, 0.03125000000000000000, 0.04687500000000000000, 0.06250000000000000000, 0.07812500000000000000, 0.09375000000000000000, 0.1093750000000000000, 0.1250000000000000000, 0.1406250000000000000, 0.1562500000000000000, 0.1718750000000000000, 0.1875000000000000000, 0.2031250000000000000, 0.2187500000000000000, 0.2343750000000000000, 0.2500000000000000000, 0.2656250000000000000, 0.2812500000000000000, 0.2968750000000000000, 0.3125000000000000000, 0.3281250000000000000, 0.3437500000000000000, 0.3593750000000000000, 0.3750000000000000000, 0.3906250000000000000, 0.4062500000000000000, 0.4218750000000000000, 0.4375000000000000000, 0.4531250000000000000, 0.4687500000000000000, 0.4843750000000000000, 0.5000000000000000000, 0.5156250000000000000, 0.5312500000000000000, 0.5468750000000000000, 0.5625000000000000000, 0.5781250000000000000, 0.5937500000000000000, 0.6093750000000000000, 0.6250000000000000000, 0.6406250000000000000, 0.6562500000000000000, 0.6718750000000000000, 0.6875000000000000000, 0.7031250000000000000, 0.7187500000000000000, 0.7343750000000000000, 0.7500000000000000000, 0.7656250000000000000, 0.7812500000000000000, 0.7968750000000000000, 0.8125000000000000000, 0.8281250000000000000, 0.8437500000000000000, 0.8593750000000000000, 0.8750000000000000000, 0.8906250000000000000, 0.9062500000000000000, 0.9218750000000000000, 0.9375000000000000000, 0.9531250000000000000, 0.9687500000000000000, 0.9843750000000000000, 1.000000000000000000 ),
 ( 0.000000000000000000, 0.4145220653946068423, 0.8065893458047120879, 1.000000000000000000 ),
 .UNSPECIFIED. ) ;
#3644 = CARTESIAN_POINT ( 'NONE',  ( 70.74659029986445091, 24.33304295441898901, 233.7034717541851592 ) ) ;
#3645 = CARTESIAN_POINT ( 'NONE',  ( 70.30985339622942831, 79.00618322112615033, 294.0012731391511238 ) ) ;
#3646 = CARTESIAN_POINT ( 'NONE',  ( 42.00576798949505530, -28.71784275949875109, 438.0555349262137383 ) ) ;
#3647 = CARTESIAN_POINT ( 'NONE',  ( 224.9999999999999716, 33.73344658001477825, -308.3824107348683583 ) ) ;
#3648 = CARTESIAN_POINT ( 'NONE',  ( 225.0000000000000568, 17.13817912834700863, -351.1845199600489877 ) ) ;
#3649 = CARTESIAN_POINT ( 'NONE',  ( -64.02979829699637548, 5.730619699058517647, 163.1386239552134043 ) ) ;
#3650 = FACE_OUTER_BOUND ( 'NONE', #3505, .T. ) ;
#3651 = CARTESIAN_POINT ( 'NONE',  ( -220.8960268981177535, 40.71383940617352692, -331.3294706978716704 ) ) ;
#3652 = CARTESIAN_POINT ( 'NONE',  ( 20.85958685597148232, 0.1958760482029748007, 498.0555349261633182 ) ) ;
#3653 = CARTESIAN_POINT ( 'NONE',  ( -800.0000000000000000, 24.69668979363159522, 162.2045157295700051 ) ) ;
#3654 = CARTESIAN_POINT ( 'NONE',  ( 225.0000000000000284, 32.81615625403487968, -369.6603812418626376 ) ) ;
#3655 = EDGE_LOOP ( 'NONE', ( #3480, #1470, #4552, #5508, #1166, #4773 ) ) ;
#3656 = CARTESIAN_POINT ( 'NONE',  ( 225.0000000000000000, 24.34287066045268233, -291.0527924030765234 ) ) ;
#3657 = CARTESIAN_POINT ( 'NONE',  ( -46.54822143657501954, 48.49340879312487118, 169.1203025172854950 ) ) ;
#3658 = FILL_AREA_STYLE ('',( #4490 ) ) ;
#3659 = CARTESIAN_POINT ( 'NONE',  ( -51.01401006854376874, 26.35010152542153250, 16.19483212341572909 ) ) ;
#3660 = CARTESIAN_POINT ( 'NONE',  ( -214.6772431326678259, 34.97112467117076307, -399.6497252617068625 ) ) ;
#3661 = ORIENTED_EDGE ( 'NONE', *, *, #5440, .T. ) ;
#3662 = CARTESIAN_POINT ( 'NONE',  ( 0.000000000000000000, 19.22802787474439512, 215.4402675056940666 ) ) ;
#3663 = CARTESIAN_POINT ( 'NONE',  ( -71.57934195030267688, 23.81720357357192341, 233.8674169866755506 ) ) ;
#3664 = CARTESIAN_POINT ( 'NONE',  ( -210.8133988535380468, 34.26317525585932344, -306.6144287938231514 ) ) ;
#3665 = CARTESIAN_POINT ( 'NONE',  ( 38.39388649443264967, 24.95737618451604689, 19.41764724285294008 ) ) ;
#3666 = CARTESIAN_POINT ( 'NONE',  ( 0.000000000000000000, 201.2766279810474828, -447.4295559341971398 ) ) ;
#3667 = CARTESIAN_POINT ( 'NONE',  ( -210.2193020629187004, 28.83644254139753471, -316.9971168577055209 ) ) ;
#3668 = CARTESIAN_POINT ( 'NONE',  ( 37.09875556047827416, 13.15429154790959387, -0.8070666921552527295 ) ) ;
#3669 = CARTESIAN_POINT ( 'NONE',  ( -37.65385163466322638, 51.52221929746207252, 402.2845281192502966 ) ) ;
#3670 = CARTESIAN_POINT ( 'NONE',  ( -42.83353057870886005, 28.51670691738304342, 48.32637995609751869 ) ) ;
#3671 = CARTESIAN_POINT ( 'NONE',  ( 24.10361641807626754, 26.43019469696709223, 466.7211743237411383 ) ) ;
#3672 = STYLED_ITEM ( 'NONE', ( #1929 ), #5478 ) ;
#3673 = CARTESIAN_POINT ( 'NONE',  ( 225.0000000000000568, 37.81321503213970914, -338.8637645829359712 ) ) ;
#3674 = CARTESIAN_POINT ( 'NONE',  ( 71.23830754542156285, 27.42486652236808453, 244.8897363005964678 ) ) ;
#3675 = CARTESIAN_POINT ( 'NONE',  ( 35.63876990232323294, 33.84682870048940373, 438.0555349262135110 ) ) ;
#3676 = CARTESIAN_POINT ( 'NONE',  ( 51.29183465636624106, -63.02286602380574720, 294.0012731391505554 ) ) ;
#3677 = CARTESIAN_POINT ( 'NONE',  ( 68.60441051584996330, 19.11044013770933958, 205.7289104028967017 ) ) ;
#3678 = CARTESIAN_POINT ( 'NONE',  ( 225.0000000000000284, 17.69528389122521261, -354.1890596409629666 ) ) ;
#3679 = FACE_OUTER_BOUND ( 'NONE', #3909, .T. ) ;
#3680 = CYLINDRICAL_SURFACE ( 'NONE', #749, 14.99999999995778488 ) ;
#3681 = CARTESIAN_POINT ( 'NONE',  ( -220.4892192277539209, 40.57128481577607459, -322.1909476538490935 ) ) ;
#3682 = CARTESIAN_POINT ( 'NONE',  ( -4.671822368104018963, 29.54289786849339450, 466.7211743237411383 ) ) ;
#3683 = AXIS2_PLACEMENT_3D ( 'NONE', #238, #3629, #5386 ) ;
#3684 = DIRECTION ( 'NONE',  ( 0.000000000000000000, 0.000000000000000000, 1.000000000000000000 ) ) ;
#3685 = CARTESIAN_POINT ( 'NONE',  ( 225.0000000000000568, 31.22068900767848731, -379.6932342784559182 ) ) ;
#3686 = CARTESIAN_POINT ( 'NONE',  ( -73.66722327412146853, 13.83113599858102205, 236.3843258815668094 ) ) ;
#3687 = CARTESIAN_POINT ( 'NONE',  ( 0.000000000000000000, 182.4742510694330804, -414.3975106221485589 ) ) ;
#3688 = CARTESIAN_POINT ( 'NONE',  ( -2.393492791853017998, 31.82551168801197861, -80.68064810328087333 ) ) ;
#3689 = CARTESIAN_POINT ( 'NONE',  ( -215.3053285167580100, 36.77903347352787478, -398.9302768460666471 ) ) ;
#3690 = VERTEX_POINT ( 'NONE', #808 ) ;
#3691 = CARTESIAN_POINT ( 'NONE',  ( 41.47061184768650577, -3.499985984472984590, 466.7211743237411383 ) ) ;
#3692 = CARTESIAN_POINT ( 'NONE',  ( -71.63649976923245788, 24.53282289304349817, 235.5455518080463548 ) ) ;
#3693 = CARTESIAN_POINT ( 'NONE',  ( -211.2990778081636734, 32.48252144860100543, -308.4673394138313256 ) ) ;
#3694 = CARTESIAN_POINT ( 'NONE',  ( 18.88593937259726374, 16.36785352616549005, -87.77901107872314412 ) ) ;
#3695 = CARTESIAN_POINT ( 'NONE',  ( -209.3421243593625150, 30.91896850325856150, -370.4296551847719456 ) ) ;
#3696 = EDGE_CURVE ( 'NONE', #4610, #4693, #4203, .T. ) ;
#3697 = CARTESIAN_POINT ( 'NONE',  ( -221.4828255087649893, 40.84418067884674741, -343.6498059070598288 ) ) ;
#3698 = CARTESIAN_POINT ( 'NONE',  ( 50.48618264444181847, 26.15042827876668241, 19.27812208061532928 ) ) ;
#3699 = CARTESIAN_POINT ( 'NONE',  ( 23.77947144783783173, 19.08748060379760147, -46.53904117984408373 ) ) ;
#3700 = DIRECTION ( 'NONE',  ( -0.000000000000000000, -0.000000000000000000, -1.000000000000000000 ) ) ;
#3701 = CARTESIAN_POINT ( 'NONE',  ( 28.57666405927047748, -39.64529204545062413, 438.0555349262138520 ) ) ;
#3702 = CARTESIAN_POINT ( 'NONE',  ( 63.51147693075459699, 42.28579249918717409, 193.0968571014934128 ) ) ;
#3703 = CARTESIAN_POINT ( 'NONE',  ( -40.94340821255629237, 25.71495271023909268, 27.77121389526606521 ) ) ;
#3704 = CARTESIAN_POINT ( 'NONE',  ( -2.713547648766458931, -14.77914877816127692, -124.9949820965277212 ) ) ;
#3705 = CARTESIAN_POINT ( 'NONE',  ( 0.000000000000000000, 180.5799915545548515, -422.8155626306387376 ) ) ;
#3706 = CARTESIAN_POINT ( 'NONE',  ( 225.0000000000000000, 18.49618622938316648, -358.5361664492351110 ) ) ;
#3707 = CARTESIAN_POINT ( 'NONE',  ( -59.71642465692247725, 6.147741796772137057, 129.8681795019576839 ) ) ;
#3708 = CARTESIAN_POINT ( 'NONE',  ( -217.9714195670463823, 39.56905340294405704, -362.4843324733927830 ) ) ;
#3709 = CARTESIAN_POINT ( 'NONE',  ( 14.39419254963761929, 32.68167993248610514, -97.62305563277728027 ) ) ;
#3710 = CARTESIAN_POINT ( 'NONE',  ( 225.0000000000001137, 17.61685506558934122, -314.9579013032723083 ) ) ;
#3711 = CARTESIAN_POINT ( 'NONE',  ( 225.0000000000000568, 32.49961177287325143, -371.6711824172750767 ) ) ;
#3712 = CARTESIAN_POINT ( 'NONE',  ( -212.7433036976000551, 37.26088045450351416, -398.3920073613446107 ) ) ;
#3713 = CARTESIAN_POINT ( 'NONE',  ( -57.17363368444502925, 44.93950024043409996, 205.2803855247476292 ) ) ;
#3714 = SURFACE_SIDE_STYLE ('',( #1960 ) ) ;
#3715 = CARTESIAN_POINT ( 'NONE',  ( -16.85686793131074879, 33.56504138603857257, -105.6147070218445236 ) ) ;
#3716 = CARTESIAN_POINT ( 'NONE',  ( -213.4602974145975338, 34.86581103072442289, -400.0038167665833271 ) ) ;
#3717 = ORIENTED_EDGE ( 'NONE', *, *, #2703, .F. ) ;
#3718 = CARTESIAN_POINT ( 'NONE',  ( 67.83868738530738085, 7.824563049880183030, 197.3482418658882409 ) ) ;
#3719 = CARTESIAN_POINT ( 'NONE',  ( -11.67934333057840490, 17.48264376799697573, -95.64204234089564238 ) ) ;
#3720 = CARTESIAN_POINT ( 'NONE',  ( -211.3266344855740897, 35.05014823575563554, -305.3192857701400271 ) ) ;
#3721 = CARTESIAN_POINT ( 'NONE',  ( 11.39303772374609558, 14.01724308169777089, -117.4351462645989983 ) ) ;
#3722 = FACE_OUTER_BOUND ( 'NONE', #1564, .T. ) ;
#3723 = CARTESIAN_POINT ( 'NONE',  ( -221.7663870175186673, 40.90870430103131383, -339.6361724520101575 ) ) ;
#3724 = CARTESIAN_POINT ( 'NONE',  ( 42.41506865478292099, 28.30315175927056970, -16.65199419966495498 ) ) ;
#3725 = CARTESIAN_POINT ( 'NONE',  ( -89.51542717199291133, -19.77231567237329912, 294.0012731391495322 ) ) ;
#3726 = CARTESIAN_POINT ( 'NONE',  ( -77.20631839395589679, 29.39199590247404714, 231.1600778746925187 ) ) ;
#3727 = CARTESIAN_POINT ( 'NONE',  ( 5.050673245201183998E-11, 0.000000000000000000, 498.0555349262137952 ) ) ;
#3728 = EDGE_CURVE ( 'NONE', #2433, #1677, #1179, .T. ) ;
#3729 = CARTESIAN_POINT ( 'NONE',  ( 59.64165234514207725, 40.98477691709761217, 199.9387675345614070 ) ) ;
#3730 = CARTESIAN_POINT ( 'NONE',  ( -44.03838606714659676, 34.27381293220327763, 79.57906090744963024 ) ) ;
#3731 = CARTESIAN_POINT ( 'NONE',  ( 13.38400176541750142, -65.69189274973813042, 106.1228587318996119 ) ) ;
#3732 = CARTESIAN_POINT ( 'NONE',  ( 0.000000000000000000, 179.0075402666169282, -436.8413048004711641 ) ) ;
#3733 = CARTESIAN_POINT ( 'NONE',  ( 225.0000000000000853, 18.50718654849768541, -358.5970922178461819 ) ) ;
#3734 = CARTESIAN_POINT ( 'NONE',  ( -35.60310276687340547, 13.95639909258882128, -13.46109996604616832 ) ) ;
#3735 = CARTESIAN_POINT ( 'NONE',  ( 49.77733826075762380, 48.57644733636971068, 176.5158200117928402 ) ) ;
#3736 = CARTESIAN_POINT ( 'NONE',  ( -210.1187421925270087, 28.16739219469047484, -365.9374804715677101 ) ) ;
#3737 = CARTESIAN_POINT ( 'NONE',  ( -17.34703713566502969, -66.44688934846526251, 106.1228587318994272 ) ) ;
#3738 = CARTESIAN_POINT ( 'NONE',  ( 225.0000000000000853, 25.82430472882443695, -296.9004334744021207 ) ) ;
#3739 = CARTESIAN_POINT ( 'NONE',  ( 225.0000000000001137, 35.00056915059796125, -356.7369671264779072 ) ) ;
#3740 = CARTESIAN_POINT ( 'NONE',  ( -83.68263186861172187, 24.82346408296211848, 233.2883511745288843 ) ) ;
#3741 = AXIS2_PLACEMENT_3D ( 'NONE', #1717, #5145, #2599 ) ;
#3742 = CARTESIAN_POINT ( 'NONE',  ( 225.0000000000000284, 36.57898318040869867, -319.7035708375853460 ) ) ;
#3743 = CARTESIAN_POINT ( 'NONE',  ( -69.30392452943793558, 17.09491222656978948, 127.8700511657878138 ) ) ;
#3744 = CARTESIAN_POINT ( 'NONE',  ( -21.05253588705403800, 32.95632589607146201, -95.08111366821830757 ) ) ;
#3745 = CARTESIAN_POINT ( 'NONE',  ( -214.7534065643561121, 33.78333219811764820, -399.9149810495397332 ) ) ;
#3746 = EDGE_CURVE ( 'NONE', #5418, #2269, #4601, .T. ) ;
#3747 = EDGE_LOOP ( 'NONE', ( #1196, #1449, #1252, #1838 ) ) ;
#3748 = CARTESIAN_POINT ( 'NONE',  ( 3.388131789017200393E-19, 23.04634314472350098, -9.500825860761851871 ) ) ;
#3749 = CARTESIAN_POINT ( 'NONE',  ( -73.79106457676540742, 14.09584052992342684, 237.5806403287988644 ) ) ;
#3750 = CARTESIAN_POINT ( 'NONE',  ( -210.1002044915159672, 32.66827152688177449, -310.4810427949266227 ) ) ;
#3751 = CARTESIAN_POINT ( 'NONE',  ( 73.03128509432123394, 17.94365832113154013, 243.1381519065606938 ) ) ;
#3752 = CARTESIAN_POINT ( 'NONE',  ( 81.35244112300007657, 26.71438165558479483, 234.2361119023150593 ) ) ;
#3753 = CARTESIAN_POINT ( 'NONE',  ( -217.5796417872615223, 39.30653071075207095, -310.6024379161676734 ) ) ;
#3754 = CARTESIAN_POINT ( 'NONE',  ( 35.10034206507469179, 30.04952291347833437, -45.94973557339265824 ) ) ;
#3755 = CARTESIAN_POINT ( 'NONE',  ( -27.26670506712874698, 16.31753868142366315, -46.53904117984419742 ) ) ;
#3756 = CARTESIAN_POINT ( 'NONE',  ( 0.000000000000000000, 0.000000000000000000, -144.9949820965277922 ) ) ;
#3757 = CARTESIAN_POINT ( 'NONE',  ( 5.050673245201183998E-11, 0.000000000000000000, 498.0555349262137952 ) ) ;
#3758 = CARTESIAN_POINT ( 'NONE',  ( 61.78992591093980735, 42.14528322358543733, 217.4815671442989071 ) ) ;
#3759 = CARTESIAN_POINT ( 'NONE',  ( -57.12052841193435171, 44.32089676851165194, 178.2667809055790258 ) ) ;
#3760 = CARTESIAN_POINT ( 'NONE',  ( 15.64487785895329885, -28.41053844347638702, -46.53904117984428979 ) ) ;
#3761 = CARTESIAN_POINT ( 'NONE',  ( 71.00923774387648280, 10.92988404864557772, 221.7451538523117449 ) ) ;
#3762 = CARTESIAN_POINT ( 'NONE',  ( 225.0000000000000568, 20.56681921506291388, -371.0222196361738725 ) ) ;
#3763 = CARTESIAN_POINT ( 'NONE',  ( -28.70388054412163470, 14.81514256131289464, -42.51556236573784986 ) ) ;
#3764 = CARTESIAN_POINT ( 'NONE',  ( -216.3784879784572297, 38.62079865927753275, -376.6827392304762725 ) ) ;
#3765 = CARTESIAN_POINT ( 'NONE',  ( -225.0000000000505338, 26.26107159832745452, -400.0000000000000000 ) ) ;
#3766 = CARTESIAN_POINT ( 'NONE',  ( -11.49061100974228466, -9.673985896885815450, -124.9949820965277780 ) ) ;
#3767 = CARTESIAN_POINT ( 'NONE',  ( 224.9999999999999716, 22.28725689312383196, -301.1673157032151948 ) ) ;
#3768 = CARTESIAN_POINT ( 'NONE',  ( 225.0000000000000284, 35.16993914886582928, -355.8200924476297473 ) ) ;
#3769 = CARTESIAN_POINT ( 'NONE',  ( -212.8164276972903508, 37.78694634587490242, -396.5734221341141961 ) ) ;
#3770 = CARTESIAN_POINT ( 'NONE',  ( -52.10550833840973439, 19.99004976644440745, 88.72625869701985835 ) ) ;
#3771 = CARTESIAN_POINT ( 'NONE',  ( 225.0000000000000000, 23.40640702866264888, -387.8785732861282440 ) ) ;
#3772 = CARTESIAN_POINT ( 'NONE',  ( -12.97327958915054502, 15.67363913113064378, -99.00222643727101968 ) ) ;
#3773 = CARTESIAN_POINT ( 'NONE',  ( -214.2049806754480414, 35.80645125060283362, -398.9162193114825641 ) ) ;
#3774 = ORIENTED_EDGE ( 'NONE', *, *, #1756, .F. ) ;
#3775 = CIRCLE ( 'NONE', #5244, 14.99999999999998579 ) ;
#3776 = CARTESIAN_POINT ( 'NONE',  ( 64.95606358863325624, 6.404043977282319666, 174.9010479845254338 ) ) ;
#3777 = CARTESIAN_POINT ( 'NONE',  ( -71.87116597733133005, 24.95894700842173108, 233.6770025027265376 ) ) ;
#3778 = CARTESIAN_POINT ( 'NONE',  ( -212.3367688259812951, 34.30362368948890861, -303.1043249474410004 ) ) ;
#3779 = CARTESIAN_POINT ( 'NONE',  ( 13.00510106620631134, 18.57371223218196832, -86.65737049270875048 ) ) ;
#3780 = CARTESIAN_POINT ( 'NONE',  ( -63.73807946171906735, 20.23432967247855885, 87.64937718388577537 ) ) ;
#3781 = CARTESIAN_POINT ( 'NONE',  ( -220.5025862390308760, 40.57527283042902155, -351.6515466156361640 ) ) ;
#3782 = CARTESIAN_POINT ( 'NONE',  ( 34.14199888171297204, 30.26654831504461995, -49.60026679332864319 ) ) ;
#3783 = CARTESIAN_POINT ( 'NONE',  ( -80.06719487333609209, 63.19874597206207056, 294.0012731391507828 ) ) ;
#3784 = CARTESIAN_POINT ( 'NONE',  ( 960.0000000000000000, 32.19292661859641669, 188.4048099388105015 ) ) ;
#3785 = CARTESIAN_POINT ( 'NONE',  ( 5.050673245201183998E-11, 0.000000000000000000, 498.0555349262137952 ) ) ;
#3786 = CARTESIAN_POINT ( 'NONE',  ( 66.53924314976241305, 36.93776764175458993, 232.6243566081906806 ) ) ;
#3787 = CARTESIAN_POINT ( 'NONE',  ( -43.19469032872839165, 43.38794717272344315, 134.0520058844033713 ) ) ;
#3788 = B_SPLINE_CURVE_WITH_KNOTS ( 'NONE', 3,
 ( #213, #1965, #761, #2509, #3719, #3399, #5233, #1295, #1538, #3286, #5039, #2857, #551, #5033, #3250, #4118, #1873, #1845, #4461, #3222, #1471, #582, #3600, #1104, #5005, #2791, #3166, #2301, #3628, #523, #4146, #180, #642, #2387, #4058, #4088, #120, #5385, #3657, #1445, #207, #2819, #2734, #5354, #4977, #3713, #1931, #1416, #4919, #4027 ),
 .UNSPECIFIED., .F., .F.,
 ( 4, 2, 2, 2, 2, 2, 2, 2, 2, 2, 2, 2, 2, 2, 2, 2, 2, 2, 2, 2, 2, 2, 2, 2, 4 ),
 ( 0.000000000000000000, 0.01141695047613065610, 0.02283390095226131219, 0.04566780190452262439, 0.06850170285678391924, 0.09133560380904520715, 0.1141695047613065089, 0.1370034057135677830, 0.1398576433326004786, 0.1427118809516331188, 0.1484203561896984547, 0.1598373066658290709, 0.1826712076180903865, 0.2055051085703516467, 0.2283390095226129346, 0.2511729104748742225, 0.2568813857129395029, 0.2625898609510047832, 0.2740068114271353439, 0.2968407123793965763, 0.3082576628555272480, 0.3139661380935925283, 0.3196746133316578087, 0.3425085142839190966, 0.3653424152361804400 ),
 .UNSPECIFIED. ) ;
#3789 = CARTESIAN_POINT ( 'NONE',  ( 61.24978301336976472, -32.23860885631930273, 106.1228587318996830 ) ) ;
#3790 = CARTESIAN_POINT ( 'NONE',  ( 225.0000000000000284, 21.49091955331005366, -375.8627307751468152 ) ) ;
#3791 = CARTESIAN_POINT ( 'NONE',  ( 225.0000000000000000, 19.83411967887951022, -366.4053219112803390 ) ) ;
#3792 = CARTESIAN_POINT ( 'NONE',  ( 29.75643030079271156, 37.29756844923375070, 438.0555349262138520 ) ) ;
#3793 = CARTESIAN_POINT ( 'NONE',  ( 33.80675409481379745, 30.70476386880021380, 41.28556475203566123 ) ) ;
#3794 = CARTESIAN_POINT ( 'NONE',  ( -14.10272810670105059, 33.90687474854247796, -111.6077571658216812 ) ) ;
#3795 = CARTESIAN_POINT ( 'NONE',  ( 38.48990025043794816, -41.77574491347864694, 402.2845281192505809 ) ) ;
#3796 = CARTESIAN_POINT ( 'NONE',  ( 225.0000000000000284, 22.65151361339724545, -300.4902880327463208 ) ) ;
#3797 = CARTESIAN_POINT ( 'NONE',  ( 225.0000000000000000, 33.31750669671578891, -366.5098305627072932 ) ) ;
#3798 = EDGE_CURVE ( 'NONE', #2326, #2754, #4529, .T. ) ;
#3799 = CARTESIAN_POINT ( 'NONE',  ( 27.42669378558966997, 20.56355655631379875, -36.88347780781256802 ) ) ;
#3800 = CARTESIAN_POINT ( 'NONE',  ( -213.9498299713630445, 34.66645947033001818, -399.9646036263841893 ) ) ;
#3801 = CARTESIAN_POINT ( 'NONE',  ( -46.78508828736693914, 11.63965156702980686, 43.04911573768769273 ) ) ;
#3802 = CARTESIAN_POINT ( 'NONE',  ( -218.0521043924869105, 40.47725150582943598, -319.0358980323322839 ) ) ;
#3803 = CARTESIAN_POINT ( 'NONE',  ( -213.4053711812629501, 33.13096305028164323, -399.6168983149726159 ) ) ;
#3804 = VERTEX_POINT ( 'NONE', #917 ) ;
#3805 = CARTESIAN_POINT ( 'NONE',  ( -960.0000000000000000, 29.17329108118089209, 111.3698197661168621 ) ) ;
#3806 = CARTESIAN_POINT ( 'NONE',  ( -16.18060723046839655, 17.53387657850384329, -83.74224659356511324 ) ) ;
#3807 = CARTESIAN_POINT ( 'NONE',  ( -214.5358164687944509, 37.04867308932379899, -305.4873792976495679 ) ) ;
#3808 = CARTESIAN_POINT ( 'NONE',  ( 72.46262599673249838, 22.53899587601452481, 245.2686385933865552 ) ) ;
#3809 = CARTESIAN_POINT ( 'NONE',  ( 82.10882033521806989, 26.14052733175367749, 234.2008364148081228 ) ) ;
#3810 = CARTESIAN_POINT ( 'NONE',  ( -215.1523810495550890, 37.57762598156845257, -304.5532148712786125 ) ) ;
#3811 = CARTESIAN_POINT ( 'NONE',  ( 6.510928102613307011, 31.38832711383975393, -72.89964481358394721 ) ) ;
#3812 = CARTESIAN_POINT ( 'NONE',  ( -95.50709941453661145, 16.34628427885895974, 294.0012731391490206 ) ) ;
#3813 = CARTESIAN_POINT ( 'NONE',  ( -1.694065894508600678E-18, 25.48233891542691509, 20.07672402328892503 ) ) ;
#3814 = CARTESIAN_POINT ( 'NONE',  ( 476.6110629442053437, 27.47507861048925548, 223.9570303806973754 ) ) ;
#3815 = ORIENTED_EDGE ( 'NONE', *, *, #5311, .T. ) ;
#3816 = CARTESIAN_POINT ( 'NONE',  ( -43.93253821374334933, 43.95817399899914335, 139.6631591743658021 ) ) ;
#3817 = CARTESIAN_POINT ( 'NONE',  ( 27.87649784309124357, -18.12000619078901309, -46.53904117984420452 ) ) ;
#3818 = CARTESIAN_POINT ( 'NONE',  ( 33.55103509303054921, 22.53895696077128008, -10.66735187373966909 ) ) ;
#3819 = CARTESIAN_POINT ( 'NONE',  ( 225.0000000000000284, 19.71238754854731923, -365.6512439599951563 ) ) ;
#3820 = EDGE_CURVE ( 'NONE', #1730, #4521, #5570, .T. ) ;
#3821 = CARTESIAN_POINT ( 'NONE',  ( 13.12478268572900397, 7.303904627426145879, -124.9949820965277922 ) ) ;
#3822 = CARTESIAN_POINT ( 'NONE',  ( 39.38021691229876353, 44.46136692626721043, 121.0132106513491976 ) ) ;
#3823 = CARTESIAN_POINT ( 'NONE',  ( 0.000000000000000000, 0.000000000000000000, -134.9949820965277638 ) ) ;
#3824 = CARTESIAN_POINT ( 'NONE',  ( -4.207532993403188648, -14.42487875907761818, -124.9949820965277638 ) ) ;
#3825 = CARTESIAN_POINT ( 'NONE',  ( 225.0000000000000568, 20.53915436856222954, -305.1843150209024884 ) ) ;
#3826 = CARTESIAN_POINT ( 'NONE',  ( 224.9999999999999716, 33.24529653330493062, -366.9589997525899321 ) ) ;
#3827 =( NAMED_UNIT ( * ) SI_UNIT ( $, .STERADIAN. ) SOLID_ANGLE_UNIT ( ) );
#3828 = CARTESIAN_POINT ( 'NONE',  ( -210.6658381892069656, 35.07436541174486422, -396.5448571744349806 ) ) ;
#3829 = CARTESIAN_POINT ( 'NONE',  ( -49.37386552105591164, 21.38338897481639833, 74.05438892055762778 ) ) ;
#3830 = CARTESIAN_POINT ( 'NONE',  ( -220.3478768721659264, 41.23891287690918972, -334.8501972921031893 ) ) ;
#3831 = ORIENTED_EDGE ( 'NONE', *, *, #3728, .F. ) ;
#3832 = CARTESIAN_POINT ( 'NONE',  ( -83.72572954231415565, 25.06479223677212431, 233.6047113239178543 ) ) ;
#3833 = CARTESIAN_POINT ( 'NONE',  ( 41.28969186472156849, 24.03518567470843337, 8.651570136735770689 ) ) ;
#3834 = CARTESIAN_POINT ( 'NONE',  ( 81.61870226383288696, 26.53725583123343057, 234.2464867519806262 ) ) ;
#3835 = CARTESIAN_POINT ( 'NONE',  ( -18.96286365956728304, 32.69089182941286253, -98.66258210171972109 ) ) ;
#3836 = CARTESIAN_POINT ( 'NONE',  ( -52.94210221968774732, -12.27276258207948700, 438.0555349262136815 ) ) ;
#3837 = DIRECTION ( 'NONE',  ( 0.9858861288228185638, 0.000000000000000000, 0.1674172661189909650 ) ) ;
#3838 = CARTESIAN_POINT ( 'NONE',  ( 0.000000000000000000, 25.48233891542692220, 20.07672402328893924 ) ) ;
#3839 = CARTESIAN_POINT ( 'NONE',  ( -210.9169088531592706, 31.65396240455762467, -380.5674607916773766 ) ) ;
#3840 = CARTESIAN_POINT ( 'NONE',  ( 35.93390366760638699, 35.69780445170351868, 71.23114278909255859 ) ) ;
#3841 = CARTESIAN_POINT ( 'NONE',  ( -32.75762704465628161, 28.23442104889137738, 20.68584004198502413 ) ) ;
#3842 = CARTESIAN_POINT ( 'NONE',  ( 8.527406203890697256, -12.36390880471029163, -124.9949820965277922 ) ) ;
#3843 = CARTESIAN_POINT ( 'NONE',  ( 225.0000000000000284, 33.62957358472948499, -308.0590257774019847 ) ) ;
#3844 = CARTESIAN_POINT ( 'NONE',  ( 225.0000000000000000, 23.06806437085251105, -386.1273954358651395 ) ) ;
#3845 = CARTESIAN_POINT ( 'NONE',  ( 12.36333925791456245, 8.528231932319995323, -124.9949820965278491 ) ) ;
#3846 = CARTESIAN_POINT ( 'NONE',  ( -209.8177442821675527, 31.76212223496619558, -313.3181295953952485 ) ) ;
#3847 = CARTESIAN_POINT ( 'NONE',  ( 48.96130919926635272, 20.34265744611092330, 438.0555349262140794 ) ) ;
#3848 = CARTESIAN_POINT ( 'NONE',  ( 225.0000000000000853, 38.02237887706643704, -334.0978665966907784 ) ) ;
#3849 = CARTESIAN_POINT ( 'NONE',  ( 225.0000000000000853, 15.95028954572282665, -344.0969888998507713 ) ) ;
#3850 = CARTESIAN_POINT ( 'NONE',  ( 225.0000000000000284, 33.33689728340538494, -366.3894109863049380 ) ) ;
#3851 = CIRCLE ( 'NONE', #641, 9.750000000000000000 ) ;
#3852 = CARTESIAN_POINT ( 'NONE',  ( 18.50494851868329249, 18.42471881938611844, -71.66045856159585981 ) ) ;
#3853 = DIRECTION ( 'NONE',  ( 1.000000000000000000, -0.000000000000000000, 0.000000000000000000 ) ) ;
#3854 = CARTESIAN_POINT ( 'NONE',  ( 5.050673245201183998E-11, 0.000000000000000000, 498.0555349262137952 ) ) ;
#3855 = ORIENTED_EDGE ( 'NONE', *, *, #4571, .T. ) ;
#3856 = CARTESIAN_POINT ( 'NONE',  ( 69.66525642294266163, 31.59350443498896865, 242.2658972195009426 ) ) ;
#3857 = CARTESIAN_POINT ( 'NONE',  ( -72.49578924903957500, 16.23134634977467528, 151.9887637859940526 ) ) ;
#3858 = AXIS2_PLACEMENT_3D ( 'NONE', #3071, #487, #1837 ) ;
#3859 = CARTESIAN_POINT ( 'NONE',  ( 11.89475147241025788, 34.14114570195677345, -115.7776192640639721 ) ) ;
#3860 = CARTESIAN_POINT ( 'NONE',  ( -43.13785055756049047, -27.60447384558887762, 438.0555349262136247 ) ) ;
#3861 = CARTESIAN_POINT ( 'NONE',  ( -53.35839081626712499, 25.59621291085324302, 28.02342633788048687 ) ) ;
#3862 = AXIS2_PLACEMENT_3D ( 'NONE', #650, #4182, #1142 ) ;
#3863 = CARTESIAN_POINT ( 'NONE',  ( -960.0000000000000000, 36.06612109928881438, 38.72248954568726020 ) ) ;
#3864 = CARTESIAN_POINT ( 'NONE',  ( -52.36791068327372045, -29.68273064346824341, 402.2845281192504672 ) ) ;
#3865 = CARTESIAN_POINT ( 'NONE',  ( -209.7091381165060682, 32.44394672618108899, -380.4456679553883873 ) ) ;
#3866 = ADVANCED_FACE ( 'NONE', ( #4850, #3589 ), #2378, .F. ) ;
#3867 = CARTESIAN_POINT ( 'NONE',  ( 43.96079638907333731, 37.07713653524337616, 94.11309559621118126 ) ) ;
#3868 = CARTESIAN_POINT ( 'NONE',  ( -18.06873542644772357, 20.63450996831749862, -64.05619722398461136 ) ) ;
#3869 = CARTESIAN_POINT ( 'NONE',  ( 31.87379352494549423, -58.15305944898119606, 106.1228587318998109 ) ) ;
#3870 = DIRECTION ( 'NONE',  ( -1.000000000000000000, 0.000000000000000000, 0.000000000000000000 ) ) ;
#3871 = CARTESIAN_POINT ( 'NONE',  ( 225.0000000000000568, 23.26469484354511863, -387.1570910258920435 ) ) ;
#3872 = CARTESIAN_POINT ( 'NONE',  ( 42.25038105141707945, 107.1213364117487288, 294.0012731391513512 ) ) ;
#3873 = CARTESIAN_POINT ( 'NONE',  ( 82.76733625417118390, 24.95786887069066395, 233.4854404240506653 ) ) ;
#3874 = CARTESIAN_POINT ( 'NONE',  ( 13.92969614758186125, -5.638269733002031714, -124.9949820965277780 ) ) ;
#3875 = CARTESIAN_POINT ( 'NONE',  ( 225.0000000000000000, 35.49658888642141363, -314.7297995590658957 ) ) ;
#3876 = CARTESIAN_POINT ( 'NONE',  ( 224.9999999999999716, 15.33102290685242330, -338.5480294824432690 ) ) ;
#3877 = CARTESIAN_POINT ( 'NONE',  ( 225.0000000000000284, 37.39046847033905152, -342.8380231060018559 ) ) ;
#3878 = CARTESIAN_POINT ( 'NONE',  ( 225.0000000000505338, 26.26107159832745452, 147.0000000000000284 ) ) ;
#3879 = CARTESIAN_POINT ( 'NONE',  ( 11.29573650075606572, 15.74112804434958690, -103.2008019637187459 ) ) ;
#3880 = DIRECTION ( 'NONE',  ( 0.9999253696604519792, -0.01185449978306655529, 0.002953970937857320657 ) ) ;
#3881 = ORIENTED_EDGE ( 'NONE', *, *, #5121, .T. ) ;
#3882 = CARTESIAN_POINT ( 'NONE',  ( 68.82634122071921468, 33.26119999479568179, 240.1139478683122093 ) ) ;
#3883 = CARTESIAN_POINT ( 'NONE',  ( -83.12731673087365891, 23.93674217057830234, 230.0762063038663143 ) ) ;
#3884 = CARTESIAN_POINT ( 'NONE',  ( 18.82243328311740527, 33.25002832371691142, -100.2037113811801561 ) ) ;
#3885 = CARTESIAN_POINT ( 'NONE',  ( -52.36791068327372045, -29.68273064346824341, 402.2845281192504672 ) ) ;
#3886 = CARTESIAN_POINT ( 'NONE',  ( 960.0000000000000000, 30.69366024791740344, 196.5490976187417402 ) ) ;
#3887 = CARTESIAN_POINT ( 'NONE',  ( -50.94379094916109096, 25.45952316507185031, 26.48148594389864385 ) ) ;
#3888 = ORIENTED_EDGE ( 'NONE', *, *, #4170, .T. ) ;
#3889 = CARTESIAN_POINT ( 'NONE',  ( -95.50709941453661145, 16.34628427885895974, 294.0012731391490206 ) ) ;
#3890 = CARTESIAN_POINT ( 'NONE',  ( -210.2287651399755646, 28.87544398521821876, -370.5316934785383864 ) ) ;
#3891 = CARTESIAN_POINT ( 'NONE',  ( 59.55749926770646852, 44.03336518089712115, 181.0832586809069085 ) ) ;
#3892 = CARTESIAN_POINT ( 'NONE',  ( -39.94854981184386133, 25.01862350252477540, 20.39236771811648197 ) ) ;
#3893 = CARTESIAN_POINT ( 'NONE',  ( 14.28442248874418219, 4.656792096757241595, -124.9949820965277070 ) ) ;
#3894 = CARTESIAN_POINT ( 'NONE',  ( 52.28042225061611958, 25.59353060659663726, 27.87878479711572055 ) ) ;
#3895 = CARTESIAN_POINT ( 'NONE',  ( 737.6532944914584959, 28.08036799598334454, 92.23763440151344639 ) ) ;
#3896 = ADVANCED_FACE ( 'NONE', ( #5054 ), #4459, .F. ) ;
#3897 = CARTESIAN_POINT ( 'NONE',  ( 32.26537169597065002, 1.862476128984577262, -46.53904117984421163 ) ) ;
#3898 = CARTESIAN_POINT ( 'NONE',  ( 82.65870546361757931, 24.70183450768859856, 233.1018412783678286 ) ) ;
#3899 = CARTESIAN_POINT ( 'NONE',  ( 65.08186030325536819, 6.463466645116362486, 402.2845281192505809 ) ) ;
#3900 = CARTESIAN_POINT ( 'NONE',  ( -12.36320804911002469, -8.527536264079067507, -124.9949820965277638 ) ) ;
#3901 = CARTESIAN_POINT ( 'NONE',  ( 225.0000000000000853, 38.01992609899491526, -332.9646442435207518 ) ) ;
#3902 = CARTESIAN_POINT ( 'NONE',  ( 225.0000000000000568, 15.30470411771924510, -338.1864736890404401 ) ) ;
#3903 = CARTESIAN_POINT ( 'NONE',  ( 225.0000000000000568, 35.49166685637052154, -354.0897717291843492 ) ) ;
#3904 = CARTESIAN_POINT ( 'NONE',  ( -960.0000000000000000, 32.61759250514128183, 137.6437123335327328 ) ) ;
#3905 = CARTESIAN_POINT ( 'NONE',  ( -213.5283270092247676, 35.92812298885487365, -302.8399504476073503 ) ) ;
#3906 = PRESENTATION_STYLE_ASSIGNMENT (( #4285 ) ) ;
#3907 = LINE ( 'NONE', #807, #4599 ) ;
#3908 = CARTESIAN_POINT ( 'NONE',  ( 225.0000000000000000, 28.50032077218229176, -393.2885571623346550 ) ) ;
#3909 = EDGE_LOOP ( 'NONE', ( #4398, #78, #2614, #433, #2610, #4720, #3538, #1809, #3855 ) ) ;
#3910 = CYLINDRICAL_SURFACE ( 'NONE', #83, 9.750000000000000000 ) ;
#3911 = CARTESIAN_POINT ( 'NONE',  ( 18.58456244477013541, 15.68620955022058716, -77.39992368675328294 ) ) ;
#3912 = ADVANCED_FACE ( 'NONE', ( #5434 ), #2251, .F. ) ;
#3913 = CARTESIAN_POINT ( 'NONE',  ( -27.83374571032442191, -16.11626646038090982, -46.53904117984438216 ) ) ;
#3914 = CARTESIAN_POINT ( 'NONE',  ( -73.95627673971235083, 17.81465611991810860, 243.1116665911387145 ) ) ;
#3915 = FACE_OUTER_BOUND ( 'NONE', #3134, .T. ) ;
#3916 = EDGE_LOOP ( 'NONE', ( #118, #1736, #5649, #1138 ) ) ;
#3917 = CARTESIAN_POINT ( 'NONE',  ( -55.08034071453465685, 0.7260866309022678822, 438.0555349262139657 ) ) ;
#3918 = DIRECTION ( 'NONE',  ( -0.2734365203602017735, 0.4566347932089410699, -0.8465914805644650931 ) ) ;
#3919 = CARTESIAN_POINT ( 'NONE',  ( 50.18701480985657781, 44.41102934763021182, 145.8346031396005742 ) ) ;
#3920 = CARTESIAN_POINT ( 'NONE',  ( -27.69783317733820027, 25.42377110511422700, -11.37533603600543231 ) ) ;
#3921 = CARTESIAN_POINT ( 'NONE',  ( 14.75338298709104023, -2.708817165794496606, -124.9949820965277922 ) ) ;
#3922 = DIRECTION ( 'NONE',  ( -1.000000000000000000, 0.000000000000000000, 0.000000000000000000 ) ) ;
#3923 = CARTESIAN_POINT ( 'NONE',  ( 225.0000000000000284, 22.39273801676204556, -382.3469623745892818 ) ) ;
#3924 = B_SPLINE_CURVE_WITH_KNOTS ( 'NONE', 3,
 ( #1395, #1670, #4407, #5305, #5177, #443, #1366, #2223, #1237, #4869, #3519, #1336, #937, #5333, #2193, #3147, #2713, #4898, #63, #2685, #4438, #503, #1215, #2253, #3948, #4, #2526, #2962, #964, #4006, #1823, #4469, #5614, #2280, #4036, #98, #4710, #3846, #4927, #2368, #1511, #5363, #4126, #189, #4985, #593, #1082, #3637, #621, #4498, #1113, #5394, #2770, #1053, #4615, #4584, #1942, #1910, #1881, #3695, #1968, #1454, #2337, #3289, #4097, #5452, #3203, #246 ),
 .UNSPECIFIED., .F., .F.,
 ( 4, 2, 2, 2, 2, 2, 2, 2, 2, 2, 2, 2, 2, 2, 2, 2, 2, 2, 2, 2, 2, 2, 2, 2, 2, 2, 2, 2, 2, 2, 2, 2, 2, 4 ),
 ( 0.08549663739303864363, 0.08706435811923254886, 0.08863207884542645409, 0.09019979957162035933, 0.09176752029781426456, 0.09255138066091113391, 0.09333524102400800326, 0.09372717120555638937, 0.09411910138710476159, 0.09451103156865314769, 0.09490296175020151992, 0.09529489193174989214, 0.09568682211329827825, 0.09647068247639495331, 0.09725454283949164225, 0.09803840320258831731, 0.09960612392878182009, 0.1011738446549753229, 0.1043092861073623284, 0.1074447275597493340, 0.1105801690121363395, 0.1168510519169101841, 0.1231219348216840426, 0.1293928177264578872, 0.1356637006312317317, 0.1387991420836185708, 0.1419345835360054098, 0.1482054664407792544, 0.1544763493455530989, 0.1607472322503269435, 0.1670181151551007881, 0.1732889980598746327, 0.1795598809646484773, 0.1858307638694223218 ),
 .UNSPECIFIED. ) ;
#3925 = CARTESIAN_POINT ( 'NONE',  ( -38.31051380600611367, 31.89417614432924708, 438.0555349262138520 ) ) ;
#3926 = LINE ( 'NONE', #4417, #5622 ) ;
#3927 = UNCERTAINTY_MEASURE_WITH_UNIT (LENGTH_MEASURE( 1.000000000000000082E-05 ), #2667, 'distance_accuracy_value', 'NONE');
#3928 = CARTESIAN_POINT ( 'NONE',  ( 62.85895673062132261, 17.64336811899495316, 402.2845281192506945 ) ) ;
#3929 = CARTESIAN_POINT ( 'NONE',  ( -59.62544511873858966, -27.46070016130710911, 106.1228587318999814 ) ) ;
#3930 = CARTESIAN_POINT ( 'NONE',  ( 225.0000000000000853, 37.42460575212933094, -324.8825895697036117 ) ) ;
#3931 = CARTESIAN_POINT ( 'NONE',  ( 225.0000000000000284, 15.16777061821053074, -335.3847312098426983 ) ) ;
#3932 = CARTESIAN_POINT ( 'NONE',  ( 225.0000000000000284, 37.34339838819559532, -343.1956802600429342 ) ) ;
#3933 = CARTESIAN_POINT ( 'NONE',  ( -68.84406784725416628, 25.63483239037436690, 30.09770325084823739 ) ) ;
#3934 = ORIENTED_EDGE ( 'NONE', *, *, #765, .F. ) ;
#3935 = CARTESIAN_POINT ( 'NONE',  ( -216.0568042178431369, 38.30553324789930514, -306.3867472287967644 ) ) ;
#3936 = ADVANCED_FACE ( 'NONE', ( #2108 ), #4544, .T. ) ;
#3937 = FACE_OUTER_BOUND ( 'NONE', #4365, .T. ) ;
#3938 = CARTESIAN_POINT ( 'NONE',  ( 225.0000000000000284, 30.02660673625163668, -386.5172408788406528 ) ) ;
#3939 = ORIENTED_EDGE ( 'NONE', *, *, #1192, .F. ) ;
#3940 = CARTESIAN_POINT ( 'NONE',  ( 49.88391371952739206, 25.46258635422384486, 26.38907826066425244 ) ) ;
#3941 = CARTESIAN_POINT ( 'NONE',  ( 41.71917371189599777, 0.000000000000000000, 466.7211743237411383 ) ) ;
#3942 = CARTESIAN_POINT ( 'NONE',  ( -21.80046720562237539, -49.59921049120388403, 402.2845281192504672 ) ) ;
#3943 = CARTESIAN_POINT ( 'NONE',  ( -72.43020485602006886, 25.64453857447909257, 245.2704220269530992 ) ) ;
#3944 = CARTESIAN_POINT ( 'NONE',  ( -237.0000000000505054, 26.26107159832745452, 147.0000000000000284 ) ) ;
#3945 = CARTESIAN_POINT ( 'NONE',  ( -59.03163587004907953, -20.20102093431303558, 402.2845281192503535 ) ) ;
#3946 = CARTESIAN_POINT ( 'NONE',  ( -210.6658381892069087, 35.07436541174488553, -396.5448571744349806 ) ) ;
#3947 = CARTESIAN_POINT ( 'NONE',  ( 49.06915732654336892, 45.14123332734251193, 161.2609157893151348 ) ) ;
#3948 = CARTESIAN_POINT ( 'NONE',  ( -211.8892690285023264, 35.70954915045223999, -304.6650394393969918 ) ) ;
#3949 = CARTESIAN_POINT ( 'NONE',  ( -35.75442883659958682, 25.14444139304618986, 21.27558052793560250 ) ) ;
#3950 = CARTESIAN_POINT ( 'NONE',  ( 60.99266019126699234, 21.69630356265180993, 72.33769035883780418 ) ) ;
#3951 = CARTESIAN_POINT ( 'NONE',  ( 67.47250797352978680, -9.915743192919370230, 106.1228587318999388 ) ) ;
#3952 = CARTESIAN_POINT ( 'NONE',  ( 54.12452691401200155, 45.02697702901188137, 162.5617029623771828 ) ) ;
#3953 = CARTESIAN_POINT ( 'NONE',  ( 225.0000000000000853, 21.49135957520953255, -376.8757431880565036 ) ) ;
#3954 = CARTESIAN_POINT ( 'NONE',  ( 10.14874065567960315, 63.35789830906765729, 106.1228587318994130 ) ) ;
#3955 = CARTESIAN_POINT ( 'NONE',  ( 72.69084810271766628, 13.88988985086025885, 236.3973238123643341 ) ) ;
#3956 = CARTESIAN_POINT ( 'NONE',  ( 52.47392967115564488, -13.51021295336198413, 438.0555349262137383 ) ) ;
#3957 = CARTESIAN_POINT ( 'NONE',  ( -33.31203106157188643, -44.68945404300639979, 402.2845281192504103 ) ) ;
#3958 = CARTESIAN_POINT ( 'NONE',  ( -211.4065022432551757, 32.60274477943661964, -397.0000000000000000 ) ) ;
#3959 = CARTESIAN_POINT ( 'NONE',  ( 224.9999999999999432, 15.17485165697569904, -335.6286547400089830 ) ) ;
#3960 = CARTESIAN_POINT ( 'NONE',  ( 225.0000000000000568, 36.21224100419531311, -350.1849278475468736 ) ) ;
#3961 = CARTESIAN_POINT ( 'NONE',  ( 9.750000000000000000, 0.000000000000000000, -124.9949820965277922 ) ) ;
#3962 = ORIENTED_EDGE ( 'NONE', *, *, #5414, .T. ) ;
#3963 = CARTESIAN_POINT ( 'NONE',  ( -213.1034426760025724, 35.39750324180955232, -304.0097707139510703 ) ) ;
#3964 = CARTESIAN_POINT ( 'NONE',  ( -82.80880651656960367, 26.21745551326178258, 234.2045775591350889 ) ) ;
#3965 = CARTESIAN_POINT ( 'NONE',  ( 225.0000000000000000, 28.61479643491123426, -392.8807174083187306 ) ) ;
#3966 = EDGE_CURVE ( 'NONE', #4889, #2754, #624, .T. ) ;
#3967 = ORIENTED_EDGE ( 'NONE', *, *, #166, .T. ) ;
#3968 = CARTESIAN_POINT ( 'NONE',  ( 0.000000000000000000, 183.4551897322243121, -410.4356226108509986 ) ) ;
#3969 = CARTESIAN_POINT ( 'NONE',  ( 225.0000000000000568, 30.85857845271144839, -301.1212974149291881 ) ) ;
#3970 = CARTESIAN_POINT ( 'NONE',  ( -37.03445223242201223, -71.75822925255531004, 294.0012731391506691 ) ) ;
#3971 = CARTESIAN_POINT ( 'NONE',  ( -73.98145383241519824, 17.38497169005645659, 242.7361683025357877 ) ) ;
#3972 = CARTESIAN_POINT ( 'NONE',  ( 73.15734213313668022, 16.19742008363181540, 160.4161156425311958 ) ) ;
#3973 = CARTESIAN_POINT ( 'NONE',  ( -64.50941066500305965, -4.268615899698224858, 402.2845281192510356 ) ) ;
#3974 = CARTESIAN_POINT ( 'NONE',  ( -210.0157145753093459, 25.57372168930204026, -343.9584312031898321 ) ) ;
#3975 = CARTESIAN_POINT ( 'NONE',  ( 14.39142679230634947, 19.34833319252665618, -79.19911838598231668 ) ) ;
#3976 = CARTESIAN_POINT ( 'NONE',  ( 799.9999999999997726, 34.12716974373234535, 188.7066738729619715 ) ) ;
#3977 = CARTESIAN_POINT ( 'NONE',  ( -212.6241752318572082, 34.73847026845633934, -302.8866455444779717 ) ) ;
#3978 = CARTESIAN_POINT ( 'NONE',  ( 38.22837986899742901, 25.23337273266817249, 30.58468241699935319 ) ) ;
#3979 = CARTESIAN_POINT ( 'NONE',  ( 57.00844439527377716, 94.24550978867188178, 294.0012731391505554 ) ) ;
#3980 = CARTESIAN_POINT ( 'NONE',  ( 41.66311073920218888, 28.66327706455173541, 49.12469961200434199 ) ) ;
#3981 = CARTESIAN_POINT ( 'NONE',  ( 5.050673245201183998E-11, 0.000000000000000000, 498.0555349262137952 ) ) ;
#3982 = CARTESIAN_POINT ( 'NONE',  ( -20.34533245743696384, 41.24729815361461505, 438.0555349262136247 ) ) ;
#3983 = CARTESIAN_POINT ( 'NONE',  ( 70.90499651183583296, 24.91750054211546228, 233.6611111520795419 ) ) ;
#3984 = UNCERTAINTY_MEASURE_WITH_UNIT (LENGTH_MEASURE( 1.000000000000000082E-05 ), #2790, 'distance_accuracy_value', 'NONE');
#3985 = CARTESIAN_POINT ( 'NONE',  ( 32.75694177864217238, 35.62781313794805271, 438.0555349262138520 ) ) ;
#3986 = CARTESIAN_POINT ( 'NONE',  ( -26.08701233113897544, -18.83413467832994215, -46.53904117984431821 ) ) ;
#3987 = CARTESIAN_POINT ( 'NONE',  ( 0.000000000000000000, 195.5952647681596090, -481.6864607382723875 ) ) ;
#3988 = CARTESIAN_POINT ( 'NONE',  ( 225.0000000000000000, 16.95053699739988673, -350.1535046960515842 ) ) ;
#3989 = ADVANCED_FACE ( 'NONE', ( #929 ), #5706, .T. ) ;
#3990 = CARTESIAN_POINT ( 'NONE',  ( 224.9999999999999716, 37.48295498513864743, -342.1097352676574701 ) ) ;
#3991 = ORIENTED_EDGE ( 'NONE', *, *, #5237, .F. ) ;
#3992 = B_SPLINE_CURVE_WITH_KNOTS ( 'NONE', 3,
 ( #1669, #4628, #4279, #5118, #5586, #4253, #2010, #2873, #3735, #2069, #1981, #2841, #4597, #722, #317, #665, #3822, #2469, #4224, #2410, #2039, #4167, #230, #5495, #1553, #3793, #1638, #3556, #3035, #4304, #1802, #1773, #5255, #5640, #4762, #394, #1236, #913, #2631, #3094, #4846, #3443, #1745, #3527, #5284 ),
 .UNSPECIFIED., .F., .F.,
 ( 4, 2, 2, 2, 2, 2, 2, 2, 2, 2, 2, 2, 2, 2, 2, 2, 1, 2, 2, 2, 2, 2, 4 ),
 ( 0.03282351921456760219, 0.04311475582858477484, 0.04826037413559335770, 0.05340599244260194056, 0.07398846567063620261, 0.09457093889867046466, 0.1151534121267047406, 0.1202990304337132610, 0.1254446487407217536, 0.1357358853547387667, 0.1563183585827728206, 0.1769008318108068745, 0.1974833050388408728, 0.2180657782668749545, 0.2232113965738834471, 0.2257842057273877212, 0.2283570148808919398, 0.2386482514949090084, 0.2798131979509773104, 0.3209781444070456402, 0.3415606176350797218, 0.3518518542490967627, 0.3621430908631138590 ),
 .UNSPECIFIED. ) ;
#3993 = CARTESIAN_POINT ( 'NONE',  ( -212.5068751082771712, 36.43235596780843366, -304.6223625221886664 ) ) ;
#3994 = PRODUCT_CONTEXT ( 'NONE', #5361, 'mechanical' ) ;
#3995 = CARTESIAN_POINT ( 'NONE',  ( 12.05180820906161188, 13.21509734848354611, 498.0555349261633182 ) ) ;
#3996 = CARTESIAN_POINT ( 'NONE',  ( 225.0000000000000568, 29.34918128861897557, -389.8579617561549071 ) ) ;
#3997 = ORIENTED_EDGE ( 'NONE', *, *, #143, .F. ) ;
#3998 = CARTESIAN_POINT ( 'NONE',  ( 14.99999999995778488, 1.836970198715860183E-15, -134.9949820965277638 ) ) ;
#3999 = CARTESIAN_POINT ( 'NONE',  ( -72.82074864989010621, 24.28735944827124271, 245.3938644653173924 ) ) ;
#4000 = CARTESIAN_POINT ( 'NONE',  ( -39.73244130029988952, 13.26279977046008973, 6.191268795275622239 ) ) ;
#4001 = CARTESIAN_POINT ( 'NONE',  ( -212.8122485172681593, 37.02726186072829506, -398.8278167878062845 ) ) ;
#4002 = CARTESIAN_POINT ( 'NONE',  ( 0.000000000000000000, 17.38087294858135579, 108.8017245118603711 ) ) ;
#4003 = CARTESIAN_POINT ( 'NONE',  ( -82.36348760532351321, 26.51879998870975541, 234.2285594299492004 ) ) ;
#4004 = CARTESIAN_POINT ( 'NONE',  ( -209.2454077113596611, 30.35461309223719439, -367.1596758570242400 ) ) ;
#4005 = CARTESIAN_POINT ( 'NONE',  ( 38.17221620828037487, 24.84345956520945720, 18.00149042469434590 ) ) ;
#4006 = CARTESIAN_POINT ( 'NONE',  ( -211.0057285207742552, 34.58552834385835695, -306.0294930514800171 ) ) ;
#4007 = CARTESIAN_POINT ( 'NONE',  ( -18.34129600912869051, 16.07294818055043351, -91.44078466482272916 ) ) ;
#4008 = CARTESIAN_POINT ( 'NONE',  ( 51.07299896850367560, 25.98017117068803472, 22.07694696407686408 ) ) ;
#4009 = CARTESIAN_POINT ( 'NONE',  ( -51.13706025085105011, 38.90804440634121164, 402.2845281192504672 ) ) ;
#4010 = CARTESIAN_POINT ( 'NONE',  ( 38.72228495730480091, 25.13509960737873783, 21.59255222906245919 ) ) ;
#4011 = CARTESIAN_POINT ( 'NONE',  ( 41.69985731813349616, 1.173654730638943544, 466.7211743237411383 ) ) ;
#4012 = CARTESIAN_POINT ( 'NONE',  ( -45.32951016054275328, 25.22542294017911857, 438.0555349262136247 ) ) ;
#4013 = B_SPLINE_CURVE_WITH_KNOTS ( 'NONE', 3,
 ( #2944, #5678, #2132, #1272, #2184, #3400, #3940, #4291, #1301, #5161, #5650, #5705, #3511, #840, #329, #4696, #787, #407, #3047, #3833, #762, #5598, #1704, #3454, #4313, #1678 ),
 .UNSPECIFIED., .F., .F.,
 ( 4, 2, 2, 2, 2, 2, 2, 2, 2, 2, 2, 2, 4 ),
 ( 1.645154529207419905E-15, 0.0008575547946255567162, 0.001715109589249468264, 0.003430219178497308057, 0.005145328767745148066, 0.006860438356992988075, 0.008575547946240828084, 0.01029065753548866549, 0.01372087671398435765, 0.02058131507097573504, 0.02744175342796711936, 0.04116263014194986719, 0.05488350685593262890 ),
 .UNSPECIFIED. ) ;
#4014 = CARTESIAN_POINT ( 'NONE',  ( 72.22069636835065864, 23.72938479410727552, 245.4072717373477985 ) ) ;
#4015 = COLOUR_RGB ( '',0.7921568627450980005, 0.8196078431372548767, 0.9333333333333333481 ) ;
#4016 = CARTESIAN_POINT ( 'NONE',  ( 37.65126480469366044, 50.81110080213249347, 402.2845281192506945 ) ) ;
#4017 = CARTESIAN_POINT ( 'NONE',  ( -66.62141555246752489, -3.217251738354957702, 106.1228587319004646 ) ) ;
#4018 = CARTESIAN_POINT ( 'NONE',  ( -211.6310278209506635, 32.81602737142348758, -397.8342301022852894 ) ) ;
#4019 = CARTESIAN_POINT ( 'NONE',  ( 225.0000000000000284, 16.64423717667316538, -348.4283546064955317 ) ) ;
#4020 =( NAMED_UNIT ( * ) PLANE_ANGLE_UNIT ( ) SI_UNIT ( $, .RADIAN. ) );
#4021 = ORIENTED_EDGE ( 'NONE', *, *, #3125, .T. ) ;
#4022 = CARTESIAN_POINT ( 'NONE',  ( -218.5402629531196794, 40.86866329483775218, -352.3022848835349237 ) ) ;
#4023 = CARTESIAN_POINT ( 'NONE',  ( 28.57666405927040998, 39.64529204545068097, 438.0555349262138520 ) ) ;
#4024 = CARTESIAN_POINT ( 'NONE',  ( 225.0000000000000568, 30.28059368208537450, -385.1520456406608446 ) ) ;
#4025 = ORIENTED_EDGE ( 'NONE', *, *, #253, .F. ) ;
#4026 = CARTESIAN_POINT ( 'NONE',  ( 14.99999999995778488, 1.836970198715860183E-15, -134.9949820965277638 ) ) ;
#4027 = CARTESIAN_POINT ( 'NONE',  ( -68.94464619191265342, 33.36260564836340592, 239.1839364297308066 ) ) ;
#4028 = CYLINDRICAL_SURFACE ( 'NONE', #5061, 9.750000000000000000 ) ;
#4029 = CARTESIAN_POINT ( 'NONE',  ( -28.07260918463223476, 14.88273028298100975, -45.04950945368454285 ) ) ;
#4030 = CARTESIAN_POINT ( 'NONE',  ( 81.47534598459154154, 22.60144654277470622, 224.2675904078833184 ) ) ;
#4031 = CARTESIAN_POINT ( 'NONE',  ( 14.77683645856270545, -29.54289786849344779, 466.7211743237411383 ) ) ;
#4032 = CARTESIAN_POINT ( 'NONE',  ( -73.85813077085032319, 18.94254876018492695, 243.9382063545853896 ) ) ;
#4033 = TOROIDAL_SURFACE ( 'NONE', #4590, 11.99999999999999645, 3.000000000000000000 ) ;
#4034 = CARTESIAN_POINT ( 'NONE',  ( -209.3381509379090346, 30.87915144545148038, -370.2208944301610245 ) ) ;
#4035 = CARTESIAN_POINT ( 'NONE',  ( 31.59246837129786556, 28.59638804804473011, 23.10099799414257760 ) ) ;
#4036 = CARTESIAN_POINT ( 'NONE',  ( -210.3384128606933530, 33.27770446695642903, -308.8418034097164195 ) ) ;
#4037 = CARTESIAN_POINT ( 'NONE',  ( -9.195796964461100842, 14.09925475763543190, -116.7664316024017950 ) ) ;
#4038 = CARTESIAN_POINT ( 'NONE',  ( 37.08421486542986401, 25.54920779410687004, 25.98393157568257550 ) ) ;
#4039 = CARTESIAN_POINT ( 'NONE',  ( 6.988516281131240682, 13.30434110131866987, -124.9949820965277638 ) ) ;
#4040 = CARTESIAN_POINT ( 'NONE',  ( 55.57220319763054306, 44.94966455656538074, 167.8365405804880481 ) ) ;
#4041 = CARTESIAN_POINT ( 'NONE',  ( 176.5887475188747260, 25.95666394835933843, 42.36055464720464414 ) ) ;
#4042 = EDGE_CURVE ( 'NONE', #4457, #3102, #3425, .T. ) ;
#4043 = CARTESIAN_POINT ( 'NONE',  ( -19.76563400710126217, 60.10039298111953343, 106.1228587319001235 ) ) ;
#4044 = CARTESIAN_POINT ( 'NONE',  ( 82.68876101317577820, 25.40959307118287214, 233.8963751817271373 ) ) ;
#4045 = CARTESIAN_POINT ( 'NONE',  ( -65.49916190917798531, 40.53958889281172162, 201.9689846983710027 ) ) ;
#4046 = CARTESIAN_POINT ( 'NONE',  ( 6.689633150122456406, -31.98977989002112210, -46.53904117984431821 ) ) ;
#4047 = CARTESIAN_POINT ( 'NONE',  ( 82.56232982171002277, 14.86841255950806229, 235.1338595349666036 ) ) ;
#4048 = CARTESIAN_POINT ( 'NONE',  ( 225.0000000000000000, 18.05241561954427354, -356.1111607912557702 ) ) ;
#4049 = MECHANICAL_DESIGN_GEOMETRIC_PRESENTATION_REPRESENTATION (  '', ( #2033 ), #927 ) ;
#4050 = CARTESIAN_POINT ( 'NONE',  ( -210.0000000000505338, 26.26107159833085802, -331.5401424110946778 ) ) ;
#4051 = ORIENTED_EDGE ( 'NONE', *, *, #2107, .T. ) ;
#4052 = B_SPLINE_SURFACE_WITH_KNOTS ( 'NONE', 3, 1, ( 
 ( #88, #955 ),
 ( #1900, #5384 ),
 ( #24, #4860 ),
 ( #3656, #1444 ),
 ( #4399, #1327 ),
 ( #5353, #3165 ),
 ( #928, #4917 ),
 ( #1013, #522 ),
 ( #4890, #1786 ),
 ( #2705, #4057 ),
 ( #4947, #984 ),
 ( #2327, #4429 ),
 ( #2243, #3539 ),
 ( #4488, #4458 ),
 ( #3192, #3968 ),
 ( #550, #2300 ) ),
 .UNSPECIFIED., .T., .F., .F.,
 ( 4, 1, 1, 1, 1, 1, 1, 1, 1, 1, 1, 1, 1, 4 ),
 ( 2, 2 ),
 ( 0.000000000000000000, 0.02161159401679269010, 0.07570000000004212248, 0.1971115940168136071, 0.2266192821405969005, 0.4002000000000214275, 0.4021192821406178175, 0.5737807178594460655, 0.5757000000000420670, 0.7492807178594663720, 0.7787884059832502759, 0.9002000000000215385, 0.9542884059832705823, 1.000000000000000000 ),
 ( 0.000000000000000000, 1.000000000000000000 ),
 .UNSPECIFIED. ) ;
#4053 = CARTESIAN_POINT ( 'NONE',  ( -219.9162829979242986, 41.10037196478197075, -328.3923811709568668 ) ) ;
#4054 = CARTESIAN_POINT ( 'NONE',  ( 5.050673245201183998E-11, 0.000000000000000000, 498.0555349262137952 ) ) ;
#4055 = CARTESIAN_POINT ( 'NONE',  ( 225.0000000000000853, 32.14261564719927122, -373.9408236574734588 ) ) ;
#4056 = ORIENTED_EDGE ( 'NONE', *, *, #3966, .F. ) ;
#4057 = CARTESIAN_POINT ( 'NONE',  ( 0.000000000000000000, 201.2766279810474828, -447.4295559341971398 ) ) ;
#4058 = CARTESIAN_POINT ( 'NONE',  ( -41.30139620475959816, 46.98310287280724395, 141.3118189034387626 ) ) ;
#4059 = FACE_OUTER_BOUND ( 'NONE', #2321, .T. ) ;
#4060 = CARTESIAN_POINT ( 'NONE',  ( -38.00884422299247944, 25.80912866535206618, 22.28707785352655080 ) ) ;
#4061 = CARTESIAN_POINT ( 'NONE',  ( -212.7616275810565583, 37.74553072848737401, -396.8801005574114811 ) ) ;
#4062 = ORIENTED_EDGE ( 'NONE', *, *, #1518, .T. ) ;
#4063 = CARTESIAN_POINT ( 'NONE',  ( 5.050673245201183998E-11, 0.000000000000000000, 498.0555349262137952 ) ) ;
#4064 = CARTESIAN_POINT ( 'NONE',  ( -82.03301259897789066, 26.71820471423329124, 234.2230522356010169 ) ) ;
#4065 = CARTESIAN_POINT ( 'NONE',  ( -209.2745115029561305, 30.53268944523262363, -368.1788741776711618 ) ) ;
#4066 = CARTESIAN_POINT ( 'NONE',  ( 27.89176546817454394, 19.96305239671664111, -42.78604225874354228 ) ) ;
#4067 = CARTESIAN_POINT ( 'NONE',  ( 0.000000000000000000, 200.3276468959807346, -413.0930335130314006 ) ) ;
#4068 = CARTESIAN_POINT ( 'NONE',  ( -211.8713645104928389, 33.52092810048193883, -303.7909283392261841 ) ) ;
#4069 = CARTESIAN_POINT ( 'NONE',  ( 61.89406815438941578, 16.11965662143110833, 151.1398290858492715 ) ) ;
#4070 = CARTESIAN_POINT ( 'NONE',  ( -74.67850689724470215, 71.96899818108651914, 294.0012731391504985 ) ) ;
#4071 = CARTESIAN_POINT ( 'NONE',  ( 51.49829840615576160, 44.79837380343690967, 151.9489280808950298 ) ) ;
#4072 = CARTESIAN_POINT ( 'NONE',  ( 363.4978114932827680, 26.60818605753065569, 60.14453791051543163 ) ) ;
#4073 = CARTESIAN_POINT ( 'NONE',  ( 82.42617961795377823, 25.81441758398771569, 234.1066502362364190 ) ) ;
#4074 = EDGE_CURVE ( 'NONE', #3690, #4452, #4778, .T. ) ;
#4075 = CARTESIAN_POINT ( 'NONE',  ( -59.78085289610207553, 43.18401312925634272, 212.8300794312369533 ) ) ;
#4076 = CARTESIAN_POINT ( 'NONE',  ( 0.9098754618061336563, -67.98412915238776577, 106.1228587318995267 ) ) ;
#4077 = CARTESIAN_POINT ( 'NONE',  ( 225.0000000000000284, 34.42873564697472233, -310.6842194242963728 ) ) ;
#4078 = CARTESIAN_POINT ( 'NONE',  ( 224.9999999999999716, 16.32536696919072838, -346.5399011221835508 ) ) ;
#4079 = B_SPLINE_CURVE_WITH_KNOTS ( 'NONE', 3,
 ( #5182, #3394, #5154, #2990, #4770, #806, #5093, #2909, #4339, #402, #3852, #2555, #5592, #323, #3799, #373, #2127, #1617 ),
 .UNSPECIFIED., .F., .F.,
 ( 4, 2, 2, 2, 2, 2, 2, 2, 4 ),
 ( -4.162259700540818546E-05, 0.005952511370437867620, 0.01194664533788114373, 0.02393491327276769595, 0.03592318120765424644, 0.04791144914254080039, 0.07188798501231385973, 0.08387625294720039981, 0.09586452088208692601 ),
 .UNSPECIFIED. ) ;
#4080 = CARTESIAN_POINT ( 'NONE',  ( -38.75159544553873303, 13.45373603332425994, 1.129273379166765734 ) ) ;
#4081 = FACE_OUTER_BOUND ( 'NONE', #147, .T. ) ;
#4082 = CARTESIAN_POINT ( 'NONE',  ( -220.2704829961237749, 41.24667336426549724, -338.3392600977322218 ) ) ;
#4083 = CARTESIAN_POINT ( 'NONE',  ( -13.99860232761763257, 26.43019469696708157, 466.7211743237411383 ) ) ;
#4084 = CARTESIAN_POINT ( 'NONE',  ( 225.0000000000000853, 28.41749664140516884, -297.5980145002215522 ) ) ;
#4085 = CARTESIAN_POINT ( 'NONE',  ( 225.0000000000000568, 32.68916404410691001, -370.4660610995096022 ) ) ;
#4086 = EDGE_LOOP ( 'NONE', ( #4062, #4667, #2565, #1898, #2086, #1012, #5290, #2558 ) ) ;
#4087 = LINE ( 'NONE', #3998, #3576 ) ;
#4088 = CARTESIAN_POINT ( 'NONE',  ( -42.13977646473640704, 47.50104979761991331, 146.9207362603202967 ) ) ;
#4089 = CARTESIAN_POINT ( 'NONE',  ( -224.9999999999999716, 16.56867141724177017, -347.2499780119509296 ) ) ;
#4090 = CARTESIAN_POINT ( 'NONE',  ( -38.19854310475109571, 25.76032676879276195, 23.08744807162530677 ) ) ;
#4091 = CARTESIAN_POINT ( 'NONE',  ( -214.0459467128577558, 34.09772219172761965, -399.6717340085632486 ) ) ;
#4092 = ORIENTED_EDGE ( 'NONE', *, *, #3444, .T. ) ;
#4093 = CARTESIAN_POINT ( 'NONE',  ( 36.48066710526393308, -16.45781439611025476, 466.7211743237411383 ) ) ;
#4094 = CARTESIAN_POINT ( 'NONE',  ( -81.29538920521487455, 27.10353278508073416, 234.1521028494781831 ) ) ;
#4095 = CARTESIAN_POINT ( 'NONE',  ( -209.0958315733225845, 28.71491150558444261, -358.0405913052568962 ) ) ;
#4096 = CARTESIAN_POINT ( 'NONE',  ( 40.19945098839179565, 26.33237945978708794, 33.07287859278206099 ) ) ;
#4097 = CARTESIAN_POINT ( 'NONE',  ( -209.9260779489179924, 33.12694843239637521, -385.0734900031314965 ) ) ;
#4098 = EDGE_CURVE ( 'NONE', #2112, #3598, #1650, .T. ) ;
#4099 = CARTESIAN_POINT ( 'NONE',  ( -211.7604287955355460, 33.31501613334487644, -304.0459990535760539 ) ) ;
#4100 = CARTESIAN_POINT ( 'NONE',  ( 26.02990472165899050, 14.92395065030231827, -48.36793246464109330 ) ) ;
#4101 = CARTESIAN_POINT ( 'NONE',  ( -24.08113499523723178, 117.4063605599359477, 294.0012731391516354 ) ) ;
#4102 = CARTESIAN_POINT ( 'NONE',  ( -77.94355833620757323, 28.38809128397873849, 233.0543416047209178 ) ) ;
#4103 = CARTESIAN_POINT ( 'NONE',  ( 644.1147433438557073, 27.69669841698148716, 84.21044754289344780 ) ) ;
#4104 = CARTESIAN_POINT ( 'NONE',  ( 225.0000000000000284, 37.60725074450710537, -341.0316449715197109 ) ) ;
#4105 = CARTESIAN_POINT ( 'NONE',  ( 70.86596831387963391, 24.08246645743974312, 234.7580815662733755 ) ) ;
#4106 = CARTESIAN_POINT ( 'NONE',  ( 47.21507882817190449, 42.82081168872602461, 402.2845281192504672 ) ) ;
#4107 = CARTESIAN_POINT ( 'NONE',  ( 50.58496311990633387, -17.57526533345351538, 438.0555349262136815 ) ) ;
#4108 = CARTESIAN_POINT ( 'NONE',  ( 66.18736712937612765, 6.840508351567121004, 184.6787679658818320 ) ) ;
#4109 = CARTESIAN_POINT ( 'NONE',  ( 225.0000000000000568, 17.50851517059030726, -353.1861356143356261 ) ) ;
#4110 = CARTESIAN_POINT ( 'NONE',  ( -20.11618978093628840, 15.52130909726832009, -74.99242438103722463 ) ) ;
#4111 = CARTESIAN_POINT ( 'NONE',  ( -70.23795319360128531, 31.15328004673214579, 242.3511063949079585 ) ) ;
#4112 = CARTESIAN_POINT ( 'NONE',  ( -220.6449877352853264, 40.61734467003810778, -350.5467145543449874 ) ) ;
#4113 = CARTESIAN_POINT ( 'NONE',  ( 5.050673245201183998E-11, 0.000000000000000000, 498.0555349262137952 ) ) ;
#4114 = CARTESIAN_POINT ( 'NONE',  ( 225.0000000000000000, 32.09867366150521661, -303.8309451804797163 ) ) ;
#4115 = CARTESIAN_POINT ( 'NONE',  ( 225.0000000000001421, 31.70846766654485194, -376.6796112691974940 ) ) ;
#4116 = EDGE_CURVE ( 'NONE', #1677, #2433, #5081, .T. ) ;
#4117 = SURFACE_STYLE_FILL_AREA ( #178 ) ;
#4118 = CARTESIAN_POINT ( 'NONE',  ( -32.78609111131149234, 28.25098848120873996, 20.87571694065200845 ) ) ;
#4119 = CARTESIAN_POINT ( 'NONE',  ( 8.914861527853087608, 32.55783605374931966, -94.57631718708016422 ) ) ;
#4120 = CARTESIAN_POINT ( 'NONE',  ( -214.0678233257126237, 34.93711112313267364, -399.9719357736653365 ) ) ;
#4121 = ORIENTED_EDGE ( 'NONE', *, *, #3058, .T. ) ;
#4122 = CARTESIAN_POINT ( 'NONE',  ( 0.000000000000000000, 16.88540097720654742, 197.7553633256276555 ) ) ;
#4123 = CARTESIAN_POINT ( 'NONE',  ( -73.01907235336435065, 23.52465588857574019, 245.3835489129888856 ) ) ;
#4124 = CARTESIAN_POINT ( 'NONE',  ( -211.8478438525032743, 33.56024769470099756, -305.9496906448775349 ) ) ;
#4125 = CARTESIAN_POINT ( 'NONE',  ( 9.631036787575213864, 14.24564038828266810, -114.9242502335058731 ) ) ;
#4126 = CARTESIAN_POINT ( 'NONE',  ( -209.3725993774489211, 29.44720820640701930, -322.4506990291052375 ) ) ;
#4127 = CARTESIAN_POINT ( 'NONE',  ( 64.75441537418176097, 39.01043439564182336, 226.9516090673762676 ) ) ;
#4128 = CARTESIAN_POINT ( 'NONE',  ( 24.79924384674333382, 28.31501953365073376, -20.28275695146513513 ) ) ;
#4129 = CARTESIAN_POINT ( 'NONE',  ( 5.237520463044136321, 31.26983367700647420, -46.53904117984444611 ) ) ;
#4130 = CARTESIAN_POINT ( 'NONE',  ( 0.000000000000000000, 0.000000000000000000, -144.9949820965277922 ) ) ;
#4131 = CARTESIAN_POINT ( 'NONE',  ( 41.47061184768650577, -3.499985984472984590, 466.7211743237411383 ) ) ;
#4132 = CARTESIAN_POINT ( 'NONE',  ( 81.35832816197502382, 26.70653859789235796, 234.2325738551600693 ) ) ;
#4133 = CARTESIAN_POINT ( 'NONE',  ( -36.69184972251049714, 25.82432353646933976, 28.28994530204568036 ) ) ;
#4134 = CARTESIAN_POINT ( 'NONE',  ( 27.57985023748833342, -47.60674489028593115, 402.2845281192506945 ) ) ;
#4135 = CARTESIAN_POINT ( 'NONE',  ( 71.29007794824607913, 24.70861092520911839, 233.8319068230622690 ) ) ;
#4136 = CARTESIAN_POINT ( 'NONE',  ( 225.0000000000000853, 20.49737123066610067, -370.5809005414184298 ) ) ;
#4137 = CARTESIAN_POINT ( 'NONE',  ( 32.49072393974920914, -7.120254258055601859, -46.53904117984428979 ) ) ;
#4138 = CARTESIAN_POINT ( 'NONE',  ( -79.63046661656429137, 27.79769547216497472, 233.7984231789663454 ) ) ;
#4139 = CARTESIAN_POINT ( 'NONE',  ( -217.7832351874459107, 39.46241244767799117, -314.6746990101863162 ) ) ;
#4140 = DIRECTION ( 'NONE',  ( -1.000000000000000000, 0.000000000000000000, 0.000000000000000000 ) ) ;
#4141 = VECTOR ( 'NONE', #1197, 1000.000000000000000 ) ;
#4142 = AXIS2_PLACEMENT_3D ( 'NONE', #181, #1503, #3281 ) ;
#4143 = CARTESIAN_POINT ( 'NONE',  ( 225.0000000000505338, 26.26107159832745452, -397.0000000000000000 ) ) ;
#4144 = CARTESIAN_POINT ( 'NONE',  ( 225.0000000000000853, 32.55914117036961386, -371.2924910363415734 ) ) ;
#4145 = ADVANCED_FACE ( 'NONE', ( #5200 ), #3413, .F. ) ;
#4146 = CARTESIAN_POINT ( 'NONE',  ( -39.26655484692665254, 45.01288287272044641, 124.4554065348043252 ) ) ;
#4147 = CARTESIAN_POINT ( 'NONE',  ( 0.000000000000000000, 181.2106965068775537, -448.0271410295465557 ) ) ;
#4148 = CARTESIAN_POINT ( 'NONE',  ( 11.11394297931283859, 32.62627798449837968, -96.09812614421818466 ) ) ;
#4149 = CARTESIAN_POINT ( 'NONE',  ( -215.4004243757929942, 35.06423322941468257, -399.8206699279684244 ) ) ;
#4150 = ORIENTED_EDGE ( 'NONE', *, *, #1441, .T. ) ;
#4151 = CARTESIAN_POINT ( 'NONE',  ( 71.43626199996472792, 11.58366102948218135, 225.2654644159711950 ) ) ;
#4152 = CARTESIAN_POINT ( 'NONE',  ( -22.27220297808210958, 18.95802593592876661, -60.86288792483994570 ) ) ;
#4153 = CARTESIAN_POINT ( 'NONE',  ( -212.0711969039911082, 35.91189794512920486, -304.5810381538670981 ) ) ;
#4154 = CARTESIAN_POINT ( 'NONE',  ( 10.89008394461958140, 17.36518020748236779, -97.81366503122359291 ) ) ;
#4155 = CARTESIAN_POINT ( 'NONE',  ( 0.000000000000000000, 182.4742510694330804, -414.3975106221485589 ) ) ;
#4156 = CARTESIAN_POINT ( 'NONE',  ( -219.4360394433185206, 40.19597966861455518, -359.6449195538839945 ) ) ;
#4157 = CARTESIAN_POINT ( 'NONE',  ( 49.89612735465196636, 26.31688062238759329, 16.50658819545537881 ) ) ;
#4158 = CARTESIAN_POINT ( 'NONE',  ( -51.19326184925682099, -16.39202071488219659, 438.0555349262136247 ) ) ;
#4159 = CARTESIAN_POINT ( 'NONE',  ( -70.40551867284909804, 36.81461169669520928, 214.2209476633585439 ) ) ;
#4160 = CARTESIAN_POINT ( 'NONE',  ( -13.99860232761756684, -26.43019469696715973, 466.7211743237411383 ) ) ;
#4161 = CARTESIAN_POINT ( 'NONE',  ( 70.34840759180011105, 27.19844812084312125, 235.2511158076557365 ) ) ;
#4162 = CARTESIAN_POINT ( 'NONE',  ( -37.09355472595888870, 37.17558166305158096, 79.17387426832630126 ) ) ;
#4163 = CARTESIAN_POINT ( 'NONE',  ( 63.31236115020681865, -10.04926548588826840, 402.2845281192508651 ) ) ;
#4164 = CARTESIAN_POINT ( 'NONE',  ( 224.9999999999999716, 13.77840082820876688, -337.6161166503165418 ) ) ;
#4165 = CARTESIAN_POINT ( 'NONE',  ( 225.0000000000000000, 19.12022860964635029, -362.0838840496321041 ) ) ;
#4166 = CARTESIAN_POINT ( 'NONE',  ( -47.15235945352817737, 11.51397914357695207, 45.09906547012290901 ) ) ;
#4167 = CARTESIAN_POINT ( 'NONE',  ( 36.47734289868309077, 37.70797469230721788, 82.00207728024051335 ) ) ;
#4168 = CARTESIAN_POINT ( 'NONE',  ( -210.2511399845386109, 29.00867967974097894, -371.4151260284976956 ) ) ;
#4169 = CARTESIAN_POINT ( 'NONE',  ( -44.20279867812190133, -49.31609746513480985, 106.1228587318998393 ) ) ;
#4170 = EDGE_CURVE ( 'NONE', #517, #2516, #893, .T. ) ;
#4171 = CARTESIAN_POINT ( 'NONE',  ( 225.0000000000000568, 22.83572670717450848, -300.1674107236364648 ) ) ;
#4172 = CARTESIAN_POINT ( 'NONE',  ( 224.9999999999999716, 32.76940414049035866, -369.9567008717663725 ) ) ;
#4173 = CARTESIAN_POINT ( 'NONE',  ( -214.2425799843331902, 34.69994339262682104, -399.9346595910144515 ) ) ;
#4174 = CARTESIAN_POINT ( 'NONE',  ( -60.81395359445699000, 16.27222954258262888, 143.9747478302736852 ) ) ;
#4175 = CARTESIAN_POINT ( 'NONE',  ( -225.0000000000000000, 36.63460289141169568, -347.8475631073004024 ) ) ;
#4176 = CARTESIAN_POINT ( 'NONE',  ( 3.831248224721791829, 32.30833960084682133, -89.60170920630643820 ) ) ;
#4177 = CARTESIAN_POINT ( 'NONE',  ( -215.4364804828661022, 35.41741412118775401, -399.7330666359238762 ) ) ;
#4178 = ORIENTED_EDGE ( 'NONE', *, *, #2726, .T. ) ;
#4179 = CARTESIAN_POINT ( 'NONE',  ( -960.0000000000000000, 18.60514307096248388, 57.44332189134351552 ) ) ;
#4180 = CARTESIAN_POINT ( 'NONE',  ( -83.50002622329424184, 25.55414773712934107, 233.9739942983163132 ) ) ;
#4181 = CARTESIAN_POINT ( 'NONE',  ( -209.6216579847817343, 30.95430308025290955, -316.2010058731165714 ) ) ;
#4182 = DIRECTION ( 'NONE',  ( -1.000000000000000000, -0.000000000000000000, -0.000000000000000000 ) ) ;
#4183 = CARTESIAN_POINT ( 'NONE',  ( -225.0000000000000284, 29.07549471609711134, -397.0478871478313181 ) ) ;
#4184 = CARTESIAN_POINT ( 'NONE',  ( -215.6004685394972284, 37.95204616761621708, -305.3917383741520553 ) ) ;
#4185 = CARTESIAN_POINT ( 'NONE',  ( 36.16825312700181883, 25.78605318737514551, 22.29574607991096968 ) ) ;
#4186 = CARTESIAN_POINT ( 'NONE',  ( -95.74462030673561230, 6.991517132741394747, 294.0012731391517491 ) ) ;
#4187 = CARTESIAN_POINT ( 'NONE',  ( -39.71608608485157532, 24.89702039623837493, 18.88162518727905592 ) ) ;
#4188 = CARTESIAN_POINT ( 'NONE',  ( 14.58649412000006862, -44.31434680274012550, 438.0555349262138520 ) ) ;
#4189 = DIRECTION ( 'NONE',  ( 0.000000000000000000, 0.000000000000000000, -1.000000000000000000 ) ) ;
#4190 = CARTESIAN_POINT ( 'NONE',  ( -41.98566722569219678, 26.90557378796281185, 37.52847615057601161 ) ) ;
#4191 = CARTESIAN_POINT ( 'NONE',  ( 14.65994318378233174, -3.217730510650231412, -124.9949820965277922 ) ) ;
#4192 = CARTESIAN_POINT ( 'NONE',  ( 224.9999999999999716, 34.84021176312775481, -311.8063072639330926 ) ) ;
#4193 = CARTESIAN_POINT ( 'NONE',  ( 225.0000000000000284, 18.21435157879567868, -356.9895268701055215 ) ) ;
#4194 = FACE_OUTER_BOUND ( 'NONE', #5009, .T. ) ;
#4195 = B_SPLINE_CURVE_WITH_KNOTS ( 'NONE', 3,
 ( #4207, #1109, #4640, #400, #212, #3449, #5232, #706, #2451, #3776, #3041, #5540, #3718, #1294, #2394, #4151, #1964, #2637 ),
 .UNSPECIFIED., .F., .F.,
 ( 4, 2, 2, 2, 2, 2, 2, 2, 4 ),
 ( 0.2218219276987351274, 0.2389292636966612871, 0.2560365996945874745, 0.2731439356925136064, 0.2902512716904397938, 0.3073586076883659812, 0.3244659436862921131, 0.3415732796842183006, 0.3586806156821444880 ),
 .UNSPECIFIED. ) ;
#4196 = CARTESIAN_POINT ( 'NONE',  ( -215.3580776145169580, 37.75164741990167983, -397.0000000000000000 ) ) ;
#4197 = CARTESIAN_POINT ( 'NONE',  ( -210.8369779052561057, 31.20817360376226191, -387.8861064732204227 ) ) ;
#4198 = CARTESIAN_POINT ( 'NONE',  ( 0.9098754618061336563, -67.98412915238776577, 106.1228587318995267 ) ) ;
#4199 = CARTESIAN_POINT ( 'NONE',  ( 224.9999999999999716, 17.99450818855885359, -313.4305975101035528 ) ) ;
#4200 = CARTESIAN_POINT ( 'NONE',  ( 225.0000000000000000, 33.00253779756206995, -368.4823552835821374 ) ) ;
#4201 = CARTESIAN_POINT ( 'NONE',  ( -214.1941050210023434, 34.77465879595069964, -399.9466955427293442 ) ) ;
#4202 = CARTESIAN_POINT ( 'NONE',  ( -60.99297497491227205, 5.851384381334982621, 139.8097936128185097 ) ) ;
#4203 = LINE ( 'NONE', #1221, #1576 ) ;
#4204 = CARTESIAN_POINT ( 'NONE',  ( -15.17540248201521891, 15.67889101773761418, -91.92523965641547079 ) ) ;
#4205 = CARTESIAN_POINT ( 'NONE',  ( -215.2706202503972577, 34.54574754329273389, -399.8976552447037989 ) ) ;
#4206 = ORIENTED_EDGE ( 'NONE', *, *, #515, .F. ) ;
#4207 = CARTESIAN_POINT ( 'NONE',  ( 55.96794660378463249, 7.525841320715437988, 101.5480698646379523 ) ) ;
#4208 = CARTESIAN_POINT ( 'NONE',  ( -83.64501381733515473, 25.30047106465650586, 233.8044213933686422 ) ) ;
#4209 = CARTESIAN_POINT ( 'NONE',  ( -211.4007657079202431, 35.14623375102418379, -305.1946120895622698 ) ) ;
#4210 = CARTESIAN_POINT ( 'NONE',  ( 12.48447307349106339, 14.30568298134411975, -113.7704849736275889 ) ) ;
#4211 = CARTESIAN_POINT ( 'NONE',  ( 79.97492772225170654, 27.46493510530053683, 234.0209682981238188 ) ) ;
#4212 = CARTESIAN_POINT ( 'NONE',  ( -215.5560591502999443, 37.91777683164140456, -395.6786774048346160 ) ) ;
#4213 = CARTESIAN_POINT ( 'NONE',  ( 36.05553185314459341, 25.81312908909476533, 21.84164535446503663 ) ) ;
#4214 = CARTESIAN_POINT ( 'NONE',  ( -48.96141858332013186, -20.34264226667735187, 438.0555349262137952 ) ) ;
#4215 = CARTESIAN_POINT ( 'NONE',  ( -40.59918856451138680, 25.43661473203034262, 25.05403390487026982 ) ) ;
#4216 = CARTESIAN_POINT ( 'NONE',  ( 20.85958685597148232, -0.1958760482029713312, 498.0555349261633182 ) ) ;
#4217 = CARTESIAN_POINT ( 'NONE',  ( 70.28209756034395639, 27.39310077195295179, 235.1130916659356842 ) ) ;
#4218 = CARTESIAN_POINT ( 'NONE',  ( -43.87019892203387172, 32.78697175205961400, 72.02407752274378083 ) ) ;
#4219 = CARTESIAN_POINT ( 'NONE',  ( 89.90999600786710744, 43.33215805978766610, 294.0012731391507259 ) ) ;
#4220 = CARTESIAN_POINT ( 'NONE',  ( 225.0000000000000000, 17.51765250230849347, -312.9134555907852473 ) ) ;
#4221 = CARTESIAN_POINT ( 'NONE',  ( 225.0000000000000284, 20.24299854814449517, -368.9686707221648021 ) ) ;
#4222 = ADVANCED_FACE ( 'NONE', ( #537 ), #106, .T. ) ;
#4223 = CARTESIAN_POINT ( 'NONE',  ( -15.36171337155513683, 61.96609155395723434, 402.2845281192504672 ) ) ;
#4224 = CARTESIAN_POINT ( 'NONE',  ( 38.51373110257686250, 43.13488089890057608, 112.5252292300215089 ) ) ;
#4225 = CARTESIAN_POINT ( 'NONE',  ( -10.93596570002105217, 34.23087922922374560, -117.3969010413070038 ) ) ;
#4226 = CARTESIAN_POINT ( 'NONE',  ( 27.57985023748833342, -47.60674489028593115, 402.2845281192506945 ) ) ;
#4227 = CARTESIAN_POINT ( 'NONE',  ( 225.0000000000000853, 18.67563183332697108, -310.9086267116645104 ) ) ;
#4228 = CARTESIAN_POINT ( 'NONE',  ( 225.0000000000000284, 35.12945788872161756, -356.0386813252562774 ) ) ;
#4229 = DIRECTION ( 'NONE',  ( 0.000000000000000000, 0.000000000000000000, -1.000000000000000000 ) ) ;
#4230 = CIRCLE ( 'NONE', #348, 3.000000000000002665 ) ;
#4231 = CARTESIAN_POINT ( 'NONE',  ( -211.4167629037842744, 35.31528046492530848, -398.7833809291630587 ) ) ;
#4232 = CARTESIAN_POINT ( 'NONE',  ( -44.04951240967760384, 12.41242602040483867, 28.30149268676793284 ) ) ;
#4233 = CARTESIAN_POINT ( 'NONE',  ( -220.3281597422032689, 41.24718816275982647, -336.6290795323898237 ) ) ;
#4234 = CARTESIAN_POINT ( 'NONE',  ( -212.9630064904690983, 35.04440145602835344, -399.9712018835774643 ) ) ;
#4235 = ORIENTED_EDGE ( 'NONE', *, *, #5382, .T. ) ;
#4236 = CARTESIAN_POINT ( 'NONE',  ( -800.0000000000000000, 32.06920563668001023, 118.4207579638997316 ) ) ;
#4237 = CARTESIAN_POINT ( 'NONE',  ( -73.96979105835725932, 17.60086048782527968, 242.9298246861735606 ) ) ;
#4238 = CARTESIAN_POINT ( 'NONE',  ( -212.0849810422546966, 33.95596255513110862, -305.2554771122528336 ) ) ;
#4239 = CARTESIAN_POINT ( 'NONE',  ( 18.05526377143067407, 16.07062273325789903, -91.51159602450654518 ) ) ;
#4240 = CARTESIAN_POINT ( 'NONE',  ( -79.04439532115907241, 18.43557955802884507, 198.8956056087693867 ) ) ;
#4241 = CARTESIAN_POINT ( 'NONE',  ( -217.6745009483167905, 39.35423280865905582, -375.6672374218727555 ) ) ;
#4242 = CARTESIAN_POINT ( 'NONE',  ( 15.63588151099346391, 33.70660740737034189, -108.1123594438963949 ) ) ;
#4243 = EDGE_CURVE ( 'NONE', #4976, #3160, #5512, .T. ) ;
#4244 = CARTESIAN_POINT ( 'NONE',  ( -7.304585951720921067, 13.12490642194070567, -124.9949820965277212 ) ) ;
#4245 = CARTESIAN_POINT ( 'NONE',  ( -210.0000000000505338, 26.26107159832745452, -397.0000000000000000 ) ) ;
#4246 = CARTESIAN_POINT ( 'NONE',  ( 54.62715720368577621, -5.249978976709432033, 438.0555349262138520 ) ) ;
#4247 = CARTESIAN_POINT ( 'NONE',  ( 68.51413451285525014, 33.78124106378682256, 239.1297547945992505 ) ) ;
#4248 = CARTESIAN_POINT ( 'NONE',  ( -38.68551341913582320, 43.88312304796451713, 116.9801229852396318 ) ) ;
#4249 = CARTESIAN_POINT ( 'NONE',  ( 66.01879690043028859, -21.40576248286473415, 106.1228587318997683 ) ) ;
#4250 = CARTESIAN_POINT ( 'NONE',  ( 9.750000000000000000, 1.194030629168669469E-15, -134.9949820965277638 ) ) ;
#4251 = CARTESIAN_POINT ( 'NONE',  ( 225.0000000000000284, 18.62830381825576964, -359.2700003938862210 ) ) ;
#4252 = CARTESIAN_POINT ( 'NONE',  ( 14.84682279039974873, -2.199903820938761356, -124.9949820965277922 ) ) ;
#4253 = CARTESIAN_POINT ( 'NONE',  ( 54.39306126621746529, 47.17797661631058048, 193.1004459630666190 ) ) ;
#4254 = CYLINDRICAL_SURFACE ( 'NONE', #4316, 14.99999999999998579 ) ;
#4255 = CARTESIAN_POINT ( 'NONE',  ( 1.806497213696219628, -14.91916283737991833, -124.9949820965278064 ) ) ;
#4256 = CARTESIAN_POINT ( 'NONE',  ( 225.0000000000000568, 18.77007263263428172, -310.5787339196467656 ) ) ;
#4257 = CARTESIAN_POINT ( 'NONE',  ( 224.9999999999999716, 34.25090515754244080, -360.9085995827520605 ) ) ;
#4258 = CARTESIAN_POINT ( 'NONE',  ( -225.0000000000505338, 26.26107159832745452, -397.0000000000000000 ) ) ;
#4259 = EDGE_CURVE ( 'NONE', #3312, #731, #837, .T. ) ;
#4260 = CARTESIAN_POINT ( 'NONE',  ( -211.8682766186184665, 35.27763598816547130, -399.3446661825933006 ) ) ;
#4261 = CARTESIAN_POINT ( 'NONE',  ( -58.09147120197543757, 6.676952252202157823, 117.2766225222567442 ) ) ;
#4262 = DIRECTION ( 'NONE',  ( 0.000000000000000000, 0.000000000000000000, -1.000000000000000000 ) ) ;
#4263 = CIRCLE ( 'NONE', #5272, 14.99999999999998579 ) ;
#4264 = ORIENTED_EDGE ( 'NONE', *, *, #1535, .T. ) ;
#4265 = CARTESIAN_POINT ( 'NONE',  ( -13.09145183759382114, 16.78209133416637400, -95.16774815850961033 ) ) ;
#4266 = B_SPLINE_CURVE_WITH_KNOTS ( 'NONE', 3,
 ( #5032, #2848, #4604, #3740, #4634, #700, #2445, #5534, #5094, #1754, #2212, #3964, #2128, #923, #5292, #892, #4310, #1269, #21, #3016, #863, #1243, #4799, #1352 ),
 .UNSPECIFIED., .F., .F.,
 ( 4, 2, 2, 2, 2, 2, 2, 2, 2, 2, 2, 4 ),
 ( 9.142766234092775197E-16, 0.0005103097715979241404, 0.001020619543194933865, 0.001530929314791943914, 0.002041239086388953530, 0.002551548857985963363, 0.003061858629582973629, 0.004082478172776989392, 0.005103097715971006455, 0.006123717259165023519, 0.007144336802359040582, 0.008164956345553057646 ),
 .UNSPECIFIED. ) ;
#4267 = CARTESIAN_POINT ( 'NONE',  ( 71.13989681909892226, 27.73476776091560225, 244.7796580887745392 ) ) ;
#4268 = CARTESIAN_POINT ( 'NONE',  ( -224.9999999999999716, 33.62957271917406388, -308.0590260570313035 ) ) ;
#4269 = CARTESIAN_POINT ( 'NONE',  ( 8.152513973306481532, 15.50577326198582107, -112.7310297151951630 ) ) ;
#4270 = CARTESIAN_POINT ( 'NONE',  ( -20.65067325236246987, 23.42315584001942241, -46.53904117984392741 ) ) ;
#4271 = CARTESIAN_POINT ( 'NONE',  ( -237.0000000000505054, 26.26107159832745452, -397.0000000000000000 ) ) ;
#4272 = CARTESIAN_POINT ( 'NONE',  ( -211.3177936315688044, 32.41259617361449585, -395.9933382644910580 ) ) ;
#4273 = CARTESIAN_POINT ( 'NONE',  ( 70.47817455086928362, 37.17322752368194472, 212.8847114943054066 ) ) ;
#4274 = CARTESIAN_POINT ( 'NONE',  ( -40.30277334734429928, 25.22975628974558049, 22.85818869472864634 ) ) ;
#4275 = CARTESIAN_POINT ( 'NONE',  ( 52.94207101602680865, 12.27276686176527498, 438.0555349262137952 ) ) ;
#4276 = LINE ( 'NONE', #3412, #5648 ) ;
#4277 = CARTESIAN_POINT ( 'NONE',  ( 225.0000000000000000, 21.50091722437300845, -376.9354651672466616 ) ) ;
#4278 = CARTESIAN_POINT ( 'NONE',  ( 32.79920940583567557, -4.148481830253331282, -46.53904117984425426 ) ) ;
#4279 = CARTESIAN_POINT ( 'NONE',  ( 57.30204567789554915, 45.66443875379612649, 202.9375722456657059 ) ) ;
#4280 = CARTESIAN_POINT ( 'NONE',  ( 800.0000000000000000, 28.34244247031788788, 97.73208133257904251 ) ) ;
#4281 = CARTESIAN_POINT ( 'NONE',  ( 16.91461675632785244, -78.23127514918844838, 294.0012731391506691 ) ) ;
#4282 = CARTESIAN_POINT ( 'NONE',  ( 225.0000000000000284, 36.69988725382963679, -320.3426948394029523 ) ) ;
#4283 = CARTESIAN_POINT ( 'NONE',  ( 225.0000000000000284, 19.41590774708048528, -308.4425294752569471 ) ) ;
#4284 = CARTESIAN_POINT ( 'NONE',  ( 225.0000000000000284, 34.71271543560836648, -358.3124226782182973 ) ) ;
#4285 = SURFACE_STYLE_USAGE ( .BOTH. , #3364 ) ;
#4286 = CARTESIAN_POINT ( 'NONE',  ( -213.6001055421055241, 35.52834864278745641, -400.0016187714961688 ) ) ;
#4287 = CARTESIAN_POINT ( 'NONE',  ( -214.6707555272481613, 39.09082737508991556, -382.5014894567855208 ) ) ;
#4288 = EDGE_CURVE ( 'NONE', #3460, #2732, #2121, .T. ) ;
#4289 = ORIENTED_EDGE ( 'NONE', *, *, #568, .T. ) ;
#4290 = CONICAL_SURFACE ( 'NONE', #1812, 3.000000000000002665, 0.01221730476396033251 ) ;
#4291 = CARTESIAN_POINT ( 'NONE',  ( 49.14500677585772337, 25.38229418624723621, 25.52556836676866325 ) ) ;
#4292 = CARTESIAN_POINT ( 'NONE',  ( -68.51766383362799218, 17.40675851835741383, 121.9195612181625421 ) ) ;
#4293 = CARTESIAN_POINT ( 'NONE',  ( -20.05665842649158748, 32.66537686855778588, -98.46909244112407578 ) ) ;
#4294 = CARTESIAN_POINT ( 'NONE',  ( -33.31203106157188643, -44.68945404300639979, 402.2845281192504103 ) ) ;
#4295 = CYLINDRICAL_SURFACE ( 'NONE', #1937, 14.99999999999998579 ) ;
#4296 = CARTESIAN_POINT ( 'NONE',  ( -960.0000000000000000, 29.07205958392727396, 109.7915080539911230 ) ) ;
#4297 = CARTESIAN_POINT ( 'NONE',  ( -211.8996646500570193, 33.75237733396104289, -394.6539931924112352 ) ) ;
#4298 = CARTESIAN_POINT ( 'NONE',  ( 39.99022077132543274, 37.16007383138293818, 94.28932316608528197 ) ) ;
#4299 = CARTESIAN_POINT ( 'NONE',  ( -24.27803134939893326, 18.16256668744280134, -65.18521660641194160 ) ) ;
#4300 = CARTESIAN_POINT ( 'NONE',  ( 63.90914755664324787, 86.96317297817954284, 294.0012731391510101 ) ) ;
#4301 = CARTESIAN_POINT ( 'NONE',  ( 38.41494370914374201, 24.96820895094192849, 19.55231169026403393 ) ) ;
#4302 = CARTESIAN_POINT ( 'NONE',  ( 225.0000000000000000, 22.05598789963229578, -380.3480877872493124 ) ) ;
#4303 = CARTESIAN_POINT ( 'NONE',  ( 23.77947144783783173, 19.08748060379760147, -46.53904117984408373 ) ) ;
#4304 = CARTESIAN_POINT ( 'NONE',  ( 31.39667295563467064, 28.47830637898500683, 21.77681574013244514 ) ) ;
#4305 = CARTESIAN_POINT ( 'NONE',  ( 7.304520183796568311, -13.12527426118781548, -124.9949820965277922 ) ) ;
#4306 = CARTESIAN_POINT ( 'NONE',  ( 224.9999999999999716, 35.53679816213006859, -314.8963104162615423 ) ) ;
#4307 = CARTESIAN_POINT ( 'NONE',  ( 225.0000000000000284, 15.14505334514800339, -333.3894384580083283 ) ) ;
#4308 = CARTESIAN_POINT ( 'NONE',  ( 225.0000000000000000, 34.68425421088515748, -358.4698423321469249 ) ) ;
#4309 = FACE_OUTER_BOUND ( 'NONE', #977, .T. ) ;
#4310 = CARTESIAN_POINT ( 'NONE',  ( -81.05387689039758925, 27.21916473387427615, 234.1182483007885082 ) ) ;
#4311 = CARTESIAN_POINT ( 'NONE',  ( -219.3061281603087309, 41.07298830977462956, -347.2351012925578857 ) ) ;
#4312 = ORIENTED_EDGE ( 'NONE', *, *, #4460, .T. ) ;
#4313 = CARTESIAN_POINT ( 'NONE',  ( 32.92204889366076515, 22.01165840502184068, -17.16336865375934195 ) ) ;
#4314 = CARTESIAN_POINT ( 'NONE',  ( 82.43595227452469487, 25.80589812422796214, 234.1053011463753251 ) ) ;
#4315 = ADVANCED_FACE ( 'NONE', ( #3915 ), #2855, .T. ) ;
#4316 = AXIS2_PLACEMENT_3D ( 'NONE', #2041, #4685, #752 ) ;
#4317 = CARTESIAN_POINT ( 'NONE',  ( 10.16966538614235205, 15.67131439015359184, -106.7651979069465398 ) ) ;
#4318 = CARTESIAN_POINT ( 'NONE',  ( -31.50710172780259199, 7.862783812305591091, -46.53904117984440347 ) ) ;
#4319 = CARTESIAN_POINT ( 'NONE',  ( -1.694065894508600678E-18, 26.91932374928065741, 37.52441055751493337 ) ) ;
#4320 = AXIS2_PLACEMENT_3D ( 'NONE', #719, #2870, #2837 ) ;
#4321 = CARTESIAN_POINT ( 'NONE',  ( -44.78874838523783097, 24.49178296850911352, 14.71635295434305490 ) ) ;
#4322 = ORIENTED_EDGE ( 'NONE', *, *, #1172, .F. ) ;
#4323 = CARTESIAN_POINT ( 'NONE',  ( -66.13505518487123425, 8.982604521582652879, 106.1228587318998677 ) ) ;
#4324 = CARTESIAN_POINT ( 'NONE',  ( -209.3729835725717976, 31.04719283079814218, -371.2444805584387382 ) ) ;
#4325 = CARTESIAN_POINT ( 'NONE',  ( 34.99195112056800383, 33.04934474822410806, 56.11443886795009206 ) ) ;
#4326 = CARTESIAN_POINT ( 'NONE',  ( -30.38297183719542360, 20.57107429910890062, -35.03270027888819271 ) ) ;
#4327 = CARTESIAN_POINT ( 'NONE',  ( 67.24584207857674301, -13.78960409250534624, 106.1228587318998109 ) ) ;
#4328 = CARTESIAN_POINT ( 'NONE',  ( 0.000000000000000000, 195.5952647681596090, -481.6864607382723875 ) ) ;
#4329 = CARTESIAN_POINT ( 'NONE',  ( 225.0000000000000284, 20.81831929171448792, -372.6221677403217427 ) ) ;
#4330 = CARTESIAN_POINT ( 'NONE',  ( 1.076666895633245469, 122.7410755290012077, 294.0012731391495322 ) ) ;
#4331 = CARTESIAN_POINT ( 'NONE',  ( 73.06110293453515681, 16.47474099779440593, 241.6978735049378884 ) ) ;
#4332 = CARTESIAN_POINT ( 'NONE',  ( 8.527406203890697256, -12.36390880471029163, -124.9949820965277922 ) ) ;
#4333 = CARTESIAN_POINT ( 'NONE',  ( -11.49061100974228466, -9.673985896885815450, -124.9949820965277780 ) ) ;
#4334 = CARTESIAN_POINT ( 'NONE',  ( 224.9999999999999716, 38.00506206896901062, -335.2148536854809322 ) ) ;
#4335 = CARTESIAN_POINT ( 'NONE',  ( 224.9999999999999147, 15.14677247060413023, -333.1369352501866956 ) ) ;
#4336 = CARTESIAN_POINT ( 'NONE',  ( 225.0000000000000284, 37.02529566388462712, -345.3919209424337282 ) ) ;
#4337 = CARTESIAN_POINT ( 'NONE',  ( -800.0000000000000000, 36.02164551183346930, 163.4045401874965080 ) ) ;
#4338 = CARTESIAN_POINT ( 'NONE',  ( -213.0617933742065304, 35.34314627013986865, -304.0138227831912445 ) ) ;
#4339 = CARTESIAN_POINT ( 'NONE',  ( 15.61316520667777397, 17.70002328925165713, -83.27282250652538664 ) ) ;
#4340 = FACE_OUTER_BOUND ( 'NONE', #2138, .T. ) ;
#4341 = ADVANCED_FACE ( 'NONE', ( #4726 ), #4918, .T. ) ;
#4342 = CARTESIAN_POINT ( 'NONE',  ( 225.0000000000001137, 25.78113735331925582, -396.1672376990796351 ) ) ;
#4343 = VERTEX_POINT ( 'NONE', #1251 ) ;
#4344 = CARTESIAN_POINT ( 'NONE',  ( 69.32232357473004924, 32.31795310811761368, 241.4562919072462250 ) ) ;
#4345 = CARTESIAN_POINT ( 'NONE',  ( 9.037115024517508033, 15.58487116823234508, -110.1972880836773783 ) ) ;
#4346 = CARTESIAN_POINT ( 'NONE',  ( -14.91905902870228928, -1.806516595829337435, -124.9949820965278207 ) ) ;
#4347 = CARTESIAN_POINT ( 'NONE',  ( 960.0000000000000000, 33.87983652264910717, 171.8283712919125037 ) ) ;
#4348 = CARTESIAN_POINT ( 'NONE',  ( 800.0000000000001137, 28.83302432184767383, 209.6851584081997260 ) ) ;
#4349 = ORIENTED_EDGE ( 'NONE', *, *, #2244, .F. ) ;
#4350 = CARTESIAN_POINT ( 'NONE',  ( -12.55833282385720651, 8.248492717240960559, -124.9949820965276359 ) ) ;
#4351 = CARTESIAN_POINT ( 'NONE',  ( -211.6006455022089483, 32.79985567202442098, -397.7554332690665433 ) ) ;
#4352 = CARTESIAN_POINT ( 'NONE',  ( 41.38001373478439149, 40.48475690879793376, 113.1003420939005508 ) ) ;
#4353 = CARTESIAN_POINT ( 'NONE',  ( -31.35133080216403201, 27.41416142097968489, 11.28389957584706771 ) ) ;
#4354 = CARTESIAN_POINT ( 'NONE',  ( -3.124439752753628952, 63.73062414307911894, 402.2845281192500124 ) ) ;
#4355 = CARTESIAN_POINT ( 'NONE',  ( -31.25671500360193633, -36.46274963022796811, 438.0555349262137383 ) ) ;
#4356 = CARTESIAN_POINT ( 'NONE',  ( 225.0000000000000568, 21.80137563312079507, -378.7977862049012288 ) ) ;
#4357 = CARTESIAN_POINT ( 'NONE',  ( -54.77989379111898671, 34.02052904530496136, 402.2845281192506377 ) ) ;
#4358 = CARTESIAN_POINT ( 'NONE',  ( 73.01107157688483085, 15.45239827738987515, 240.2707854605353077 ) ) ;
#4359 = CARTESIAN_POINT ( 'NONE',  ( 18.45841095214434802, -26.73880782272253853, -46.53904117984429689 ) ) ;
#4360 = CARTESIAN_POINT ( 'NONE',  ( -28.34355418870359244, -75.25777027463398383, 294.0012731391500438 ) ) ;
#4361 = CARTESIAN_POINT ( 'NONE',  ( 225.0000000000000853, 37.71598817319382846, -327.4285033247030015 ) ) ;
#4362 = CARTESIAN_POINT ( 'NONE',  ( 225.0000000000000000, 16.73667459864077145, -318.9561212167961344 ) ) ;
#4363 = CARTESIAN_POINT ( 'NONE',  ( 225.0000000000000568, 37.20694402582723370, -344.1752486905912178 ) ) ;
#4364 = CARTESIAN_POINT ( 'NONE',  ( -115.3715020114117209, 25.76611051814446895, 35.70215579473961043 ) ) ;
#4365 = EDGE_LOOP ( 'NONE', ( #3717, #23, #3510, #4349 ) ) ;
#4366 = CARTESIAN_POINT ( 'NONE',  ( -214.7657937583993828, 37.22884097752580601, -303.9568921109137136 ) ) ;
#4367 = CARTESIAN_POINT ( 'NONE',  ( 45.97450837372240784, 11.21495630549050304, 42.52852079333774071 ) ) ;
#4368 = CARTESIAN_POINT ( 'NONE',  ( 225.0000000000000000, 27.93497957127266673, -395.0036035932920981 ) ) ;
#4369 = ORIENTED_EDGE ( 'NONE', *, *, #5174, .T. ) ;
#4370 = CARTESIAN_POINT ( 'NONE',  ( 68.51413451285526435, 33.78124106378680125, 239.1297547945993358 ) ) ;
#4371 = CARTESIAN_POINT ( 'NONE',  ( 225.0000000000000000, 31.57544114860220930, -302.6099512912095975 ) ) ;
#4372 = CARTESIAN_POINT ( 'NONE',  ( -19.43044975278256459, -77.87674597997052217, 294.0012731391515217 ) ) ;
#4373 = CARTESIAN_POINT ( 'NONE',  ( -615.2293735058478887, 28.05872649201062075, 218.3540015630789526 ) ) ;
#4374 = CARTESIAN_POINT ( 'NONE',  ( -52.26921322392676927, 25.56527807490213533, 27.61976721491643616 ) ) ;
#4375 = CARTESIAN_POINT ( 'NONE',  ( -25.57492902835235782, 57.52256465258243878, 106.1228587318991572 ) ) ;
#4376 = CARTESIAN_POINT ( 'NONE',  ( -211.4065022432551473, 32.60274477943664095, -397.0000000000000568 ) ) ;
#4377 = CARTESIAN_POINT ( 'NONE',  ( 50.95761402235671511, 44.63716547233823917, 149.4297258321774393 ) ) ;
#4378 = CARTESIAN_POINT ( 'NONE',  ( 213.0000000000505338, 26.26107159832745452, -400.0000000000000000 ) ) ;
#4379 = CARTESIAN_POINT ( 'NONE',  ( -39.72780706619577273, 24.90306923865992772, 18.95681413561633022 ) ) ;
#4380 = CARTESIAN_POINT ( 'NONE',  ( 64.68227942120084606, 19.58847010770486818, 94.57148628123469791 ) ) ;
#4381 = CARTESIAN_POINT ( 'NONE',  ( 32.49072393974920914, -7.120254258055601859, -46.53904117984428979 ) ) ;
#4382 = CARTESIAN_POINT ( 'NONE',  ( 43.61357424717900955, 35.72746646604143450, 87.05023679137289605 ) ) ;
#4383 = DIRECTION ( 'NONE',  ( 0.000000000000000000, 0.000000000000000000, 1.000000000000000000 ) ) ;
#4384 = CARTESIAN_POINT ( 'NONE',  ( -3.249298807945140588, 14.66941925245177636, -124.9949820965278349 ) ) ;
#4385 = CARTESIAN_POINT ( 'NONE',  ( 82.77821191054096062, 25.05693233094007866, 233.6014929620493774 ) ) ;
#4386 = ADVANCED_FACE ( 'NONE', ( #2999 ), #816, .T. ) ;
#4387 = CARTESIAN_POINT ( 'NONE',  ( 94.40404786437925111, -3.363439235802029081, 294.0012731391507259 ) ) ;
#4388 = CARTESIAN_POINT ( 'NONE',  ( -1.244442962914346751, -80.19831747002120892, 294.0012731391510101 ) ) ;
#4389 = CARTESIAN_POINT ( 'NONE',  ( -215.2539444086750677, 37.05539209116135879, -398.6052804291017537 ) ) ;
#4390 = CARTESIAN_POINT ( 'NONE',  ( 225.0000000000000284, 16.63983129561506402, -319.4417868566146126 ) ) ;
#4391 = CARTESIAN_POINT ( 'NONE',  ( 225.0000000000000568, 35.92305614553485071, -351.7668932344028008 ) ) ;
#4392 = SURFACE_SIDE_STYLE ('',( #1780 ) ) ;
#4393 = VERTEX_POINT ( 'NONE', #3573 ) ;
#4394 = CARTESIAN_POINT ( 'NONE',  ( -212.3245276129604235, 36.20881673497173381, -304.5655027341898631 ) ) ;
#4395 = CARTESIAN_POINT ( 'NONE',  ( 33.69900360259116923, 13.75561630347177378, -16.12430420425363664 ) ) ;
#4396 = AXIS2_PLACEMENT_3D ( 'NONE', #4516, #1387, #3078 ) ;
#4397 = CARTESIAN_POINT ( 'NONE',  ( 225.0000000000000853, 25.55485962164304681, -395.7455925755713793 ) ) ;
#4398 = ORIENTED_EDGE ( 'NONE', *, *, #587, .F. ) ;
#4399 = CARTESIAN_POINT ( 'NONE',  ( 225.0000000000000000, 17.51765250230849347, -312.9134555907852473 ) ) ;
#4400 = CARTESIAN_POINT ( 'NONE',  ( 5.050673245201183998E-11, 0.000000000000000000, 498.0555349262137952 ) ) ;
#4401 = CARTESIAN_POINT ( 'NONE',  ( -14.77909115317024025, 2.713537352473806674, -124.9949820965276786 ) ) ;
#4402 = CARTESIAN_POINT ( 'NONE',  ( -69.63423426540155958, 32.29512720761130140, 241.0679544726711470 ) ) ;
#4403 = CARTESIAN_POINT ( 'NONE',  ( 82.42619473416397113, 24.53839460826004526, 232.5861004989382650 ) ) ;
#4404 = CARTESIAN_POINT ( 'NONE',  ( -47.03142378398775492, 42.11728292883090319, 106.1228587318994556 ) ) ;
#4405 = CARTESIAN_POINT ( 'NONE',  ( -210.0065339757722995, 26.78561847814254904, -327.6867256316058956 ) ) ;
#4406 = CARTESIAN_POINT ( 'NONE',  ( 55.35998858751695195, 45.02575003308464829, 167.1798832937205930 ) ) ;
#4407 = CARTESIAN_POINT ( 'NONE',  ( -215.7704331079127087, 39.33067990170705741, -311.2886144433355753 ) ) ;
#4408 = AXIS2_PLACEMENT_3D ( 'NONE', #474, #343, #2625 ) ;
#4409 = EDGE_CURVE ( 'NONE', #5418, #2516, #911, .T. ) ;
#4410 = CIRCLE ( 'NONE', #5157, 9.750000000000000000 ) ;
#4411 = CARTESIAN_POINT ( 'NONE',  ( -11.38794101660929314, 14.01670612174434893, -117.4424246118583710 ) ) ;
#4412 = CARTESIAN_POINT ( 'NONE',  ( 55.31338004768815608, 24.47123288434897148, 42.61973112260887575 ) ) ;
#4413 = CARTESIAN_POINT ( 'NONE',  ( 57.00844439527377716, 94.24550978867188178, 294.0012731391505554 ) ) ;
#4414 = CARTESIAN_POINT ( 'NONE',  ( 66.45773267504513626, 40.47380554058559454, 201.6174848464718821 ) ) ;
#4415 = CARTESIAN_POINT ( 'NONE',  ( 270.0033267776218509, 26.27147155932210154, 51.61151444124402587 ) ) ;
#4416 = CARTESIAN_POINT ( 'NONE',  ( -1.806518789334202957, 14.91904296424056042, -124.9949820965277638 ) ) ;
#4417 = CARTESIAN_POINT ( 'NONE',  ( 9.750000000000000000, 0.000000000000000000, -144.9949820965277922 ) ) ;
#4418 = CARTESIAN_POINT ( 'NONE',  ( 54.19098149767643946, 7.988360459893312893, 438.0555349262136247 ) ) ;
#4419 = CARTESIAN_POINT ( 'NONE',  ( -60.98065295016829168, -56.67166272195576937, 294.0012731391508396 ) ) ;
#4420 = CARTESIAN_POINT ( 'NONE',  ( 225.0000000000000000, 34.61621645864347130, -311.3449786404291899 ) ) ;
#4421 = CARTESIAN_POINT ( 'NONE',  ( 225.0000000000001137, 15.93240879840308821, -343.9715644851266916 ) ) ;
#4422 = CARTESIAN_POINT ( 'NONE',  ( 225.0000000000000568, 36.59994175090477597, -347.9916561625448708 ) ) ;
#4423 = DIRECTION ( 'NONE',  ( 0.000000000000000000, 0.000000000000000000, 1.000000000000000000 ) ) ;
#4424 = ORIENTED_EDGE ( 'NONE', *, *, #5189, .T. ) ;
#4425 = CARTESIAN_POINT ( 'NONE',  ( -214.0560275559861623, 38.09091154755275710, -306.8998651844538585 ) ) ;
#4426 = CARTESIAN_POINT ( 'NONE',  ( -54.99999999999998579, 11.75256289217833228, 438.0555349262138520 ) ) ;
#4427 = CARTESIAN_POINT ( 'NONE',  ( 225.0000000000000568, 29.09397985779945373, -390.9888931855772398 ) ) ;
#4428 = ORIENTED_EDGE ( 'NONE', *, *, #985, .F. ) ;
#4429 = CARTESIAN_POINT ( 'NONE',  ( 0.000000000000000000, 200.3276468959807346, -413.0930335130314006 ) ) ;
#4430 = CARTESIAN_POINT ( 'NONE',  ( 225.0000000000000568, 30.30968877343483570, -300.1280303170874504 ) ) ;
#4431 = CARTESIAN_POINT ( 'NONE',  ( -52.79119828866089392, -38.88901997016284184, 106.1228587318996404 ) ) ;
#4432 = CARTESIAN_POINT ( 'NONE',  ( 31.84565656096744490, -6.959820167660611290, -49.39230809804024602 ) ) ;
#4433 = CARTESIAN_POINT ( 'NONE',  ( -51.69361669918128399, 26.14789563269479800, 19.55441905137759662 ) ) ;
#4434 = CARTESIAN_POINT ( 'NONE',  ( 82.44015981335758170, 24.57096987089515849, 232.7161217269510303 ) ) ;
#4435 = CARTESIAN_POINT ( 'NONE',  ( -64.79923543381977424, 6.959575343233272982, 402.2845281192509788 ) ) ;
#4436 = CARTESIAN_POINT ( 'NONE',  ( -210.0015553751740924, 25.99070495398942882, -333.7278345735741141 ) ) ;
#4437 = CARTESIAN_POINT ( 'NONE',  ( 31.45815928600346467, 23.70139024207908562, 3.135238877888518960 ) ) ;
#4438 = CARTESIAN_POINT ( 'NONE',  ( -212.4040661890695390, 36.30480209744263220, -304.5788003028978892 ) ) ;
#4439 = CARTESIAN_POINT ( 'NONE',  ( -13.56101595235881341, 18.42668268394598741, -86.53028116041069495 ) ) ;
#4440 = CARTESIAN_POINT ( 'NONE',  ( 51.26825276976458667, 25.92076691345086559, 23.01318305555086852 ) ) ;
#4441 = CARTESIAN_POINT ( 'NONE',  ( 14.75338298709104023, -2.708817165794496606, -124.9949820965277922 ) ) ;
#4442 = CARTESIAN_POINT ( 'NONE',  ( 63.80479570117277177, 42.13703779910714076, 193.9667197285833424 ) ) ;
#4443 = CARTESIAN_POINT ( 'NONE',  ( -14.58649412000001711, 44.31434680274013260, 438.0555349262138520 ) ) ;
#4444 = CARTESIAN_POINT ( 'NONE',  ( -1.844264906559404116, 64.13322810165928445, 106.1228587318993277 ) ) ;
#4445 = TOROIDAL_SURFACE ( 'NONE', #957, 11.99999999999999645, 3.000000000000000000 ) ;
#4446 = CARTESIAN_POINT ( 'NONE',  ( 72.90416971987892225, 19.54774546299216809, 244.2124997029987981 ) ) ;
#4447 = CARTESIAN_POINT ( 'NONE',  ( 32.34710013373520354, -8.106331008256546511, -46.53904117984428979 ) ) ;
#4448 = CARTESIAN_POINT ( 'NONE',  ( -26.66497631405102808, -38.84068924092388642, 438.0555349262136247 ) ) ;
#4449 = CARTESIAN_POINT ( 'NONE',  ( -214.8224325319616810, 33.83604113758090648, -399.9207187308031735 ) ) ;
#4450 = CARTESIAN_POINT ( 'NONE',  ( 225.0000000000000568, 18.01002696375298484, -355.8822251621438113 ) ) ;
#4451 = DIRECTION ( 'NONE',  ( -1.000000000000000000, 0.000000000000000000, 0.000000000000000000 ) ) ;
#4452 = VERTEX_POINT ( 'NONE', #4835 ) ;
#4453 = CARTESIAN_POINT ( 'NONE',  ( -220.3503996265091587, 40.55280111258577591, -326.3194615413260635 ) ) ;
#4454 = CARTESIAN_POINT ( 'NONE',  ( -27.75088086893720529, -15.34977214045956906, 466.7211743237411383 ) ) ;
#4455 =( BOUNDED_SURFACE ( )  B_SPLINE_SURFACE ( 3, 2, ( 
 ( #2764, #4520, #5709 ),
 ( #1362, #93, #4061 ),
 ( #4464, #3169, #31 ),
 ( #2188, #1848, #1762 ),
 ( #5357, #3082, #2248 ),
 ( #3142, #3112, #1818 ),
 ( #1875, #3515, #4001 ),
 ( #3631, #5388, #3283 ),
 ( #3689, #2419, #4609 ),
 ( #1047, #3773, #183 ),
 ( #2793, #1534, #5417 ),
 ( #4551, #5036, #5538 ),
 ( #675, #152, #2019 ),
 ( #4177, #2883, #1107 ),
 ( #1934, #2390, #2362 ),
 ( #4149, #3660, #1165 ),
 ( #240, #4979, #4120 ),
 ( #2914, #270, #1990 ),
 ( #4205, #5446, #585 ),
 ( #1137, #615, #3341 ),
 ( #5507, #1593, #4638 ),
 ( #2331, #4578, #2852 ),
 ( #3745, #1505, #1563 ),
 ( #5099, #5474, #3311 ),
 ( #3253, #5008, #1962 ),
 ( #1076, #4091, #5069 ),
 ( #704, #2822, #1904 ),
 ( #2449, #645, #210 ),
 ( #1474, #3226, #3716 ),
 ( #3803, #5565, #2049 ),
 ( #2478, #1621, #4234 ),
 ( #299, #3369, #1195 ),
 ( #5128, #4666, #730 ),
 ( #1659, #2623, #794 ),
 ( #3462, #2140, #414 ),
 ( #360, #441, #4782 ),
 ( #3488, #2594, #2517 ),
 ( #847, #819, #1229 ),
 ( #4351, #5248, #4702 ),
 ( #3408, #2191, #2977 ),
 ( #5658, #2165, #3027 ),
 ( #4376, #5605, #3946 ) ),
 .UNSPECIFIED., .F., .F., .F. ) 
 B_SPLINE_SURFACE_WITH_KNOTS ( ( 4, 2, 2, 2, 2, 2, 2, 2, 2, 2, 2, 2, 2, 2, 2, 2, 2, 2, 2, 2, 4 ),
 ( 3, 3 ),
 ( 0.000000000000000000, 0.0009686833913834041153, 0.001937366782766808231, 0.002906050174150212346, 0.003874733565533616461, 0.004843416956917021010, 0.005812100348300424692, 0.006296442043992126966, 0.006780783739683828373, 0.007265125435375530648, 0.007749467131067232922, 0.008233808826758934329, 0.008718150522450637471, 0.009202492218142340613, 0.009686833913834042020, 0.01065551730521744483, 0.01162420069660084938, 0.01259288408798425393, 0.01356156747936765675, 0.01453025087075106130, 0.01549893426213446584 ),
 ( 0.000000000000000000, 1.000000000000000000 ),
 .UNSPECIFIED. ) 
 GEOMETRIC_REPRESENTATION_ITEM ( )  RATIONAL_B_SPLINE_SURFACE ( (
 ( 1.000000000000000000, 0.7647222129809437829, 1.000000000000000000),
 ( 1.000000000000000000, 0.7673014603025911651, 1.000000000000000000),
 ( 1.000000000000000000, 0.7698172415089535869, 1.000000000000000000),
 ( 1.000000000000000000, 0.7752508544975297289, 1.000000000000000000),
 ( 1.000000000000000000, 0.7781816973308661733, 1.000000000000000000),
 ( 1.000000000000000000, 0.7851941644765803030, 1.000000000000000000),
 ( 1.000000000000000000, 0.7892164141905122499, 1.000000000000000000),
 ( 1.000000000000000000, 0.7999656362148219735, 1.000000000000000000),
 ( 1.000000000000000000, 0.8068123020273560986, 1.000000000000000000),
 ( 1.000000000000000000, 0.8255726345262093258, 1.000000000000000000),
 ( 1.000000000000000000, 0.8376699792565092118, 1.000000000000000000),
 ( 1.000000000000000000, 0.8676551155871536913, 1.000000000000000000),
 ( 1.000000000000000000, 0.8855379930211837447, 1.000000000000000000),
 ( 1.000000000000000000, 0.9117122743054164591, 1.000000000000000000),
 ( 1.000000000000000000, 0.9203579467267926084, 1.000000000000000000),
 ( 1.000000000000000000, 0.9368134814897289830, 1.000000000000000000),
 ( 1.000000000000000000, 0.9446197372985043472, 1.000000000000000000),
 ( 1.000000000000000000, 0.9581857729907057308, 1.000000000000000000),
 ( 1.000000000000000000, 0.9640496573716861306, 1.000000000000000000),
 ( 1.000000000000000000, 0.9721374349092719580, 1.000000000000000000),
 ( 1.000000000000000000, 0.9743289894268717388, 1.000000000000000000),
 ( 1.000000000000000000, 0.9734988361281554647, 1.000000000000000000),
 ( 1.000000000000000000, 0.9705255624795698921, 1.000000000000000000),
 ( 1.000000000000000000, 0.9611735704580732786, 1.000000000000000000),
 ( 1.000000000000000000, 0.9549964678707609789, 1.000000000000000000),
 ( 1.000000000000000000, 0.9408195550693518872, 1.000000000000000000),
 ( 1.000000000000000000, 0.9328270604994191029, 1.000000000000000000),
 ( 1.000000000000000000, 0.9161858249669435628, 1.000000000000000000),
 ( 1.000000000000000000, 0.9074730712009397848, 1.000000000000000000),
 ( 1.000000000000000000, 0.8811410799619461276, 1.000000000000000000),
 ( 1.000000000000000000, 0.8633706314241991198, 1.000000000000000000),
 ( 1.000000000000000000, 0.8334548871257025926, 1.000000000000000000),
 ( 1.000000000000000000, 0.8211123116095822017, 1.000000000000000000),
 ( 1.000000000000000000, 0.8018860659474777997, 1.000000000000000000),
 ( 1.000000000000000000, 0.7948377879680416092, 1.000000000000000000),
 ( 1.000000000000000000, 0.7832625673425338553, 1.000000000000000000),
 ( 1.000000000000000000, 0.7787196193577267112, 1.000000000000000000),
 ( 1.000000000000000000, 0.7709208000185999721, 1.000000000000000000),
 ( 1.000000000000000000, 0.7676286924393433964, 1.000000000000000000),
 ( 1.000000000000000000, 0.7614072423266651235, 1.000000000000000000),
 ( 1.000000000000000000, 0.7584917296634288153, 1.000000000000000000),
 ( 1.000000000000000000, 0.7556186710787808902, 1.000000000000000000) ) ) 
 REPRESENTATION_ITEM ( '' )  SURFACE ( )  );
#4456 = CARTESIAN_POINT ( 'NONE',  ( 224.9999999999999716, 29.94225175493619417, -386.9581305172712860 ) ) ;
#4457 = VERTEX_POINT ( 'NONE', #527 ) ;
#4458 = CARTESIAN_POINT ( 'NONE',  ( 0.000000000000000000, 186.1377420663622502, -401.7409759026240295 ) ) ;
#4459 = B_SPLINE_SURFACE_WITH_KNOTS ( 'NONE', 3, 1, ( 
 ( #2437, #199 ),
 ( #2781, #1550 ),
 ( #2407, #3705 ),
 ( #1064, #3732 ),
 ( #4220, #2810 ),
 ( #4164, #2036 ),
 ( #5490, #5023 ),
 ( #3790, #3328 ),
 ( #5461, #2466 ),
 ( #3298, #4996 ),
 ( #4594, #1125 ),
 ( #4625, #690 ),
 ( #1092, #4566 ),
 ( #227, #1920 ),
 ( #4192, #257 ),
 ( #2347, #2006 ) ),
 .UNSPECIFIED., .T., .F., .F.,
 ( 4, 1, 1, 1, 1, 1, 1, 1, 1, 1, 1, 1, 1, 4 ),
 ( 2, 2 ),
 ( 0.000000000000000000, 0.02161159401679269010, 0.07570000000004212248, 0.1971115940168136071, 0.2266192821405969005, 0.4002000000000214275, 0.4021192821406178175, 0.5737807178594460655, 0.5757000000000420670, 0.7492807178594663720, 0.7787884059832502759, 0.9002000000000215385, 0.9542884059832705823, 1.000000000000000000 ),
 ( 0.000000000000000000, 1.000000000000000000 ),
 .UNSPECIFIED. ) ;
#4460 = EDGE_CURVE ( 'NONE', #184, #5267, #100, .T. ) ;
#4461 = CARTESIAN_POINT ( 'NONE',  ( -33.31886369825166128, 28.59922888325584722, 24.62528280472235309 ) ) ;
#4462 = CARTESIAN_POINT ( 'NONE',  ( -72.09042634111584391, 26.69227575705608402, 245.0298063663204289 ) ) ;
#4463 = CARTESIAN_POINT ( 'NONE',  ( -25.26866034992467647, 15.14726870327828756, -55.94444090900266531 ) ) ;
#4464 = CARTESIAN_POINT ( 'NONE',  ( -215.2763626413611746, 37.65875297709156655, -397.3809354609385878 ) ) ;
#4465 = CARTESIAN_POINT ( 'NONE',  ( 12.05180820906163675, -13.21509734848355677, 498.0555349261633182 ) ) ;
#4466 = CARTESIAN_POINT ( 'NONE',  ( -71.01080432962731948, 29.50004289983922234, 243.7162098474614425 ) ) ;
#4467 = CARTESIAN_POINT ( 'NONE',  ( -209.9723450736655366, 26.49927338524380360, -342.9176244768704578 ) ) ;
#4468 = CARTESIAN_POINT ( 'NONE',  ( 17.76698672659989242, 17.36585864816776592, -75.82791699767427929 ) ) ;
#4469 = CARTESIAN_POINT ( 'NONE',  ( -210.7214969609114235, 34.09900807288558866, -306.9349547246553698 ) ) ;
#4470 = CARTESIAN_POINT ( 'NONE',  ( -15.08114161892337535, 19.17749558733516935, -79.04712002742166987 ) ) ;
#4471 = CARTESIAN_POINT ( 'NONE',  ( 55.16953540156808344, 18.38355730734800630, 107.2031741975639676 ) ) ;
#4472 = CARTESIAN_POINT ( 'NONE',  ( -29.89600413749263197, 37.27929653199002757, 438.0555349262136247 ) ) ;
#4473 = CARTESIAN_POINT ( 'NONE',  ( 42.89261632834829641, 32.58407467720589068, 70.80782848083467229 ) ) ;
#4474 = CARTESIAN_POINT ( 'NONE',  ( 67.78775002958990115, 25.63203037122253392, 29.96316263700364857 ) ) ;
#4475 = CARTESIAN_POINT ( 'NONE',  ( 4.207517198783832235, 14.42479342828619693, -124.9949820965277780 ) ) ;
#4476 = CARTESIAN_POINT ( 'NONE',  ( 70.74455838681231512, 28.90911649504182890, 244.2652739200323992 ) ) ;
#4477 = AXIS2_PLACEMENT_3D ( 'NONE', #1173, #5545, #2056 ) ;
#4478 = CARTESIAN_POINT ( 'NONE',  ( -54.53487259729831038, 46.26212218228916839, 197.0895243490162443 ) ) ;
#4479 = CARTESIAN_POINT ( 'NONE',  ( -5.649765361801133423, -32.73815700606091639, -46.53904117984414057 ) ) ;
#4480 = CARTESIAN_POINT ( 'NONE',  ( -212.8809833082305829, 33.03072009863103631, -399.3451287870026363 ) ) ;
#4481 = CARTESIAN_POINT ( 'NONE',  ( 225.0000000000000000, 17.54437738512455169, -353.3788238098539978 ) ) ;
#4482 = CARTESIAN_POINT ( 'NONE',  ( -225.0000000000505338, 26.26107159832745452, -400.0000000000000000 ) ) ;
#4483 = ORIENTED_EDGE ( 'NONE', *, *, #5174, .F. ) ;
#4484 = CARTESIAN_POINT ( 'NONE',  ( -220.9580459552057334, 40.73112938112309678, -332.3407491377127485 ) ) ;
#4485 = CARTESIAN_POINT ( 'NONE',  ( -13.99860232761756684, -26.43019469696715973, 466.7211743237411383 ) ) ;
#4486 = CARTESIAN_POINT ( 'NONE',  ( 225.0000000000000284, 31.34311299255894312, -378.9447374538823397 ) ) ;
#4487 = EDGE_LOOP ( 'NONE', ( #760, #4752, #4727, #3563, #488 ) ) ;
#4488 = CARTESIAN_POINT ( 'NONE',  ( 224.9999999999999716, 37.07305088275636251, -320.9211166004150186 ) ) ;
#4489 = CARTESIAN_POINT ( 'NONE',  ( -76.74260639554177033, 16.92062120623013755, 182.7488411231776979 ) ) ;
#4490 = FILL_AREA_STYLE_COLOUR ( '', #5531 ) ;
#4491 = CARTESIAN_POINT ( 'NONE',  ( -52.32027414994470149, 25.95323135428703409, 22.71837433978001641 ) ) ;
#4492 = CARTESIAN_POINT ( 'NONE',  ( 82.38322109968895290, 24.43931595441030069, 232.1883039979461216 ) ) ;
#4493 = CARTESIAN_POINT ( 'NONE',  ( 5.050673245201183998E-11, 0.000000000000000000, 498.0555349262137952 ) ) ;
#4494 = CARTESIAN_POINT ( 'NONE',  ( -71.56607452222615962, 23.93827751962068007, 233.7294109379886322 ) ) ;
#4495 = CARTESIAN_POINT ( 'NONE',  ( -210.1630673105516109, 28.79634109877494552, -362.1964223114015340 ) ) ;
#4496 = ADVANCED_FACE ( 'NONE', ( #900 ), #4455, .F. ) ;
#4497 = CARTESIAN_POINT ( 'NONE',  ( 26.15776099027859303, 25.63262328072379148, -11.73528885041631042 ) ) ;
#4498 = CARTESIAN_POINT ( 'NONE',  ( -209.2068570172180273, 27.09761380779102424, -344.2473596199685630 ) ) ;
#4499 = CARTESIAN_POINT ( 'NONE',  ( -16.08881681556881915, 16.46958084266694300, -86.96020440074278213 ) ) ;
#4500 = CARTESIAN_POINT ( 'NONE',  ( 58.08111411401605295, 6.782515252655255900, 117.2741831900961671 ) ) ;
#4501 = CARTESIAN_POINT ( 'NONE',  ( -21.27299274565986664, 60.15882708689547798, 402.2845281192507514 ) ) ;
#4502 = CARTESIAN_POINT ( 'NONE',  ( 38.86796911533656385, 25.22569516128702460, 22.61334126977151726 ) ) ;
#4503 = CARTESIAN_POINT ( 'NONE',  ( 20.13832016651156209, 5.202980967207743390, 498.0555349261633182 ) ) ;
#4504 = CARTESIAN_POINT ( 'NONE',  ( 69.69607948005941012, 31.52576101279441190, 242.3346474435450091 ) ) ;
#4505 = CARTESIAN_POINT ( 'NONE',  ( -75.66735559101324782, 31.56702067450389038, 227.1704892006627858 ) ) ;
#4506 = CARTESIAN_POINT ( 'NONE',  ( 3.616789591121770453, -32.64621539347167101, -46.53904117984439637 ) ) ;
#4507 = CARTESIAN_POINT ( 'NONE',  ( -211.4375692545002607, 32.66933751223901083, -397.2115283098342502 ) ) ;
#4508 = CARTESIAN_POINT ( 'NONE',  ( 225.0000000000000853, 16.20745038453382492, -345.8037419301945761 ) ) ;
#4509 = CARTESIAN_POINT ( 'NONE',  ( 67.00456874967572674, -15.70415956818247594, 106.1228587318998109 ) ) ;
#4510 = CARTESIAN_POINT ( 'NONE',  ( -70.87544623478518702, 27.32292759752837341, 235.2289098418440005 ) ) ;
#4511 = CARTESIAN_POINT ( 'NONE',  ( -217.9216397392623605, 40.66699180490708443, -356.3271318721556327 ) ) ;
#4512 = CARTESIAN_POINT ( 'NONE',  ( 52.83619993162025708, 15.60894290162327280, 438.0555349262138520 ) ) ;
#4513 = CARTESIAN_POINT ( 'NONE',  ( 225.0000000000000568, 32.14657635300386573, -373.9156914902756057 ) ) ;
#4514 = EDGE_LOOP ( 'NONE', ( #3138, #676 ) ) ;
#4515 = EDGE_CURVE ( 'NONE', #4952, #1326, #375, .T. ) ;
#4516 = CARTESIAN_POINT ( 'NONE',  ( 213.0000000000505338, 26.26107159832745452, -397.0000000000000000 ) ) ;
#4517 = CARTESIAN_POINT ( 'NONE',  ( -69.02348364914602996, 7.865726805679285505, 199.6293345387921079 ) ) ;
#4518 = CARTESIAN_POINT ( 'NONE',  ( -224.9999999999999716, 37.07305088275636251, -320.9211166004150186 ) ) ;
#4519 = CARTESIAN_POINT ( 'NONE',  ( -42.57272299890517075, 12.72795860094374198, 20.58144506910223015 ) ) ;
#4520 = CARTESIAN_POINT ( 'NONE',  ( -214.0977353830849665, 36.69407448679758943, -396.6352788817446253 ) ) ;
#4521 = VERTEX_POINT ( 'NONE', #4728 ) ;
#4522 = CARTESIAN_POINT ( 'NONE',  ( 960.0000000000000000, 30.81959628988884603, 213.4485911857105975 ) ) ;
#4523 = CARTESIAN_POINT ( 'NONE',  ( -71.57153104022597745, 28.11855330615719950, 244.4829863895421909 ) ) ;
#4524 = CARTESIAN_POINT ( 'NONE',  ( -210.1776005791473665, 28.56775702899208014, -368.4971650362007267 ) ) ;
#4525 = CARTESIAN_POINT ( 'NONE',  ( 18.46016452667708663, 21.55733607199385204, -56.76349771211989292 ) ) ;
#4526 = CARTESIAN_POINT ( 'NONE',  ( 0.000000000000000000, 179.0075402666169282, -436.8413048004711641 ) ) ;
#4527 = CARTESIAN_POINT ( 'NONE',  ( -211.2676356105154412, 32.29809399012894744, -305.7461381720983695 ) ) ;
#4528 = CARTESIAN_POINT ( 'NONE',  ( 26.92653905761113364, 14.80129074825538105, -44.72292369345417740 ) ) ;
#4529 = B_SPLINE_CURVE_WITH_KNOTS ( 'NONE', 3,
 ( #3987, #5287, #3158, #5403, #45, #1377, #2724 ),
 .UNSPECIFIED., .F., .F.,
 ( 4, 1, 1, 1, 4 ),
 ( 0.09979999999997901661, 0.1735807178594246103, 0.3785884059832288484, 0.5000000000000001110, 0.5997999999999786835 ),
 .UNSPECIFIED. ) ;
#4530 = CARTESIAN_POINT ( 'NONE',  ( -15.75734558403657815, 120.4198503499193862, 294.0012731391493617 ) ) ;
#4531 = CARTESIAN_POINT ( 'NONE',  ( -39.87679251205037190, 24.97951762227787498, 19.90894587792969261 ) ) ;
#4532 = CARTESIAN_POINT ( 'NONE',  ( 5.050673245201183998E-11, 0.000000000000000000, 498.0555349262137952 ) ) ;
#4533 = CARTESIAN_POINT ( 'NONE',  ( 225.0000000000000568, 36.98619488547101497, -345.6434306839627766 ) ) ;
#4534 = CARTESIAN_POINT ( 'NONE',  ( 70.77122473376267919, 24.58742376793149376, 233.6062804107209843 ) ) ;
#4535 = CARTESIAN_POINT ( 'NONE',  ( 14.75338298709104023, -2.708817165794496606, -124.9949820965277922 ) ) ;
#4536 = CARTESIAN_POINT ( 'NONE',  ( -17.06740611497713545, -28.00142702703112718, -46.53904117984404820 ) ) ;
#4537 = CARTESIAN_POINT ( 'NONE',  ( 73.67249366333612670, 16.24843414914947104, 164.6185593387706092 ) ) ;
#4538 = CARTESIAN_POINT ( 'NONE',  ( 225.0000000000000284, 17.35850345559866525, -352.3785016323202512 ) ) ;
#4539 = ADVANCED_FACE ( 'NONE', ( #1308 ), #4607, .F. ) ;
#4540 = DIRECTION ( 'NONE',  ( 1.000000000000000000, 0.000000000000000000, 0.000000000000000000 ) ) ;
#4541 = ORIENTED_EDGE ( 'NONE', *, *, #387, .T. ) ;
#4542 = CARTESIAN_POINT ( 'NONE',  ( -220.3215426618529591, 41.23002518193194987, -334.3671154005178323 ) ) ;
#4543 = CARTESIAN_POINT ( 'NONE',  ( -28.57666405927044195, 39.64529204545066676, 438.0555349262138520 ) ) ;
#4544 = PLANE ( 'NONE',  #4871 ) ;
#4545 = CARTESIAN_POINT ( 'NONE',  ( 225.0000000000000284, 32.88920021096446078, -369.1979129726704514 ) ) ;
#4546 = ADVANCED_BREP_SHAPE_REPRESENTATION ( 'Aircraft Demo', ( #5478, #3521, #1611, #5499, #1279 ), #735 ) ;
#4547 = ORIENTED_EDGE ( 'NONE', *, *, #3018, .T. ) ;
#4548 = CARTESIAN_POINT ( 'NONE',  ( -70.63009501949701985, 20.89618593554382642, 216.3466762667715386 ) ) ;
#4549 = CARTESIAN_POINT ( 'NONE',  ( -73.87479482427841049, 14.45935538182428814, 238.5637138857468074 ) ) ;
#4550 = CARTESIAN_POINT ( 'NONE',  ( -38.74689962511364172, 25.60927315780165614, 25.40273679953628516 ) ) ;
#4551 = CARTESIAN_POINT ( 'NONE',  ( -215.4317164127523370, 35.94954042730711308, -399.5337348122146182 ) ) ;
#4552 = ORIENTED_EDGE ( 'NONE', *, *, #3746, .T. ) ;
#4553 = CARTESIAN_POINT ( 'NONE',  ( 41.69985731813349616, -1.173654730638936661, 466.7211743237411383 ) ) ;
#4554 = CARTESIAN_POINT ( 'NONE',  ( -73.65656966235131620, 20.41373483114680099, 244.6797613953318091 ) ) ;
#4555 = CARTESIAN_POINT ( 'NONE',  ( -210.6121001982139660, 33.88118513150305233, -307.4054679033658886 ) ) ;
#4556 = CARTESIAN_POINT ( 'NONE',  ( 72.73431797625755735, 20.90623680411385976, 244.8268075208026460 ) ) ;
#4557 = CARTESIAN_POINT ( 'NONE',  ( -224.9999999999999716, 37.07305088275636251, -320.9211166004150186 ) ) ;
#4558 = CARTESIAN_POINT ( 'NONE',  ( -216.7255189275561520, 38.77561530626951480, -308.0868211948974249 ) ) ;
#4559 = CARTESIAN_POINT ( 'NONE',  ( 35.03367170030895039, 26.05695636797696935, 17.75099872167259463 ) ) ;
#4560 = CARTESIAN_POINT ( 'NONE',  ( -9.915752524290683212, 43.66277367656622488, 438.0555349262139089 ) ) ;
#4561 = CARTESIAN_POINT ( 'NONE',  ( -44.51240452950683846, 37.67683550473439169, 97.36561575592068607 ) ) ;
#4562 = CARTESIAN_POINT ( 'NONE',  ( 5.050673245201183998E-11, 0.000000000000000000, 498.0555349262137952 ) ) ;
#4563 = CARTESIAN_POINT ( 'NONE',  ( 82.34051125894912104, 25.91164420578975580, 234.1407374063305724 ) ) ;
#4564 = CARTESIAN_POINT ( 'NONE',  ( 30.94823125566542288, -12.86354886674296694, -46.53904117984436795 ) ) ;
#4565 = CARTESIAN_POINT ( 'NONE',  ( 43.45183998745002185, -38.20765077356573158, 402.2845281192507514 ) ) ;
#4566 = CARTESIAN_POINT ( 'NONE',  ( 0.000000000000000000, 193.5024287378365386, -391.2323703253226199 ) ) ;
#4567 = CARTESIAN_POINT ( 'NONE',  ( 225.0000000000000284, 18.17064680429836798, -356.7519630521910017 ) ) ;
#4568 = CARTESIAN_POINT ( 'NONE',  ( -61.14267258708965613, 5.826320805850690121, 140.9736990357716024 ) ) ;
#4569 = CARTESIAN_POINT ( 'NONE',  ( -69.66220221595918360, 32.24755623654526460, 241.1357833648086171 ) ) ;
#4570 = CARTESIAN_POINT ( 'NONE',  ( -221.8753442794527189, 40.93201706545101359, -335.3522775391187452 ) ) ;
#4571 = EDGE_CURVE ( 'NONE', #2112, #2420, #85, .T. ) ;
#4572 = CARTESIAN_POINT ( 'NONE',  ( -11.90210524208687026, 34.14095738590592788, -115.7731774877164241 ) ) ;
#4573 = CARTESIAN_POINT ( 'NONE',  ( 225.0000000000000853, 32.77400976823646062, -305.5713629332028063 ) ) ;
#4574 = CARTESIAN_POINT ( 'NONE',  ( 225.0000000000000284, 31.33332035746664346, -379.0047712857207216 ) ) ;
#4575 = CARTESIAN_POINT ( 'NONE',  ( -71.67152926340710906, 23.02860154434105766, 226.8821265684685500 ) ) ;
#4576 = CARTESIAN_POINT ( 'NONE',  ( -73.94996833018953453, 15.12093827341817409, 239.8299761461314290 ) ) ;
#4577 = CARTESIAN_POINT ( 'NONE',  ( -12.12439132273219400, 15.65481015155945066, -101.6253714586399042 ) ) ;
#4578 = CARTESIAN_POINT ( 'NONE',  ( -214.5599209432533598, 34.23746440518488043, -399.8148396420068025 ) ) ;
#4579 = ORIENTED_EDGE ( 'NONE', *, *, #166, .F. ) ;
#4580 = CARTESIAN_POINT ( 'NONE',  ( 52.83619993162026418, -15.60894290162319287, 438.0555349262138520 ) ) ;
#4581 = CARTESIAN_POINT ( 'NONE',  ( -72.81139473167066001, 24.32153352241571298, 245.3925622841248639 ) ) ;
#4582 = CARTESIAN_POINT ( 'NONE',  ( -211.6264995464871959, 35.41794546393145993, -304.8921283926413253 ) ) ;
#4583 = CARTESIAN_POINT ( 'NONE',  ( 73.04986809257003699, 17.50183611536512274, 242.7590367932088213 ) ) ;
#4584 = CARTESIAN_POINT ( 'NONE',  ( -209.0957539099957785, 28.68873692001140085, -357.9244784290327743 ) ) ;
#4585 = CARTESIAN_POINT ( 'NONE',  ( -221.6459392934601453, 40.88203006228191327, -330.2209389400259738 ) ) ;
#4586 = CARTESIAN_POINT ( 'NONE',  ( 31.19382982984754094, 30.91551191089313733, -60.53243555680049326 ) ) ;
#4587 = CARTESIAN_POINT ( 'NONE',  ( -7.365328105300430472, 122.2399614945829853, 294.0012731391515217 ) ) ;
#4588 = CARTESIAN_POINT ( 'NONE',  ( -47.82784989558108180, 43.78106744500593805, 138.3520718562690206 ) ) ;
#4589 = CARTESIAN_POINT ( 'NONE',  ( 47.14224009005190652, -24.68672159416533063, 438.0555349262138520 ) ) ;
#4590 = AXIS2_PLACEMENT_3D ( 'NONE', #4258, #3336, #834 ) ;
#4591 = CARTESIAN_POINT ( 'NONE',  ( 65.24458987768606733, 41.29606354593369844, 198.1605511109767122 ) ) ;
#4592 = CARTESIAN_POINT ( 'NONE',  ( -45.44224754576054437, 41.08737966856485002, 116.9487905471843447 ) ) ;
#4593 = CARTESIAN_POINT ( 'NONE',  ( 1.806497213696219628, -14.91916283737991833, -124.9949820965278064 ) ) ;
#4594 = CARTESIAN_POINT ( 'NONE',  ( 225.0000000000000284, 32.05070501209371514, -372.7512570906214933 ) ) ;
#4595 = CARTESIAN_POINT ( 'NONE',  ( 224.9999999999999716, 18.89967849115415888, -360.8061404567438331 ) ) ;
#4596 = CARTESIAN_POINT ( 'NONE',  ( -60.19144853047264121, 6.020736743559531590, 133.5716609601925313 ) ) ;
#4597 = CARTESIAN_POINT ( 'NONE',  ( 41.34182389387558487, 46.56083036855059021, 136.3011730896554354 ) ) ;
#4598 = CARTESIAN_POINT ( 'NONE',  ( -210.0000000000505338, 26.26107159833037485, -353.1462783196023452 ) ) ;
#4599 = VECTOR ( 'NONE', #5674, 1000.000000000000227 ) ;
#4600 = CARTESIAN_POINT ( 'NONE',  ( 15.64991956717221733, -51.49011776215676406, 402.2845281192505809 ) ) ;
#4601 = CIRCLE ( 'NONE', #1843, 10.00000000000000711 ) ;
#4602 = CARTESIAN_POINT ( 'NONE',  ( 225.0000000000000000, 17.22635703677135766, -316.6439120910877705 ) ) ;
#4603 = CARTESIAN_POINT ( 'NONE',  ( 225.0000000000000853, 32.24624534274665422, -373.2828095084029201 ) ) ;
#4604 = CARTESIAN_POINT ( 'NONE',  ( -83.57299106441030290, 24.67265742921383520, 233.0001561031602364 ) ) ;
#4605 = CARTESIAN_POINT ( 'NONE',  ( -63.92372445358061839, 5.715439633896332694, 162.3420526231780627 ) ) ;
#4606 = CARTESIAN_POINT ( 'NONE',  ( -73.78254095353472053, 14.07762171455013522, 237.4983016137688026 ) ) ;
#4607 =( BOUNDED_SURFACE ( )  B_SPLINE_SURFACE ( 3, 2, ( 
 ( #5220, #386, #1280 ),
 ( #4272, #2, #5168 ),
 ( #2542, #4297, #1738 ),
 ( #4754, #335, #3055 ),
 ( #4809, #874, #2113 ),
 ( #1713, #1764, #770 ),
 ( #5139, #1205, #2087 ),
 ( #2953, #3839, #3865 ),
 ( #5633, #1686, #3434 ),
 ( #5195, #2567, #4324 ),
 ( #3890, #2307, #4034 ),
 ( #4524, #1393, #4065 ),
 ( #2768, #591, #4004 ),
 ( #1364, #501, #3635 ),
 ( #530, #4495, #3115 ),
 ( #2335, #2221, #4095 ),
 ( #993, #903, #2250 ),
 ( #4896, #5303, #3145 ),
 ( #5392, #3084, #2650 ),
 ( #156, #4867, #127 ),
 ( #558, #1422, #2683 ),
 ( #3974, #1021, #935 ),
 ( #33, #4467, #3517 ),
 ( #3606, #4837, #4955 ),
 ( #5360, #1879, #2277 ),
 ( #4436, #5331, #60 ),
 ( #1821, #4925, #1793 ),
 ( #4405, #5275, #3546 ),
 ( #962, #1333, #2740 ),
 ( #3577, #2711, #96 ),
 ( #1452, #1851, #3172 ),
 ( #472, #3201, #5073 ),
 ( #1908, #215, #4181 ),
 ( #244, #1509, #1994 ),
 ( #1597, #1111, #4642 ),
 ( #2366, #187, #3287 ),
 ( #3257, #5542, #3750 ),
 ( #2023, #5012, #734 ),
 ( #708, #3693, #1539 ),
 ( #2858, #4983, #5450 ),
 ( #2423, #5511, #4555 ),
 ( #2453, #1080, #3664 ),
 ( #2826, #4124, #5103 ),
 ( #275, #1567, #2483 ),
 ( #2918, #4238, #4613 ),
 ( #1141, #3316, #3720 ),
 ( #2887, #5479, #4209 ),
 ( #679, #3345, #1169 ),
 ( #1966, #5040, #4582 ),
 ( #3778, #4670, #5421 ),
 ( #1479, #3230, #1051 ),
 ( #2798, #619, #1940 ),
 ( #649, #2396, #4153 ),
 ( #1810, #4338, #2211 ),
 ( #3073, #3963, #5673 ),
 ( #2154, #2699, #2180 ),
 ( #951, #922, #4394 ),
 ( #3905, #5234, #303 ),
 ( #1782, #2238, #3993 ),
 ( #2053, #5320, #2670 ),
 ( #3135, #4695, #5291 ),
 ( #401, #3103, #3535 ),
 ( #1381, #1727, #4826 ),
 ( #4366, #3477, #1351 ),
 ( #5131, #3372, #1323 ),
 ( #50, #5571, #458 ),
 ( #19, #3807, #1198 ),
 ( #4884, #833, #4855 ),
 ( #5700, #2639, #5263 ),
 ( #1296, #891, #4425 ),
 ( #3935, #2583, #3043 ),
 ( #489, #3564, #1624 ),
 ( #4798, #1753, #862 ),
 ( #3506, #2943, #2611 ),
 ( #430, #3161, #2294 ),
 ( #1095, #4139, #174 ),
 ( #2383, #546, #5027 ),
 ( #5001, #2729, #1525 ),
 ( #3681, #5465, #1069 ),
 ( #1839, #4453, #2755 ),
 ( #1038, #2785, #4053 ),
 ( #203, #3651, #1498 ),
 ( #4911, #4484, #142 ),
 ( #115, #1954, #4542 ),
 ( #4570, #1868, #3272 ),
 ( #3245, #3622, #4082 ),
 ( #5407, #3595, #5378 ),
 ( #3216, #607, #2322 ),
 ( #1438, #2351, #3187 ),
 ( #4112, #518, #2266 ),
 ( #2814, #4942, #4022 ),
 ( #1009, #1925, #4511 ),
 ( #636, #5438, #1466 ),
 ( #576, #3708, #80 ),
 ( #5349, #1894, #4972 ),
 ( #1409, #979, #3387 ),
 ( #777, #2094, #290 ),
 ( #1155, #3764, #2525 ),
 ( #5557, #1612, #261 ),
 ( #1185, #342, #3302 ),
 ( #2440, #1214, #5057 ),
 ( #5148, #2932, #5527 ),
 ( #3415, #1582, #2961 ),
 ( #3331, #4684, #694 ),
 ( #4709, #751, #3359 ),
 ( #4196, #2498, #5613 ) ),
 .UNSPECIFIED., .F., .F., .T. ) 
 B_SPLINE_SURFACE_WITH_KNOTS ( ( 4, 2, 2, 2, 2, 2, 2, 2, 2, 2, 2, 2, 2, 2, 2, 2, 2, 2, 2, 2, 2, 2, 2, 2, 2, 2, 2, 2, 2, 2, 2, 2, 2, 2, 2, 2, 2, 2, 2, 2, 2, 2, 2, 2, 2, 2, 2, 2, 2, 2, 2, 2, 4 ),
 ( 3, 3 ),
 ( 0.1093795864751406777, 0.1124524937028612004, 0.1155254009305817231, 0.1216712153860227547, 0.1339628442969048316, 0.1370357515246253266, 0.1401086587523458493, 0.1462544732077868948, 0.1524002876632279402, 0.1585461021186689856, 0.1616190093463895083, 0.1646919165741100310, 0.1708377310295510487, 0.1769835454849920664, 0.1831293599404331118, 0.1892751743958741573, 0.1923480816235946800, 0.1954209888513152027, 0.1984938960790357254, 0.2000303496928959868, 0.2015668033067562481, 0.2031032569206165095, 0.2038714837275466540, 0.2046397105344767708, 0.2054079373414068876, 0.2061761641483370044, 0.2069443909552671212, 0.2073285043587321796, 0.2077126177621972658, 0.2084808445691274104, 0.2092490713760575272, 0.2100172981829876440, 0.2107855249899177608, 0.2115537517968478776, 0.2123219786037780221, 0.2138584322176382835, 0.2169313394453588062, 0.2200042466730793289, 0.2261500611285203743, 0.2322958755839614198, 0.2384416900394024652, 0.2415145972671229879, 0.2445875044948434829, 0.2507333189502845006, 0.2568791334057255460, 0.2630249478611665914, 0.2691707623166076369, 0.2753165767720486823, 0.2814623912274897277, 0.2937540201383718186, 0.2998998345938128640, 0.3029727418215333312, 0.3060456490492538539 ),
 ( 0.000000000000000000, 1.000000000000000000 ),
 .UNSPECIFIED. ) 
 GEOMETRIC_REPRESENTATION_ITEM ( )  RATIONAL_B_SPLINE_SURFACE ( (
 ( 1.000000000000000000, 0.7556186710787744509, 1.000000000000000000),
 ( 1.000000000000000000, 0.7616249955833037655, 1.000000000000000000),
 ( 1.000000000000000000, 0.7663028797217319443, 1.000000000000000000),
 ( 1.000000000000000000, 0.7746538048001601062, 1.000000000000000000),
 ( 1.000000000000000000, 0.7782986642653142439, 1.000000000000000000),
 ( 1.000000000000000000, 0.7884555681502405378, 1.000000000000000000),
 ( 1.000000000000000000, 0.7941981648814661066, 1.000000000000000000),
 ( 1.000000000000000000, 0.8103147750162209562, 1.000000000000000000),
 ( 1.000000000000000000, 0.8195682892146953780, 1.000000000000000000),
 ( 1.000000000000000000, 0.8305948652797512377, 1.000000000000000000),
 ( 1.000000000000000000, 0.8327621796354272021, 1.000000000000000000),
 ( 1.000000000000000000, 0.8375067352675207299, 1.000000000000000000),
 ( 1.000000000000000000, 0.8400242171236197430, 1.000000000000000000),
 ( 1.000000000000000000, 0.8480035514384878237, 1.000000000000000000),
 ( 1.000000000000000000, 0.8539199134901385158, 1.000000000000000000),
 ( 1.000000000000000000, 0.8663924386785089027, 1.000000000000000000),
 ( 1.000000000000000000, 0.8729424888924861570, 1.000000000000000000),
 ( 1.000000000000000000, 0.8853028096220862952, 1.000000000000000000),
 ( 1.000000000000000000, 0.8910769562941845967, 1.000000000000000000),
 ( 1.000000000000000000, 0.8980047534457274994, 1.000000000000000000),
 ( 1.000000000000000000, 0.9000293900724251062, 1.000000000000000000),
 ( 1.000000000000000000, 0.9033835177513395154, 1.000000000000000000),
 ( 1.000000000000000000, 0.9047050708516966022, 1.000000000000000000),
 ( 1.000000000000000000, 0.9075681900704904992, 1.000000000000000000),
 ( 1.000000000000000000, 0.9079943249936344163, 1.000000000000000000),
 ( 1.000000000000000000, 0.9062847490702301556, 1.000000000000000000),
 ( 1.000000000000000000, 0.9041639584684892927, 1.000000000000000000),
 ( 1.000000000000000000, 0.8979872052319435305, 1.000000000000000000),
 ( 1.000000000000000000, 0.8939461104667473235, 1.000000000000000000),
 ( 1.000000000000000000, 0.8846375312999904539, 1.000000000000000000),
 ( 1.000000000000000000, 0.8793451671388992086, 1.000000000000000000),
 ( 1.000000000000000000, 0.8705686334658365721, 1.000000000000000000),
 ( 1.000000000000000000, 0.8675010932022551025, 1.000000000000000000),
 ( 1.000000000000000000, 0.8611117852961787111, 1.000000000000000000),
 ( 1.000000000000000000, 0.8577857633840616502, 1.000000000000000000),
 ( 1.000000000000000000, 0.8509879640473708706, 1.000000000000000000),
 ( 1.000000000000000000, 0.8475020384624929459, 1.000000000000000000),
 ( 1.000000000000000000, 0.8425910068732211933, 1.000000000000000000),
 ( 1.000000000000000000, 0.8410085934034096100, 1.000000000000000000),
 ( 1.000000000000000000, 0.8381547604755553715, 1.000000000000000000),
 ( 1.000000000000000000, 0.8368773358293044584, 1.000000000000000000),
 ( 1.000000000000000000, 0.8350622020154379044, 1.000000000000000000),
 ( 1.000000000000000000, 0.8345320691874933416, 1.000000000000000000),
 ( 1.000000000000000000, 0.8348852475489088043, 1.000000000000000000),
 ( 1.000000000000000000, 0.8351952885421485284, 1.000000000000000000),
 ( 1.000000000000000000, 0.8362564533641572151, 1.000000000000000000),
 ( 1.000000000000000000, 0.8370177165085035398, 1.000000000000000000),
 ( 1.000000000000000000, 0.8388966113024751703, 1.000000000000000000),
 ( 1.000000000000000000, 0.8400070766796899902, 1.000000000000000000),
 ( 1.000000000000000000, 0.8423730050906500511, 1.000000000000000000),
 ( 1.000000000000000000, 0.8436239364342609237, 1.000000000000000000),
 ( 1.000000000000000000, 0.8458405044680125107, 1.000000000000000000),
 ( 1.000000000000000000, 0.8468498855186816776, 1.000000000000000000),
 ( 1.000000000000000000, 0.8482021457385978680, 1.000000000000000000),
 ( 1.000000000000000000, 0.8486258041541994146, 1.000000000000000000),
 ( 1.000000000000000000, 0.8493966547293434477, 1.000000000000000000),
 ( 1.000000000000000000, 0.8497472944659892891, 1.000000000000000000),
 ( 1.000000000000000000, 0.8507031443599619713, 1.000000000000000000),
 ( 1.000000000000000000, 0.8512137808102505643, 1.000000000000000000),
 ( 1.000000000000000000, 0.8520223559622751575, 1.000000000000000000),
 ( 1.000000000000000000, 0.8523245603912321666, 1.000000000000000000),
 ( 1.000000000000000000, 0.8528860660067929533, 1.000000000000000000),
 ( 1.000000000000000000, 0.8531460318669403797, 1.000000000000000000),
 ( 1.000000000000000000, 0.8537588105548243878, 1.000000000000000000),
 ( 1.000000000000000000, 0.8541134469547713159, 1.000000000000000000),
 ( 1.000000000000000000, 0.8549804763686676967, 1.000000000000000000),
 ( 1.000000000000000000, 0.8554945151684811844, 1.000000000000000000),
 ( 1.000000000000000000, 0.8566582192774467863, 1.000000000000000000),
 ( 1.000000000000000000, 0.8573065896551564924, 1.000000000000000000),
 ( 1.000000000000000000, 0.8594029936755608334, 1.000000000000000000),
 ( 1.000000000000000000, 0.8609976515022883525, 1.000000000000000000),
 ( 1.000000000000000000, 0.8660257946450136135, 1.000000000000000000),
 ( 1.000000000000000000, 0.8696703367610633117, 1.000000000000000000),
 ( 1.000000000000000000, 0.8767648287281427644, 1.000000000000000000),
 ( 1.000000000000000000, 0.8802129021996037972, 1.000000000000000000),
 ( 1.000000000000000000, 0.8900545249734201914, 1.000000000000000000),
 ( 1.000000000000000000, 0.8959639728748558518, 1.000000000000000000),
 ( 1.000000000000000000, 0.9062414013567361426, 1.000000000000000000),
 ( 1.000000000000000000, 0.9106357621065372943, 1.000000000000000000),
 ( 1.000000000000000000, 0.9171940132519780242, 1.000000000000000000),
 ( 1.000000000000000000, 0.9193599401019095785, 1.000000000000000000),
 ( 1.000000000000000000, 0.9204551320934031278, 1.000000000000000000),
 ( 1.000000000000000000, 0.9204580451254578133, 1.000000000000000000),
 ( 1.000000000000000000, 0.9197322104013214705, 1.000000000000000000),
 ( 1.000000000000000000, 0.9190040765315071747, 1.000000000000000000),
 ( 1.000000000000000000, 0.9158066911865470061, 1.000000000000000000),
 ( 1.000000000000000000, 0.9123062350752260130, 1.000000000000000000),
 ( 1.000000000000000000, 0.9036769168744644976, 1.000000000000000000),
 ( 1.000000000000000000, 0.8985814199489752241, 1.000000000000000000),
 ( 1.000000000000000000, 0.8880191187454717916, 1.000000000000000000),
 ( 1.000000000000000000, 0.8825566559970531300, 1.000000000000000000),
 ( 1.000000000000000000, 0.8719614540808972025, 1.000000000000000000),
 ( 1.000000000000000000, 0.8668172559550525458, 1.000000000000000000),
 ( 1.000000000000000000, 0.8571616198622810101, 1.000000000000000000),
 ( 1.000000000000000000, 0.8527231515499426040, 1.000000000000000000),
 ( 1.000000000000000000, 0.8439582080619539850, 1.000000000000000000),
 ( 1.000000000000000000, 0.8396245759206294457, 1.000000000000000000),
 ( 1.000000000000000000, 0.8264616764113257297, 1.000000000000000000),
 ( 1.000000000000000000, 0.8175750995670406640, 1.000000000000000000),
 ( 1.000000000000000000, 0.8020344301618983485, 1.000000000000000000),
 ( 1.000000000000000000, 0.7965013066193189495, 1.000000000000000000),
 ( 1.000000000000000000, 0.7866969802642427290, 1.000000000000000000),
 ( 1.000000000000000000, 0.7831762954144714239, 1.000000000000000000),
 ( 1.000000000000000000, 0.7750956074931216744, 1.000000000000000000),
 ( 1.000000000000000000, 0.7705640675315630350, 1.000000000000000000),
 ( 1.000000000000000000, 0.7647222129809386759, 1.000000000000000000) ) ) 
 REPRESENTATION_ITEM ( '' )  SURFACE ( )  );
#4608 = CARTESIAN_POINT ( 'NONE',  ( -19.02338124874517788, 33.26365118543881039, -100.3818497085522949 ) ) ;
#4609 = CARTESIAN_POINT ( 'NONE',  ( -213.0124455226958844, 36.54283694344714206, -399.4573162261024777 ) ) ;
#4610 = VERTEX_POINT ( 'NONE', #4657 ) ;
#4611 = CARTESIAN_POINT ( 'NONE',  ( 3.388131789017200393E-19, 37.04464340106387965, 91.19401363396973181 ) ) ;
#4612 = CARTESIAN_POINT ( 'NONE',  ( -83.41061016287416408, 24.58247493297892916, 232.7132548308615014 ) ) ;
#4613 = CARTESIAN_POINT ( 'NONE',  ( -211.1859206943207425, 34.85638915748573652, -305.5953941733503711 ) ) ;
#4614 = CARTESIAN_POINT ( 'NONE',  ( 73.02627651236086592, 15.65599724183319452, 240.5885798272402951 ) ) ;
#4615 = CARTESIAN_POINT ( 'NONE',  ( -209.1042008717282954, 28.01073521620775253, -353.7450547976986854 ) ) ;
#4616 = CARTESIAN_POINT ( 'NONE',  ( 59.66509302227807865, 43.97500032240670009, 210.6534471093363265 ) ) ;
#4617 = CARTESIAN_POINT ( 'NONE',  ( 45.83870261298157800, 27.42321499231547577, -1.941048054589366689 ) ) ;
#4618 = CARTESIAN_POINT ( 'NONE',  ( -50.58496724894657603, 17.57526595490909216, 438.0555349262133404 ) ) ;
#4619 = CYLINDRICAL_SURFACE ( 'NONE', #692, 9.750000000000000000 ) ;
#4620 = CARTESIAN_POINT ( 'NONE',  ( 41.71917371189599777, -0.3917520964059426625, 466.7211743237411383 ) ) ;
#4621 = ORIENTED_EDGE ( 'NONE', *, *, #1518, .F. ) ;
#4622 = CARTESIAN_POINT ( 'NONE',  ( 56.58022216073542410, 42.96926630534888858, 189.5707640454564284 ) ) ;
#4623 = CARTESIAN_POINT ( 'NONE',  ( -45.06619086666029261, 44.56532417926812428, 147.1156605539682118 ) ) ;
#4624 = CARTESIAN_POINT ( 'NONE',  ( 31.93830837084196617, -10.05004484607067283, -46.53904117984429689 ) ) ;
#4625 = CARTESIAN_POINT ( 'NONE',  ( 225.0000000000000000, 36.63460289141169568, -347.8475631073004024 ) ) ;
#4626 = CARTESIAN_POINT ( 'NONE',  ( 225.0000000000000853, 20.50395631468171942, -370.6227356468538119 ) ) ;
#4627 = CARTESIAN_POINT ( 'NONE',  ( -10.28611809027052537, 15.58888304622250409, -107.1266116747016071 ) ) ;
#4628 = CARTESIAN_POINT ( 'NONE',  ( 58.28622151891219261, 45.02046629263577415, 206.1719739680699206 ) ) ;
#4629 = CARTESIAN_POINT ( 'NONE',  ( -7.618003732914296222, 15.41347012411469208, -114.3776811224202703 ) ) ;
#4630 = CARTESIAN_POINT ( 'NONE',  ( 48.02110785051832664, -34.25257598369153555, 402.2845281192506377 ) ) ;
#4631 = CARTESIAN_POINT ( 'NONE',  ( 224.9999999999999716, 19.99138214673021707, -306.7040159712778404 ) ) ;
#4632 = CARTESIAN_POINT ( 'NONE',  ( 225.0000000000000568, 34.67794507325447029, -358.5047499995902172 ) ) ;
#4633 = TOROIDAL_SURFACE ( 'NONE', #3436, 11.99999999999999645, 3.000000000000000000 ) ;
#4634 = CARTESIAN_POINT ( 'NONE',  ( -83.71430132396979218, 24.91968666212623518, 233.4286476165970328 ) ) ;
#4635 = CARTESIAN_POINT ( 'NONE',  ( -67.83116669613703209, 17.77084425478064844, 116.7739941563078929 ) ) ;
#4636 = CARTESIAN_POINT ( 'NONE',  ( -213.8349172460572731, 38.53498214778760911, -389.5559432528143020 ) ) ;
#4637 = CARTESIAN_POINT ( 'NONE',  ( -29.99038358723833753, 31.37918138740272767, -68.16681912845028535 ) ) ;
#4638 = CARTESIAN_POINT ( 'NONE',  ( -214.2844038255765327, 34.60557650251453765, -399.9210718764402941 ) ) ;
#4639 = ORIENTED_EDGE ( 'NONE', *, *, #3396, .T. ) ;
#4640 = CARTESIAN_POINT ( 'NONE',  ( 57.51095896103175420, 6.959663206753209153, 112.8128153886963219 ) ) ;
#4641 = CARTESIAN_POINT ( 'NONE',  ( -72.05440281369627087, 24.92826894055770026, 233.8058115646758779 ) ) ;
#4642 = CARTESIAN_POINT ( 'NONE',  ( -209.8187217639142830, 31.76395859998311977, -313.3148427748534459 ) ) ;
#4643 = CARTESIAN_POINT ( 'NONE',  ( 16.32649567591320050, 15.47824124679197055, -98.96154466134319705 ) ) ;
#4644 = CARTESIAN_POINT ( 'NONE',  ( -75.41730034444526609, 16.40927875740392849, 173.3809144705024323 ) ) ;
#4645 = EDGE_CURVE ( 'NONE', #4807, #5000, #3992, .T. ) ;
#4646 = CARTESIAN_POINT ( 'NONE',  ( -216.8846637929951271, 38.88000393956168921, -383.6856877043662735 ) ) ;
#4647 = CARTESIAN_POINT ( 'NONE',  ( 24.21463801739331956, 15.15424393324334318, -55.64884727696807687 ) ) ;
#4648 = CARTESIAN_POINT ( 'NONE',  ( -6.847590703446711835, 30.76598115813125744, -46.53904117984434663 ) ) ;
#4649 = CARTESIAN_POINT ( 'NONE',  ( -54.06458586115795129, 44.96307368654865400, 168.0626429772836445 ) ) ;
#4650 = CARTESIAN_POINT ( 'NONE',  ( 5.050673245201183998E-11, 0.000000000000000000, 498.0555349262137952 ) ) ;
#4651 = CARTESIAN_POINT ( 'NONE',  ( 70.41279566552621816, 26.99084910746218213, 235.3635682428050586 ) ) ;
#4652 = CARTESIAN_POINT ( 'NONE',  ( -37.58005682429009653, 39.97638695998860925, 94.26285200891710758 ) ) ;
#4653 = CARTESIAN_POINT ( 'NONE',  ( 60.80729803020462754, 23.08168719947348180, 402.2845281192504672 ) ) ;
#4654 = CARTESIAN_POINT ( 'NONE',  ( 69.11331264195506208, 8.806088172476345122, 206.9871331017868386 ) ) ;
#4655 = CARTESIAN_POINT ( 'NONE',  ( 225.0000000000000568, 20.36459516958763061, -369.7382673233695414 ) ) ;
#4656 = CARTESIAN_POINT ( 'NONE',  ( 32.69760691866708413, -1.146264791067122202, -46.53904117984442479 ) ) ;
#4657 = CARTESIAN_POINT ( 'NONE',  ( -245.5411233432148777, 26.50459451474078421, 232.2342902614984439 ) ) ;
#4658 = CARTESIAN_POINT ( 'NONE',  ( -55.00005328015243578, 1.461198160358700537E-08, 438.0555349262137952 ) ) ;
#4659 = CARTESIAN_POINT ( 'NONE',  ( -11.59400098457596151, -31.06103362602626561, -46.53904117984428268 ) ) ;
#4660 = CARTESIAN_POINT ( 'NONE',  ( 225.0000000000000853, 23.51898135828916381, -299.0929272180990779 ) ) ;
#4661 = CARTESIAN_POINT ( 'NONE',  ( 225.0000000000000853, 34.96792497123353627, -356.9143840895911239 ) ) ;
#4662 = DIRECTION ( 'NONE',  ( 1.000000000000000000, 0.000000000000000000, 0.000000000000000000 ) ) ;
#4663 = CARTESIAN_POINT ( 'NONE',  ( -214.0054316834924180, 34.64434037333570870, -399.9572634401948221 ) ) ;
#4664 = CARTESIAN_POINT ( 'NONE',  ( -44.74296571777419729, 12.23327991230597611, 31.98787761215752923 ) ) ;
#4665 = CARTESIAN_POINT ( 'NONE',  ( 225.0000000000000000, 23.99947967673287863, -390.6655194007940963 ) ) ;
#4666 = CARTESIAN_POINT ( 'NONE',  ( -213.0050314568626959, 34.31445737239847915, -398.8795460883559372 ) ) ;
#4667 = ORIENTED_EDGE ( 'NONE', *, *, #587, .T. ) ;
#4668 = CARTESIAN_POINT ( 'NONE',  ( -960.0000000000000000, 13.79272171824747240, 21.03947645407027878 ) ) ;
#4669 = CARTESIAN_POINT ( 'NONE',  ( -72.18298477191592610, 24.71384524339988076, 233.8077933059944371 ) ) ;
#4670 = CARTESIAN_POINT ( 'NONE',  ( -212.6334133588065356, 34.76884168205912573, -304.2617603676248450 ) ) ;
#4671 = CARTESIAN_POINT ( 'NONE',  ( 10.17445224213079769, 16.94825636465534302, -101.5221572877149470 ) ) ;
#4672 = CARTESIAN_POINT ( 'NONE',  ( 80.53345348386126545, 27.18840715754421922, 234.1367389576257096 ) ) ;
#4673 = CARTESIAN_POINT ( 'NONE',  ( -214.0727860648600824, 36.54091907935600858, -303.1707409267312983 ) ) ;
#4674 = CARTESIAN_POINT ( 'NONE',  ( 13.22824577468366058, 33.99993113358580388, -113.2635961533496527 ) ) ;
#4675 = CARTESIAN_POINT ( 'NONE',  ( -1.806518789334202957, 14.91904296424056042, -124.9949820965277638 ) ) ;
#4676 = CARTESIAN_POINT ( 'NONE',  ( 225.0000000000505338, 26.26107159832745452, -400.0000000000000000 ) ) ;
#4677 = CARTESIAN_POINT ( 'NONE',  ( -31.61415962143732017, -7.835041928118964272, 466.7211743237411383 ) ) ;
#4678 = CARTESIAN_POINT ( 'NONE',  ( 68.73772413124945047, 38.71509176282132358, 208.0392629170443684 ) ) ;
#4679 = CARTESIAN_POINT ( 'NONE',  ( -48.21944658820783758, 44.02067642690690263, 140.9233294697559415 ) ) ;
#4680 = CARTESIAN_POINT ( 'NONE',  ( 43.13744883235957417, 27.60454126699516308, 438.0555349262152731 ) ) ;
#4681 = DIRECTION ( 'NONE',  ( -1.000000000000000000, 0.000000000000000000, 0.000000000000000000 ) ) ;
#4682 = CARTESIAN_POINT ( 'NONE',  ( 225.0000000000000284, 20.15880693685916825, -368.4375456302553289 ) ) ;
#4683 = CARTESIAN_POINT ( 'NONE',  ( 9.525547296823127397, 121.8815794847232183, 294.0012731391507828 ) ) ;
#4684 = CARTESIAN_POINT ( 'NONE',  ( -214.3872120711099001, 36.98338007983583253, -394.7000594131709477 ) ) ;
#4685 = DIRECTION ( 'NONE',  ( 0.000000000000000000, 0.000000000000000000, 1.000000000000000000 ) ) ;
#4686 = CARTESIAN_POINT ( 'NONE',  ( 0.3265773720786770973, -15.02479125579055363, -124.9949820965278349 ) ) ;
#4687 = CARTESIAN_POINT ( 'NONE',  ( 224.9999999999999432, 20.04626606061761152, -306.5458785099783086 ) ) ;
#4688 = CARTESIAN_POINT ( 'NONE',  ( 225.0000000000000284, 35.44121436027374727, -354.3606261813524156 ) ) ;
#4689 = CLOSED_SHELL ( 'NONE', ( #3193, #1861, #1120, #3148, #4145, #4386, #809, #2374 ) ) ;
#4690 = CARTESIAN_POINT ( 'NONE',  ( -213.0510286078063587, 36.46170473187611805, -399.5355879802465893 ) ) ;
#4691 = CARTESIAN_POINT ( 'NONE',  ( -65.52058829408544227, 16.46698023265160060, 176.9024891522680605 ) ) ;
#4692 = CARTESIAN_POINT ( 'NONE',  ( 225.0000000000000284, 23.29315753747297535, -387.3029364665840149 ) ) ;
#4693 = VERTEX_POINT ( 'NONE', #2172 ) ;
#4694 = CARTESIAN_POINT ( 'NONE',  ( -240.0000000000505054, 26.26107159832745808, 147.0000000000000284 ) ) ;
#4695 = CARTESIAN_POINT ( 'NONE',  ( -213.7089594742047041, 36.15338036839666103, -304.2913648153406143 ) ) ;
#4696 = CARTESIAN_POINT ( 'NONE',  ( 45.52691687245717134, 24.84577300357556950, 19.12557861042837715 ) ) ;
#4697 = CARTESIAN_POINT ( 'NONE',  ( 78.00930092417408446, 28.23246714862831652, 233.3437409522212533 ) ) ;
#4698 = CARTESIAN_POINT ( 'NONE',  ( 24.87483901103933093, 32.20123092727340008, -82.28452204457998675 ) ) ;
#4699 = CARTESIAN_POINT ( 'NONE',  ( -62.52878433942230174, 18.13586486621604621, 402.2845281192508082 ) ) ;
#4700 = CARTESIAN_POINT ( 'NONE',  ( 960.0000000000000000, 13.79272171824747240, 21.03947645407027878 ) ) ;
#4701 = CARTESIAN_POINT ( 'NONE',  ( 0.000000000000000000, 24.37787861160131797, 37.70180719404407910 ) ) ;
#4702 = CARTESIAN_POINT ( 'NONE',  ( -210.9087429778962814, 35.27061593574499199, -397.7386969813096016 ) ) ;
#4703 = CARTESIAN_POINT ( 'NONE',  ( 60.18460175177305160, 43.56103496548173126, 212.3297602901785694 ) ) ;
#4704 = CARTESIAN_POINT ( 'NONE',  ( -29.23928602424865986, 21.89034112841036617, -19.18456907765827424 ) ) ;
#4705 = CARTESIAN_POINT ( 'NONE',  ( 51.34671011584332234, 38.27459437308706924, 402.2845281192515472 ) ) ;
#4706 = CARTESIAN_POINT ( 'NONE',  ( 0.000000000000000000, 194.1578018649609874, -490.1995837653036006 ) ) ;
#4707 = CARTESIAN_POINT ( 'NONE',  ( 225.0000000000000568, 21.88540897578267419, -379.3125043750724785 ) ) ;
#4708 = CARTESIAN_POINT ( 'NONE',  ( 51.94533357138647744, 31.74479203204629840, 106.1228587318995693 ) ) ;
#4709 = CARTESIAN_POINT ( 'NONE',  ( -215.5078678903323919, 37.87733878958992051, -396.0003043608477356 ) ) ;
#4710 = CARTESIAN_POINT ( 'NONE',  ( -210.0070092337588221, 32.39075551371394113, -311.3082365501435333 ) ) ;
#4711 = EDGE_CURVE ( 'NONE', #359, #1752, #4410, .T. ) ;
#4712 = CARTESIAN_POINT ( 'NONE',  ( 45.32949448905424106, -25.22542059840456119, 438.0555349262136815 ) ) ;
#4713 = CARTESIAN_POINT ( 'NONE',  ( 225.0000000000000568, 38.00608569260767666, -332.2030526810083870 ) ) ;
#4714 = CARTESIAN_POINT ( 'NONE',  ( 225.0000000000000284, 21.22015736280037501, -303.4712344370384471 ) ) ;
#4715 = CARTESIAN_POINT ( 'NONE',  ( 225.0000000000000284, 34.79352702779898010, -357.8667671009187075 ) ) ;
#4716 = FACE_OUTER_BOUND ( 'NONE', #5377, .T. ) ;
#4717 = CARTESIAN_POINT ( 'NONE',  ( -212.9951843029298573, 35.03166108772764886, -399.9685187986905248 ) ) ;
#4718 = CARTESIAN_POINT ( 'NONE',  ( 225.0000000000000853, 23.51727692203426656, -388.4270502730423118 ) ) ;
#4719 = CIRCLE ( 'NONE', #3249, 14.99999999999998579 ) ;
#4720 = ORIENTED_EDGE ( 'NONE', *, *, #2129, .T. ) ;
#4721 = CARTESIAN_POINT ( 'NONE',  ( 70.71757685711678221, 28.98484445341384941, 244.2255064386692425 ) ) ;
#4722 = CARTESIAN_POINT ( 'NONE',  ( -56.60923897057930532, 24.27014593260218689, 45.02703740102830210 ) ) ;
#4723 = CARTESIAN_POINT ( 'NONE',  ( -4.720218181207934016, 32.41606515288096091, -91.49447042067862412 ) ) ;
#4724 = CARTESIAN_POINT ( 'NONE',  ( -92.70407154455280363, -11.12250836064469439, 294.0012731391522038 ) ) ;
#4725 = CARTESIAN_POINT ( 'NONE',  ( -14.75472422981529341, 2.709062649790257460, -124.9949820965277496 ) ) ;
#4726 = FACE_OUTER_BOUND ( 'NONE', #5246, .T. ) ;
#4727 = ORIENTED_EDGE ( 'NONE', *, *, #2129, .F. ) ;
#4728 = CARTESIAN_POINT ( 'NONE',  ( -211.4065022432551757, 32.60274477943661964, -397.0000000000000000 ) ) ;
#4729 = CARTESIAN_POINT ( 'NONE',  ( 41.30480646936772615, 27.97096981245188729, 44.69287633624203693 ) ) ;
#4730 = CARTESIAN_POINT ( 'NONE',  ( -19.52783059105599506, 21.33877311017194955, -56.54779257007943016 ) ) ;
#4731 = CARTESIAN_POINT ( 'NONE',  ( 48.96130919926635272, 20.34265744611092330, 438.0555349262140794 ) ) ;
#4732 = DIRECTION ( 'NONE',  ( 1.224646799147353207E-16, 1.000000000000000000, -0.000000000000000000 ) ) ;
#4733 = CARTESIAN_POINT ( 'NONE',  ( 225.0000000000000284, 21.00054520046660045, -373.7802898873577533 ) ) ;
#4734 = CARTESIAN_POINT ( 'NONE',  ( 11.57892987549229247, 43.39329093270642801, 438.0555349262127720 ) ) ;
#4735 = CARTESIAN_POINT ( 'NONE',  ( 70.85601219331692846, 24.83840272540196281, 233.6268496510126909 ) ) ;
#4736 = CARTESIAN_POINT ( 'NONE',  ( 51.34671011584332234, 38.27459437308706924, 402.2845281192515472 ) ) ;
#4737 = CARTESIAN_POINT ( 'NONE',  ( 225.0000000000000568, 36.38731717757872985, -318.7352600845250663 ) ) ;
#4738 = CARTESIAN_POINT ( 'NONE',  ( 225.0000000000000000, 16.15006922564519343, -345.4366067588451301 ) ) ;
#4739 = CARTESIAN_POINT ( 'NONE',  ( 225.0000000000000853, 34.14107144075826739, -361.5423519781908226 ) ) ;
#4740 = EDGE_CURVE ( 'NONE', #359, #1658, #3926, .T. ) ;
#4741 = DIRECTION ( 'NONE',  ( 0.000000000000000000, 0.000000000000000000, 1.000000000000000000 ) ) ;
#4742 = CARTESIAN_POINT ( 'NONE',  ( 50.22044893575597513, 9.776117500668213722, 65.15861007067887556 ) ) ;
#4743 = CARTESIAN_POINT ( 'NONE',  ( -213.4873624037433899, 38.28659180793376748, -392.1941779827006371 ) ) ;
#4744 = ORIENTED_EDGE ( 'NONE', *, *, #1192, .T. ) ;
#4745 = VECTOR ( 'NONE', #4853, 1000.000000000000000 ) ;
#4746 = CARTESIAN_POINT ( 'NONE',  ( 70.19498712124052986, 30.35784702193184259, 243.3488840423960369 ) ) ;
#4747 = CARTESIAN_POINT ( 'NONE',  ( -77.83489476670041540, 17.56243536193115062, 190.4059923582302076 ) ) ;
#4748 = CARTESIAN_POINT ( 'NONE',  ( 19.47833353325904326, 33.14653539688030293, -98.42402661351765403 ) ) ;
#4749 = CARTESIAN_POINT ( 'NONE',  ( -31.30810295522202935, -36.52267153051026582, 438.0555349262136815 ) ) ;
#4750 = CARTESIAN_POINT ( 'NONE',  ( 960.0000000000000000, 29.17329108118089209, 111.3698197661168621 ) ) ;
#4751 = CARTESIAN_POINT ( 'NONE',  ( 0.000000000000000000, 15.27726836542137967, 144.4373964361062690 ) ) ;
#4752 = ORIENTED_EDGE ( 'NONE', *, *, #4645, .F. ) ;
#4753 = CARTESIAN_POINT ( 'NONE',  ( -32.21253750827683149, 4.841653302585378071, -46.53904117984417610 ) ) ;
#4754 = CARTESIAN_POINT ( 'NONE',  ( -211.1094432535823557, 31.92520352217882618, -392.9543912078146377 ) ) ;
#4755 = CARTESIAN_POINT ( 'NONE',  ( 43.19906694337664277, 47.61247873900658334, 147.0077798234480611 ) ) ;
#4756 = CARTESIAN_POINT ( 'NONE',  ( -35.50631428053528538, 25.00816042203039657, 19.60444606779850218 ) ) ;
#4757 = CARTESIAN_POINT ( 'NONE',  ( 32.49072393974920914, -7.120254258055601859, -46.53904117984428979 ) ) ;
#4758 = LINE ( 'NONE', #4250, #2427 ) ;
#4759 = CARTESIAN_POINT ( 'NONE',  ( 225.0000000000000284, 22.64590442509136992, -383.8046127821672826 ) ) ;
#4760 = EDGE_CURVE ( 'NONE', #2363, #184, #3775, .T. ) ;
#4761 = CARTESIAN_POINT ( 'NONE',  ( 15.21807645783578344, 61.56412195656186981, 402.2845281192502398 ) ) ;
#4762 = CARTESIAN_POINT ( 'NONE',  ( 27.04613815831761059, 26.10366927430762374, -6.197254870760897205 ) ) ;
#4763 = CARTESIAN_POINT ( 'NONE',  ( 95.88628289116148551, 15.05515177671330029, 294.0012731391504417 ) ) ;
#4764 = CARTESIAN_POINT ( 'NONE',  ( 15.64991956717221733, -51.49011776215676406, 402.2845281192505809 ) ) ;
#4765 = CARTESIAN_POINT ( 'NONE',  ( 225.0000000000000853, 38.02372087458181227, -333.7223042470333212 ) ) ;
#4766 = CARTESIAN_POINT ( 'NONE',  ( 225.0000000000000284, 16.42853149645402056, -320.5595556764412777 ) ) ;
#4767 = CARTESIAN_POINT ( 'NONE',  ( 225.0000000000000284, 37.58024945586929988, -341.2756153239895980 ) ) ;
#4768 = PRESENTATION_LAYER_ASSIGNMENT (  '', '', ( #3672 ) ) ;
#4769 = CARTESIAN_POINT ( 'NONE',  ( -960.0000000000000000, 25.54291046610794069, 93.49433144141869434 ) ) ;
#4770 = CARTESIAN_POINT ( 'NONE',  ( 10.25055505762638397, 16.21533992252221168, -104.5363993127637912 ) ) ;
#4771 = CARTESIAN_POINT ( 'NONE',  ( 55.96794660378463249, 7.525841320715437988, 101.5480698646379523 ) ) ;
#4772 = CARTESIAN_POINT ( 'NONE',  ( 225.0000000000000568, 30.64796390072460852, -383.0866774494089100 ) ) ;
#4773 = ORIENTED_EDGE ( 'NONE', *, *, #5600, .T. ) ;
#4774 = CARTESIAN_POINT ( 'NONE',  ( 71.69429151733118033, 25.87675728581991663, 245.2894982671951425 ) ) ;
#4775 = CARTESIAN_POINT ( 'NONE',  ( -14.07703965459803719, 32.72166673375474488, -98.19921077399172304 ) ) ;
#4776 = CARTESIAN_POINT ( 'NONE',  ( -62.27043650819733500, -21.51573578177627155, 106.1228587318996546 ) ) ;
#4777 = CARTESIAN_POINT ( 'NONE',  ( -1.694065894508600678E-18, 21.93553039503851920, -22.98817255929905556 ) ) ;
#4778 = CIRCLE ( 'NONE', #2393, 14.99999999999998579 ) ;
#4779 = CARTESIAN_POINT ( 'NONE',  ( 569.0256067610916944, 27.86417128417098610, 220.2815608791275110 ) ) ;
#4780 = ORIENTED_EDGE ( 'NONE', *, *, #4992, .F. ) ;
#4781 = CARTESIAN_POINT ( 'NONE',  ( -12.65270400406750184, 28.62095256621839923, -46.53904117984447453 ) ) ;
#4782 = CARTESIAN_POINT ( 'NONE',  ( -211.4220512099458062, 35.31611787097889987, -398.7975287251713326 ) ) ;
#4783 = CARTESIAN_POINT ( 'NONE',  ( 48.14455177003639363, 43.44015426086667020, 134.9424564548413628 ) ) ;
#4784 = CARTESIAN_POINT ( 'NONE',  ( -39.81990286950275504, 24.95084304008878462, 19.55058605521338322 ) ) ;
#4785 = CARTESIAN_POINT ( 'NONE',  ( 6.273671596888313218, 44.09541626301936645, 438.0555349262151026 ) ) ;
#4786 = FACE_OUTER_BOUND ( 'NONE', #2638, .T. ) ;
#4787 = CARTESIAN_POINT ( 'NONE',  ( 225.0000000000000000, 21.04163701632197103, -374.0410978895615131 ) ) ;
#4788 = CARTESIAN_POINT ( 'NONE',  ( 8.229823353226050742, 30.51074643277379295, -46.53904117984421873 ) ) ;
#4789 = DIRECTION ( 'NONE',  ( -0.000000000000000000, -0.000000000000000000, -1.000000000000000000 ) ) ;
#4790 = UNCERTAINTY_MEASURE_WITH_UNIT (LENGTH_MEASURE( 1.000000000000000082E-05 ), #1472, 'distance_accuracy_value', 'NONE');
#4791 = CARTESIAN_POINT ( 'NONE',  ( 95.75517041586512335, 5.748665286509233141, 294.0012731391499869 ) ) ;
#4792 = CARTESIAN_POINT ( 'NONE',  ( -64.34500752930796352, -15.46845220565844947, 106.1228587319002088 ) ) ;
#4793 = CARTESIAN_POINT ( 'NONE',  ( 225.0000000000000000, 37.95016926588448314, -330.6514088702014078 ) ) ;
#4794 = CARTESIAN_POINT ( 'NONE',  ( 225.0000000000000284, 15.44866145272187374, -327.1075783087345599 ) ) ;
#4795 = CARTESIAN_POINT ( 'NONE',  ( 225.0000000000000284, 36.13510827713517415, -350.6107530783567086 ) ) ;
#4796 = CARTESIAN_POINT ( 'NONE',  ( 5.050673245201183998E-11, 0.000000000000000000, 498.0555349262137952 ) ) ;
#4797 = CARTESIAN_POINT ( 'NONE',  ( -73.92225088013043433, 18.25933192701671004, 243.4599528802816621 ) ) ;
#4798 = CARTESIAN_POINT ( 'NONE',  ( -216.9296281196215546, 38.91024859756748810, -308.6498233292132909 ) ) ;
#4799 = CARTESIAN_POINT ( 'NONE',  ( -78.29880049625315053, 28.23064890407718153, 233.3396410361350490 ) ) ;
#4800 = CARTESIAN_POINT ( 'NONE',  ( 225.0000000000000853, 28.24626939567844630, -394.1189414254572512 ) ) ;
#4801 = ORIENTED_EDGE ( 'NONE', *, *, #568, .F. ) ;
#4802 = CARTESIAN_POINT ( 'NONE',  ( -210.0162593495044234, 25.56284796459236475, -344.1023517104725329 ) ) ;
#4803 = CARTESIAN_POINT ( 'NONE',  ( -800.0000000000000000, 26.22134871574218096, 189.6051748444392331 ) ) ;
#4804 = CARTESIAN_POINT ( 'NONE',  ( -21.81324244005827850, -40.75708329559975596, 438.0555349262137383 ) ) ;
#4805 = CARTESIAN_POINT ( 'NONE',  ( -73.96289000577608874, 15.26256852041968237, 240.0794985470130882 ) ) ;
#4806 = CARTESIAN_POINT ( 'NONE',  ( -50.19548990847306413, 25.37683707876895411, 25.59864085318390892 ) ) ;
#4807 = VERTEX_POINT ( 'NONE', #3065 ) ;
#4808 = CARTESIAN_POINT ( 'NONE',  ( -43.13785055756049047, -27.60447384558887762, 438.0555349262136247 ) ) ;
#4809 = CARTESIAN_POINT ( 'NONE',  ( -211.0494758794432641, 31.77532579939736834, -391.9384974412953966 ) ) ;
#4810 = ADVANCED_FACE ( 'NONE', ( #5692 ), #5044, .F. ) ;
#4811 = CARTESIAN_POINT ( 'NONE',  ( 44.73809388302942835, 43.93173803995237137, 139.2948454179328621 ) ) ;
#4812 = CARTESIAN_POINT ( 'NONE',  ( 31.25672182785192632, 36.46275510619607729, 438.0555349262138520 ) ) ;
#4813 = CARTESIAN_POINT ( 'NONE',  ( -39.89347156787827231, 24.98906493202441936, 20.02562213727978246 ) ) ;
#4814 = CARTESIAN_POINT ( 'NONE',  ( 17.93845052927456152, 119.7958629573901987, 294.0012731391494185 ) ) ;
#4815 = CARTESIAN_POINT ( 'NONE',  ( 76.71023152215808238, 29.85112271545948204, 230.2665655029096854 ) ) ;
#4816 = CARTESIAN_POINT ( 'NONE',  ( 225.0000000000000568, 21.16457123891898462, -374.8198096118370017 ) ) ;
#4817 = CARTESIAN_POINT ( 'NONE',  ( -52.47392798552442628, 13.51021269261975100, 438.0555349262139089 ) ) ;
#4818 = CARTESIAN_POINT ( 'NONE',  ( 71.17840022702699798, 24.93758006178947539, 233.8587303449469914 ) ) ;
#4819 = CARTESIAN_POINT ( 'NONE',  ( 58.17946542329714532, 28.36398354792783394, 402.2845281192506945 ) ) ;
#4820 = CARTESIAN_POINT ( 'NONE',  ( -21.80046720562237539, -49.59921049120388403, 402.2845281192504672 ) ) ;
#4821 = CARTESIAN_POINT ( 'NONE',  ( 225.0000000000000568, 37.46207585723495725, -325.1712920500180530 ) ) ;
#4822 = CARTESIAN_POINT ( 'NONE',  ( 225.0000000000000568, 15.20143944339378272, -336.3624113190986691 ) ) ;
#4823 = CARTESIAN_POINT ( 'NONE',  ( 225.0000000000000853, 36.78795072995115589, -346.8749176033954313 ) ) ;
#4824 = CARTESIAN_POINT ( 'NONE',  ( -550.9300346067994951, 27.32278158742813190, 76.29965240440625962 ) ) ;
#4825 = VERTEX_POINT ( 'NONE', #5020 ) ;
#4826 = CARTESIAN_POINT ( 'NONE',  ( -212.9823451394444760, 37.01217719611700119, -305.0484749950488208 ) ) ;
#4827 = CARTESIAN_POINT ( 'NONE',  ( 55.00000000000000711, 4.510281037539698445E-14, 438.0555349262138520 ) ) ;
#4828 = CARTESIAN_POINT ( 'NONE',  ( 225.0000000000000000, 28.83974429078871182, -392.0309034659673557 ) ) ;
#4829 = ORIENTED_EDGE ( 'NONE', *, *, #864, .F. ) ;
#4830 = EDGE_CURVE ( 'NONE', #5324, #4393, #2951, .T. ) ;
#4831 = CARTESIAN_POINT ( 'NONE',  ( -7.709691586163759602, 15.42020322226124307, -114.1370646745488386 ) ) ;
#4832 = CARTESIAN_POINT ( 'NONE',  ( 225.0000000000000284, 32.55438051543843159, -304.9863544784133182 ) ) ;
#4833 = CARTESIAN_POINT ( 'NONE',  ( -66.62141555246752489, -3.217251738354957702, 106.1228587319004646 ) ) ;
#4834 = CARTESIAN_POINT ( 'NONE',  ( -73.10372519350708842, 23.17885142428434975, 245.3589632288883990 ) ) ;
#4835 = CARTESIAN_POINT ( 'NONE',  ( 240.0000000000505054, 26.26107159832745452, -397.0000000000000000 ) ) ;
#4836 = CARTESIAN_POINT ( 'NONE',  ( -30.42178783319337754, 10.80186663649476309, -46.53904117984430400 ) ) ;
#4837 = CARTESIAN_POINT ( 'NONE',  ( -209.9733592545187548, 26.49769120047411874, -339.8738025272054415 ) ) ;
#4838 = CARTESIAN_POINT ( 'NONE',  ( 46.05099597463490113, 44.52218596069769774, 146.6613817138237437 ) ) ;
#4839 = CARTESIAN_POINT ( 'NONE',  ( 799.9999999999997726, 30.28295403523112839, 108.1075680196327227 ) ) ;
#4840 = CARTESIAN_POINT ( 'NONE',  ( -7.652523321273889678, 15.38982611960649471, -114.4063970557171785 ) ) ;
#4841 = CARTESIAN_POINT ( 'NONE',  ( 57.11028844722263642, 7.104030215521221159, 109.8316430607429339 ) ) ;
#4842 = CARTESIAN_POINT ( 'NONE',  ( 15.21807645783578344, 61.56412195656186981, 402.2845281192502398 ) ) ;
#4843 = CARTESIAN_POINT ( 'NONE',  ( 39.15253025404167886, 25.41452984573146523, 24.65536176274628488 ) ) ;
#4844 = CARTESIAN_POINT ( 'NONE',  ( 40.27664033297616442, 10.40596193441548678, 466.7211743237411383 ) ) ;
#4845 = CARTESIAN_POINT ( 'NONE',  ( -7.863426251084023377, 63.44378188942978625, 106.1228587319000951 ) ) ;
#4846 = CARTESIAN_POINT ( 'NONE',  ( 10.97509108165631098, 17.41405108846238292, -97.36819257603914934 ) ) ;
#4847 = PRODUCT_DEFINITION_CONTEXT ( 'detailed design', #3223, 'design' ) ;
#4848 = CARTESIAN_POINT ( 'NONE',  ( 13.30470557469336157, -6.985870155602159848, -124.9949820965277780 ) ) ;
#4849 = CARTESIAN_POINT ( 'NONE',  ( -52.79119828866089392, -38.88901997016284184, 106.1228587318996404 ) ) ;
#4850 = FACE_BOUND ( 'NONE', #4514, .T. ) ;
#4851 = CARTESIAN_POINT ( 'NONE',  ( 225.0000000000000853, 15.16450224046583983, -335.2597271503008187 ) ) ;
#4852 = CARTESIAN_POINT ( 'NONE',  ( 225.0000000000000568, 35.63370063224873263, -353.3271298356807506 ) ) ;
#4853 = DIRECTION ( 'NONE',  ( 0.000000000000000000, 0.000000000000000000, 1.000000000000000000 ) ) ;
#4854 = EDGE_LOOP ( 'NONE', ( #2765, #3939 ) ) ;
#4855 = CARTESIAN_POINT ( 'NONE',  ( -213.6945041331297546, 37.76112415774816355, -306.1814919605267278 ) ) ;
#4856 = CARTESIAN_POINT ( 'NONE',  ( 53.27585449174320331, 8.588077822925001215, 83.32442629831777481 ) ) ;
#4857 = AXIS2_PLACEMENT_3D ( 'NONE', #3421, #4229, #2504 ) ;
#4858 = CARTESIAN_POINT ( 'NONE',  ( 225.0000000000000568, 27.59491971504976249, -395.7915500447079467 ) ) ;
#4859 = ORIENTED_EDGE ( 'NONE', *, *, #1441, .F. ) ;
#4860 = CARTESIAN_POINT ( 'NONE',  ( 0.000000000000000000, 180.5799915545548515, -422.8155626306387376 ) ) ;
#4861 = CARTESIAN_POINT ( 'NONE',  ( 225.0000000000000568, 26.86538251122609111, -296.8241571847572118 ) ) ;
#4862 = CARTESIAN_POINT ( 'NONE',  ( -12.36320804911002469, -8.527536264079067507, -124.9949820965277638 ) ) ;
#4863 = CARTESIAN_POINT ( 'NONE',  ( -800.0000000000002274, 28.83302432184767738, 209.6851584081997260 ) ) ;
#4864 = CARTESIAN_POINT ( 'NONE',  ( -32.14185316333105646, 30.95135731462630346, -60.91925689054728821 ) ) ;
#4865 = CARTESIAN_POINT ( 'NONE',  ( 82.03250795122131933, 23.67122654045406094, 229.0209081352092255 ) ) ;
#4866 = CARTESIAN_POINT ( 'NONE',  ( -31.50710172780259199, 7.862783812305591091, -46.53904117984440347 ) ) ;
#4867 = CARTESIAN_POINT ( 'NONE',  ( -209.9736923764606615, 26.67745454530132676, -347.0039619785029004 ) ) ;
#4868 = CARTESIAN_POINT ( 'NONE',  ( 38.44920377611070705, 24.98585757435612820, 19.77169865643302060 ) ) ;
#4869 = CARTESIAN_POINT ( 'NONE',  ( -213.7892821943133015, 37.85015480263358256, -306.3625788861767205 ) ) ;
#4870 = CIRCLE ( 'NONE', #4408, 14.99999999999998579 ) ;
#4871 = AXIS2_PLACEMENT_3D ( 'NONE', #2385, #638, #1896 ) ;
#4872 = CARTESIAN_POINT ( 'NONE',  ( -13.63656832009349351, 15.57485980944759518, -98.18881174794735500 ) ) ;
#4873 = CARTESIAN_POINT ( 'NONE',  ( 43.21804042856514627, 11.95887444674847977, 28.63195057653514652 ) ) ;
#4874 = CARTESIAN_POINT ( 'NONE',  ( 13.12478268572900397, 7.303904627426145879, -124.9949820965277922 ) ) ;
#4875 = CARTESIAN_POINT ( 'NONE',  ( 60.33374262363336982, 43.80605194989043127, 183.5653023950814884 ) ) ;
#4876 = CARTESIAN_POINT ( 'NONE',  ( 41.71917371189599777, 0.000000000000000000, 466.7211743237411383 ) ) ;
#4877 = CARTESIAN_POINT ( 'NONE',  ( -62.23868450396194874, 88.21422594666640293, 294.0012731391506691 ) ) ;
#4878 = CARTESIAN_POINT ( 'NONE',  ( 72.78354674986201189, 20.55109684284002114, 244.6885424155249495 ) ) ;
#4879 = CARTESIAN_POINT ( 'NONE',  ( -55.63486986342732621, 42.88771590085092100, 190.1654612197497158 ) ) ;
#4880 = CARTESIAN_POINT ( 'NONE',  ( -30.57373409008153686, -10.37892180593640745, -46.53904117984430400 ) ) ;
#4881 = CARTESIAN_POINT ( 'NONE',  ( -215.1036861924477250, 34.18427893810066109, -399.9230027501278641 ) ) ;
#4882 = CARTESIAN_POINT ( 'NONE',  ( 225.0000000000001137, 17.98278030954081075, -355.7351653802400051 ) ) ;
#4883 = ORIENTED_EDGE ( 'NONE', *, *, #4711, .T. ) ;
#4884 = CARTESIAN_POINT ( 'NONE',  ( -215.4573782767614318, 37.83513178488557571, -305.1106612650754073 ) ) ;
#4885 = SHAPE_DEFINITION_REPRESENTATION ( #1489, #4546 ) ;
#4886 = ADVANCED_FACE ( 'NONE', ( #743 ), #525, .F. ) ;
#4887 = CARTESIAN_POINT ( 'NONE',  ( 14.58649411999998158, 44.31434680274014681, 438.0555349262138520 ) ) ;
#4888 = CARTESIAN_POINT ( 'NONE',  ( 225.0000000000000568, 27.48169121763836031, -396.0066976670414078 ) ) ;
#4889 = VERTEX_POINT ( 'NONE', #304 ) ;
#4890 = CARTESIAN_POINT ( 'NONE',  ( 225.0000000000000284, 24.03725304147305764, -396.5929570076766026 ) ) ;
#4891 = CARTESIAN_POINT ( 'NONE',  ( -68.94464619191265342, 33.36260564836340592, 239.1839364297308066 ) ) ;
#4892 = CARTESIAN_POINT ( 'NONE',  ( -41.92681741844772603, 28.78221663644540129, -24.39234065663704598 ) ) ;
#4893 = DIRECTION ( 'NONE',  ( 1.000000000000000000, 0.000000000000000000, -0.000000000000000000 ) ) ;
#4894 = FACE_OUTER_BOUND ( 'NONE', #1476, .T. ) ;
#4895 = CARTESIAN_POINT ( 'NONE',  ( -71.56125551557714459, 24.13042615621239406, 233.5879755303218985 ) ) ;
#4896 = CARTESIAN_POINT ( 'NONE',  ( -209.9982356282278886, 26.13700304417375619, -352.2117198195898027 ) ) ;
#4897 = CARTESIAN_POINT ( 'NONE',  ( 25.05599900165933747, 18.76003055135348774, -57.81508562448068744 ) ) ;
#4898 = CARTESIAN_POINT ( 'NONE',  ( -212.7174186553519348, 36.69370698013305798, -304.7685450196980810 ) ) ;
#4899 = CARTESIAN_POINT ( 'NONE',  ( -210.7491074603337324, 30.94696426965674263, -309.1780241955519273 ) ) ;
#4900 = CARTESIAN_POINT ( 'NONE',  ( 63.41846368795590649, 6.099218466850993003, 162.2108307514121748 ) ) ;
#4901 = CARTESIAN_POINT ( 'NONE',  ( 16.05654612768038092, 61.81127152830421068, 106.1228587318999388 ) ) ;
#4902 = CARTESIAN_POINT ( 'NONE',  ( 74.39319843950127620, 32.96888016077478056, 223.7422210020829141 ) ) ;
#4903 = CARTESIAN_POINT ( 'NONE',  ( 55.00000000000000711, 0.5876281446089695049, 438.0555349262138520 ) ) ;
#4904 = CARTESIAN_POINT ( 'NONE',  ( -13.84925393998420340, 62.08714936867636425, 106.1228587318996830 ) ) ;
#4905 = CARTESIAN_POINT ( 'NONE',  ( 73.00316793231380075, 18.37035523096458789, 243.4525445945609192 ) ) ;
#4906 = CARTESIAN_POINT ( 'NONE',  ( 19.60919035144620537, -63.68141207526700498, 106.1228587318997540 ) ) ;
#4907 = CARTESIAN_POINT ( 'NONE',  ( -215.2094421685565067, 34.38449249062392710, -399.9135072438133420 ) ) ;
#4908 = CARTESIAN_POINT ( 'NONE',  ( 225.0000000000000284, 17.39094557950140540, -352.5534179015057248 ) ) ;
#4909 = FILL_AREA_STYLE_COLOUR ( '', #4015 ) ;
#4910 = ORIENTED_EDGE ( 'NONE', *, *, #3092, .F. ) ;
#4911 = CARTESIAN_POINT ( 'NONE',  ( -221.7860815493044981, 40.91276971020375441, -332.2873905645333821 ) ) ;
#4912 = CARTESIAN_POINT ( 'NONE',  ( -31.61415962143732017, -7.835041928118964272, 466.7211743237411383 ) ) ;
#4913 = CARTESIAN_POINT ( 'NONE',  ( 225.0000000000000568, 31.65905669907320075, -376.9884520154076881 ) ) ;
#4914 = ADVANCED_FACE ( 'NONE', ( #5104 ), #659, .T. ) ;
#4915 = ORIENTED_EDGE ( 'NONE', *, *, #1691, .F. ) ;
#4916 = B_SPLINE_SURFACE_WITH_KNOTS ( 'NONE', 1, 3, ( 
 ( #1938, #3662, #4122, #5448, #1420, #4002, #5010, #1078, #2738, #556 ),
 ( #2305, #4522, #3633, #58, #5390, #1019, #1819, #1450, #3574, #2333 ) ),
 .UNSPECIFIED., .F., .F., .F.,
 ( 2, 2 ),
 ( 4, 2, 2, 2, 4 ),
 ( 0.000000000000000000, 1.000000000000000000 ),
 ( 0.03278047916458914218, 0.2745853593734418618, 0.5163902395822945746, 0.7581951197911472873, 1.000000000000000000 ),
 .UNSPECIFIED. ) ;
#4917 = CARTESIAN_POINT ( 'NONE',  ( 0.000000000000000000, 188.7698046821921309, -497.2274650700773577 ) ) ;
#4918 = B_SPLINE_SURFACE_WITH_KNOTS ( 'NONE', 1, 3, ( 
 ( #5682, #3485, #3380, #5245, #4751, #1305, #5138, #2952, #4701, #3838 ),
 ( #5166, #1228, #768, #792, #3431, #4296, #358, #2111, #3863, #5192 ) ),
 .UNSPECIFIED., .F., .F., .F.,
 ( 2, 2 ),
 ( 4, 2, 2, 2, 4 ),
 ( 0.000000000000000000, 1.000000000000000000 ),
 ( 0.03278047916458914218, 0.2745853593734418618, 0.5163902395822945746, 0.7581951197911472873, 1.000000000000000000 ),
 .UNSPECIFIED. ) ;
#4919 = CARTESIAN_POINT ( 'NONE',  ( -66.73601003360090544, 36.52999575050677805, 232.6001399790133632 ) ) ;
#4920 = CARTESIAN_POINT ( 'NONE',  ( -72.89512746435532620, 24.00876100728013185, 245.3974138394087277 ) ) ;
#4921 = CARTESIAN_POINT ( 'NONE',  ( -51.78675998525756086, 26.12008055485159019, 20.01653384989630524 ) ) ;
#4922 = CARTESIAN_POINT ( 'NONE',  ( 79.85981286937641244, 20.19150655628109803, 211.5754084542566886 ) ) ;
#4923 = CARTESIAN_POINT ( 'NONE',  ( 7.388418229304833496, -14.77144893424672389, 498.0555349261633182 ) ) ;
#4924 = CARTESIAN_POINT ( 'NONE',  ( -71.68091081985802759, 23.77729810825173473, 234.8131858985903193 ) ) ;
#4925 = CARTESIAN_POINT ( 'NONE',  ( -209.9948342917919604, 27.16022975478387380, -331.8318846313254085 ) ) ;
#4926 = CARTESIAN_POINT ( 'NONE',  ( 34.35177656237605248, 25.22383750822093873, 22.00000667672878407 ) ) ;
#4927 = CARTESIAN_POINT ( 'NONE',  ( -209.7417384986696902, 31.46966545697040729, -314.3268520559765307 ) ) ;
#4928 = CARTESIAN_POINT ( 'NONE',  ( -210.4173898272498775, 29.79554772055370648, -313.0686507038066679 ) ) ;
#4929 = CARTESIAN_POINT ( 'NONE',  ( 69.70488522023784128, 16.89666324155686539, 131.5695956804585194 ) ) ;
#4930 = CARTESIAN_POINT ( 'NONE',  ( 11.49068020175513105, 9.674353107485098135, -124.9949820965277780 ) ) ;
#4931 = CARTESIAN_POINT ( 'NONE',  ( -237.0000000000505054, 26.26107159832745452, -400.0000000000000000 ) ) ;
#4932 = CARTESIAN_POINT ( 'NONE',  ( 20.84992865909023152, 0.5868273653194717721, 498.0555349261633182 ) ) ;
#4933 = CARTESIAN_POINT ( 'NONE',  ( 71.69483559691043695, 25.87394661484717773, 245.2890453392646464 ) ) ;
#4934 = STYLED_ITEM ( 'NONE', ( #2727 ), #1611 ) ;
#4935 = CARTESIAN_POINT ( 'NONE',  ( -73.15484060389145782, 34.28399551520453059, 221.0317817996795213 ) ) ;
#4936 = CARTESIAN_POINT ( 'NONE',  ( -1.191140887840693052, -14.97861975655829525, -124.9949820965277780 ) ) ;
#4937 = CARTESIAN_POINT ( 'NONE',  ( 224.9999999999999716, 33.68158292498418405, -308.2200108398999419 ) ) ;
#4938 = CARTESIAN_POINT ( 'NONE',  ( 225.0000000000000000, 17.68055147726597909, -354.1099716125964392 ) ) ;
#4939 = EDGE_CURVE ( 'NONE', #3460, #184, #5543, .T. ) ;
#4940 = CARTESIAN_POINT ( 'NONE',  ( -17.02523383489150532, 15.64946526455571174, -85.75768287824082847 ) ) ;
#4941 = DIRECTION ( 'NONE',  ( 1.000000000000000000, -0.000000000000000000, 0.000000000000000000 ) ) ;
#4942 = CARTESIAN_POINT ( 'NONE',  ( -219.3696267325393023, 40.20750193364028746, -352.4081198386697906 ) ) ;
#4943 = CARTESIAN_POINT ( 'NONE',  ( 20.80678567996247708, 1.170231675419018069, 498.0555349261633182 ) ) ;
#4944 = B_SPLINE_CURVE_WITH_KNOTS ( 'NONE', 3,
 ( #77, #3133, #3593, #4796 ),
 .UNSPECIFIED., .F., .F.,
 ( 4, 4 ),
 ( 0.000000000000000000, 1.000000000000000000 ),
 .UNSPECIFIED. ) ;
#4945 = CARTESIAN_POINT ( 'NONE',  ( 225.0000000000000853, 31.97236138598249511, -375.0191537450657506 ) ) ;
#4946 = ORIENTED_EDGE ( 'NONE', *, *, #2879, .T. ) ;
#4947 = CARTESIAN_POINT ( 'NONE',  ( 225.0000000000000284, 32.05070501209371514, -372.7512570906214933 ) ) ;
#4948 = CARTESIAN_POINT ( 'NONE',  ( -72.87050666320631365, 12.28887367776371242, 229.0797898358184455 ) ) ;
#4949 = CARTESIAN_POINT ( 'NONE',  ( 0.000000000000000000, 204.0668985700804683, -437.7956945725627520 ) ) ;
#4950 = CARTESIAN_POINT ( 'NONE',  ( -43.17015876914663863, 12.60652975008705390, 23.69269131403202167 ) ) ;
#4951 = CARTESIAN_POINT ( 'NONE',  ( 81.84921301757530898, 23.30752724102895357, 227.4366931548097739 ) ) ;
#4952 = VERTEX_POINT ( 'NONE', #1170 ) ;
#4953 = CARTESIAN_POINT ( 'NONE',  ( 47.14224009005190652, -24.68672159416533063, 438.0555349262138520 ) ) ;
#4954 = CARTESIAN_POINT ( 'NONE',  ( -70.81987349894069439, 29.93244712065103741, 243.4109365302162757 ) ) ;
#4955 = CARTESIAN_POINT ( 'NONE',  ( -209.2413483683015158, 27.06374663438042560, -339.8906736739958774 ) ) ;
#4956 = CARTESIAN_POINT ( 'NONE',  ( 29.26008047583356486, 20.56591494869948633, -35.26248752633718198 ) ) ;
#4957 = CARTESIAN_POINT ( 'NONE',  ( -225.0000000000000284, 30.90520811704531212, -300.4165330580036084 ) ) ;
#4958 = CARTESIAN_POINT ( 'NONE',  ( -210.0000000000506475, 26.59071293373623490, -328.8761020767753394 ) ) ;
#4959 = CARTESIAN_POINT ( 'NONE',  ( 62.53371879640375397, 6.039952320228829663, 154.7076279970833923 ) ) ;
#4960 = CARTESIAN_POINT ( 'NONE',  ( -1.844264906559404116, 64.13322810165928445, 106.1228587318993277 ) ) ;
#4961 = CARTESIAN_POINT ( 'NONE',  ( -50.18104366317113119, 44.81804332058595719, 151.9889482199514248 ) ) ;
#4962 = CARTESIAN_POINT ( 'NONE',  ( 5.050673245201183998E-11, 0.000000000000000000, 498.0555349262137952 ) ) ;
#4963 = CARTESIAN_POINT ( 'NONE',  ( 225.0000000000000284, 36.46587742161151624, -348.7622952516915689 ) ) ;
#4964 = CIRCLE ( 'NONE', #3402, 14.99999999995778488 ) ;
#4965 = CARTESIAN_POINT ( 'NONE',  ( 70.85267077629774235, 24.03338697903707200, 234.6265465601075277 ) ) ;
#4966 = CARTESIAN_POINT ( 'NONE',  ( -60.57959896273991518, 43.06535806866791916, 188.5526476179688871 ) ) ;
#4967 = CARTESIAN_POINT ( 'NONE',  ( 66.23028444647444246, -51.00689693966286598, 294.0012731391507259 ) ) ;
#4968 = CARTESIAN_POINT ( 'NONE',  ( 225.0000000000000853, 33.83688425073859918, -308.7100396304875289 ) ) ;
#4969 = CARTESIAN_POINT ( 'NONE',  ( 225.0000000000001137, 16.51164109011242331, -347.6587613690240346 ) ) ;
#4970 = CARTESIAN_POINT ( 'NONE',  ( -55.00005328015243578, 1.461198160358700537E-08, 438.0555349262137952 ) ) ;
#4971 = CARTESIAN_POINT ( 'NONE',  ( -68.94464619191263921, 33.36260564836342724, 239.1839364297308066 ) ) ;
#4972 = CARTESIAN_POINT ( 'NONE',  ( -216.7708573204247955, 40.20412287943494078, -364.4195420532260528 ) ) ;
#4973 = CARTESIAN_POINT ( 'NONE',  ( 5.050673245201183998E-11, 0.000000000000000000, 498.0555349262137952 ) ) ;
#4974 = CARTESIAN_POINT ( 'NONE',  ( 225.0000000000000853, 31.04104015798960603, -301.4847940510449007 ) ) ;
#4975 = CARTESIAN_POINT ( 'NONE',  ( 225.0000000000000284, 32.84892923936617848, -369.4528255138471309 ) ) ;
#4976 = VERTEX_POINT ( 'NONE', #5132 ) ;
#4977 = CARTESIAN_POINT ( 'NONE',  ( -54.30158971698268999, 46.37321799483528650, 196.3582730238177305 ) ) ;
#4978 = CARTESIAN_POINT ( 'NONE',  ( -42.37236400872262720, 12.76714240612690432, 19.54445796404833047 ) ) ;
#4979 = CARTESIAN_POINT ( 'NONE',  ( -214.7016437416431529, 34.88814503191967020, -399.6866462481012832 ) ) ;
#4980 = EDGE_LOOP ( 'NONE', ( #406, #4289, #4235, #4369, #1684, #352 ) ) ;
#4981 = FACE_OUTER_BOUND ( 'NONE', #2993, .T. ) ;
#4982 = CARTESIAN_POINT ( 'NONE',  ( -83.10320288900749119, 25.97630541750301703, 234.1479980461356263 ) ) ;
#4983 = CARTESIAN_POINT ( 'NONE',  ( -211.4593423647255008, 32.82237100393867735, -307.5894367564943082 ) ) ;
#4984 = CARTESIAN_POINT ( 'NONE',  ( 19.88162738884570757, 18.26786722073427782, -64.56107840964902778 ) ) ;
#4985 = CARTESIAN_POINT ( 'NONE',  ( -209.2812225403327204, 28.25723486721052424, -328.5979004693872412 ) ) ;
#4986 = CARTESIAN_POINT ( 'NONE',  ( 67.78343533638744134, 34.94913891101015224, 236.7227924750285126 ) ) ;
#4987 = CARTESIAN_POINT ( 'NONE',  ( 36.39321417482410226, 25.73186770072793905, 23.20439098708387959 ) ) ;
#4988 = CARTESIAN_POINT ( 'NONE',  ( -55.28310048180257041, 95.56766578559702907, 294.0012731391507259 ) ) ;
#4989 = CARTESIAN_POINT ( 'NONE',  ( -48.03510008057931913, 43.91042084407451540, 139.7244606032070635 ) ) ;
#4990 = CARTESIAN_POINT ( 'NONE',  ( -37.95818855759823407, 22.95013038969018027, -5.018929037507164459 ) ) ;
#4991 = CARTESIAN_POINT ( 'NONE',  ( 225.0000000000000000, 37.64675425785263485, -340.6671700172151418 ) ) ;
#4992 = EDGE_CURVE ( 'NONE', #1752, #359, #3851, .T. ) ;
#4993 = CARTESIAN_POINT ( 'NONE',  ( 80.34061112854593034, 27.28529975401295360, 234.0982412080145423 ) ) ;
#4994 = CARTESIAN_POINT ( 'NONE',  ( 800.0000000000000000, 26.22134871574218096, 189.6051748444392331 ) ) ;
#4995 = CARTESIAN_POINT ( 'NONE',  ( 38.31045875328737793, -31.89416792204804452, 438.0555349262136815 ) ) ;
#4996 = CARTESIAN_POINT ( 'NONE',  ( 0.000000000000000000, 201.2766279810474828, -447.4295559341971398 ) ) ;
#4997 = CARTESIAN_POINT ( 'NONE',  ( 224.9999999999999716, 17.24781238888159152, -351.7799685771290683 ) ) ;
#4998 = CIRCLE ( 'NONE', #1696, 11.99999999999998224 ) ;
#4999 = CARTESIAN_POINT ( 'NONE',  ( -52.06387463121742343, 9.483924689419156451, 74.49154254060853475 ) ) ;
#5000 = VERTEX_POINT ( 'NONE', #1598 ) ;
#5001 = CARTESIAN_POINT ( 'NONE',  ( -220.0775059132787987, 40.43872909846631103, -320.2190489592138647 ) ) ;
#5002 = CARTESIAN_POINT ( 'NONE',  ( -27.75088086893723371, 15.34977214045946781, 466.7211743237411383 ) ) ;
#5003 = CARTESIAN_POINT ( 'NONE',  ( -800.0000000000000000, 27.23881364598635813, 199.6840592344682932 ) ) ;
#5004 = CARTESIAN_POINT ( 'NONE',  ( 224.9999999999999716, 31.79098632562633853, -376.1626867262048108 ) ) ;
#5005 = CARTESIAN_POINT ( 'NONE',  ( -36.25203470498396285, 33.18318887403304274, 57.32498207277302527 ) ) ;
#5006 = CARTESIAN_POINT ( 'NONE',  ( -224.9999999999999716, 33.62957271917406388, -308.0590260570313035 ) ) ;
#5007 = CARTESIAN_POINT ( 'NONE',  ( -16.24791855145936736, 15.66362813863153924, -88.36305699768288946 ) ) ;
#5008 = CARTESIAN_POINT ( 'NONE',  ( -214.2231270476164013, 34.11122933515051159, -399.7366230405257852 ) ) ;
#5009 = EDGE_LOOP ( 'NONE', ( #4859, #2002, #2020, #1350 ) ) ;
#5010 = CARTESIAN_POINT ( 'NONE',  ( 0.000000000000000000, 19.11695986144681214, 90.97855698472584152 ) ) ;
#5011 = CARTESIAN_POINT ( 'NONE',  ( -71.56303390366308292, 23.98318212317412446, 233.6884637020159801 ) ) ;
#5012 = CARTESIAN_POINT ( 'NONE',  ( -211.2261479087733278, 32.31903888913451084, -308.9172986924803581 ) ) ;
#5013 = CARTESIAN_POINT ( 'NONE',  ( 73.05816227196658019, 16.32353691752000913, 241.5148063599653199 ) ) ;
#5014 = CARTESIAN_POINT ( 'NONE',  ( -225.0000000000505338, 26.26107159832745452, -400.0000000000000000 ) ) ;
#5015 = CARTESIAN_POINT ( 'NONE',  ( -215.4576110596785270, 37.83616621624192078, -305.1068935873390728 ) ) ;
#5016 = CARTESIAN_POINT ( 'NONE',  ( 49.49903272099005136, 26.42776170654982693, 14.65956200989686131 ) ) ;
#5017 = CARTESIAN_POINT ( 'NONE',  ( 8.229823353226050742, 30.51074643277379295, -46.53904117984421873 ) ) ;
#5018 = CARTESIAN_POINT ( 'NONE',  ( -41.46068898082582166, 26.14766357501584082, 31.91811533288876035 ) ) ;
#5019 = CARTESIAN_POINT ( 'NONE',  ( -15.80707981069518553, 3.917520964059429289, 498.0555349261633182 ) ) ;
#5020 = CARTESIAN_POINT ( 'NONE',  ( -9.750000000000000000, 0.000000000000000000, -144.9949820965277922 ) ) ;
#5021 = CARTESIAN_POINT ( 'NONE',  ( -47.86727051422701606, 45.16059682962542610, 161.8237471038629565 ) ) ;
#5022 = CARTESIAN_POINT ( 'NONE',  ( 52.47392967115564488, -13.51021295336198413, 438.0555349262137383 ) ) ;
#5023 = CARTESIAN_POINT ( 'NONE',  ( 0.000000000000000000, 188.7698046821921309, -497.2274650700773577 ) ) ;
#5024 = CARTESIAN_POINT ( 'NONE',  ( 225.0000000000000284, 20.77637967755853410, -372.3553892170673407 ) ) ;
#5025 = CARTESIAN_POINT ( 'NONE',  ( -73.66722327412149696, 13.83113599858089593, 236.3843258815667809 ) ) ;
#5026 = TOROIDAL_SURFACE ( 'NONE', #5677, 11.99999999999999645, 3.000000000000000000 ) ;
#5027 = CARTESIAN_POINT ( 'NONE',  ( -217.4586069959369183, 40.22611997580656862, -316.7733103508252839 ) ) ;
#5028 = DIRECTION ( 'NONE',  ( -0.000000000000000000, -0.000000000000000000, -1.000000000000000000 ) ) ;
#5029 = CARTESIAN_POINT ( 'NONE',  ( -10.51046723183669407, -10.73426691515049214, -124.9949820965278349 ) ) ;
#5030 = CARTESIAN_POINT ( 'NONE',  ( 225.0000000000001137, 17.26446895523044489, -316.4738042704013878 ) ) ;
#5031 = CARTESIAN_POINT ( 'NONE',  ( 225.0000000000000284, 32.67743490742991952, -370.5405608901349979 ) ) ;
#5032 = CARTESIAN_POINT ( 'NONE',  ( -83.41061016287359564, 24.58247493297891850, 232.7132548308614730 ) ) ;
#5033 = CARTESIAN_POINT ( 'NONE',  ( -30.36081058707039304, 26.85988070016888685, 4.945537186288202491 ) ) ;
#5034 = CARTESIAN_POINT ( 'NONE',  ( -224.9999999999999716, 34.84021176312775481, -311.8063072639330926 ) ) ;
#5035 = CARTESIAN_POINT ( 'NONE',  ( -15.32082213965982831, 33.76200579474318886, -109.0579612798021287 ) ) ;
#5036 = CARTESIAN_POINT ( 'NONE',  ( -214.4040894939249142, 35.50927011034365677, -399.2702787238321207 ) ) ;
#5037 = ORIENTED_EDGE ( 'NONE', *, *, #5492, .F. ) ;
#5038 = DIRECTION ( 'NONE',  ( 0.000000000000000000, -0.9778444803978825206, -0.2093326829603898154 ) ) ;
#5039 = CARTESIAN_POINT ( 'NONE',  ( -24.02716166392504960, 23.54655225088421844, -32.42973415651149338 ) ) ;
#5040 = CARTESIAN_POINT ( 'NONE',  ( -212.4881338863740723, 34.56510120394995056, -304.4452877966396613 ) ) ;
#5041 = CARTESIAN_POINT ( 'NONE',  ( 73.00203011670018327, 15.35045176737121153, 240.1023164366764888 ) ) ;
#5042 = CARTESIAN_POINT ( 'NONE',  ( -224.9999999999999716, 16.56867141724177017, -347.2499780119509296 ) ) ;
#5043 = PRODUCT_DEFINITION ( 'UNKNOWN', '', #5413, #4847 ) ;
#5044 =( BOUNDED_SURFACE ( )  B_SPLINE_SURFACE ( 3, 2, ( 
 ( #3955, #854, #1693 ),
 ( #2602, #11, #826 ),
 ( #1343, #4818, #3898 ),
 ( #2985, #5665, #481 ),
 ( #4358, #1261, #2230 ),
 ( #3498, #422, #2147 ),
 ( #2576, #883, #3873 ),
 ( #4331, #1720, #4385 ),
 ( #2200, #3983, #3469 ),
 ( #42, #4735, #801 ),
 ( #5226, #2550, #1288 ),
 ( #2344, #1031, #2692 ),
 ( #4905, #2315, #4044 ),
 ( #1402, #4534, #2748 ),
 ( #4446, #569, #2778 ),
 ( #4878, #3644, #4073 ),
 ( #1373, #510, #4563 ),
 ( #944, #3155, #1831 ),
 ( #5400, #3180, #2260 ),
 ( #4014, #600, #1460 ),
 ( #3209, #1887, #629 ),
 ( #5371, #4965, #4132 ),
 ( #4933, #4105, #971 ),
 ( #2375, #108, #167 ),
 ( #2287, #5431, #1917 ),
 ( #3674, #2721, #1491 ),
 ( #70, #196, #3239 ),
 ( #3586, #1860, #4993 ),
 ( #4476, #1001, #1061 ),
 ( #5341, #539, #3615 ),
 ( #1431, #2807, #135 ),
 ( #1948, #5313, #3124 ),
 ( #4504, #3295, #2061 ),
 ( #2518, #2404, #2492 ),
 ( #3325, #283, #2896 ),
 ( #1547, #4651, #2463 ),
 ( #1575, #4161, #5487 ),
 ( #4247, #4217, #5551 ) ),
 .UNSPECIFIED., .F., .F., .T. ) 
 B_SPLINE_SURFACE_WITH_KNOTS ( ( 4, 2, 2, 2, 2, 2, 2, 2, 2, 2, 2, 2, 2, 2, 2, 2, 2, 2, 4 ),
 ( 3, 3 ),
 ( -2.345259403346844351E-14, 0.003678098992522551864, 0.004597623740659052653, 0.005517148488795553876, 0.007356197985068556322, 0.008275722733205058412, 0.009195247481341558768, 0.01103429697761456121, 0.01287334647388756366, 0.01471239597016056611, 0.01655144546643357029, 0.01839049496270657100, 0.01931001971084306962, 0.02022954445897957171, 0.02206859395525257589, 0.02390764345152558007, 0.02574669294779858078, 0.02758574244407158149, 0.02942479194034458567 ),
 ( 0.000000000000000000, 1.000000000000000000 ),
 .UNSPECIFIED. ) 
 GEOMETRIC_REPRESENTATION_ITEM ( )  RATIONAL_B_SPLINE_SURFACE ( (
 ( 1.000000000000000000, 0.6657968946696403156, 1.000000000000000000),
 ( 1.000000000000000000, 0.6608145816310262433, 1.000000000000000000),
 ( 1.000000000000000000, 0.6560118231546752110, 1.000000000000000000),
 ( 1.000000000000000000, 0.6509980740490544093, 1.000000000000000000),
 ( 1.000000000000000000, 0.6500474199936837616, 1.000000000000000000),
 ( 1.000000000000000000, 0.6483053063128688676, 1.000000000000000000),
 ( 1.000000000000000000, 0.6475091358918116935, 1.000000000000000000),
 ( 1.000000000000000000, 0.6453763870577854389, 1.000000000000000000),
 ( 1.000000000000000000, 0.6442939985971394279, 1.000000000000000000),
 ( 1.000000000000000000, 0.6433289910213709772, 1.000000000000000000),
 ( 1.000000000000000000, 0.6431174826901857600, 1.000000000000000000),
 ( 1.000000000000000000, 0.6429457444836519375, 1.000000000000000000),
 ( 1.000000000000000000, 0.6429840130439626877, 1.000000000000000000),
 ( 1.000000000000000000, 0.6434887229790937635, 1.000000000000000000),
 ( 1.000000000000000000, 0.6443444712385096862, 1.000000000000000000),
 ( 1.000000000000000000, 0.6472005254997256207, 1.000000000000000000),
 ( 1.000000000000000000, 0.6492235100412028226, 1.000000000000000000),
 ( 1.000000000000000000, 0.6543287211030043293, 1.000000000000000000),
 ( 1.000000000000000000, 0.6574158956077498228, 1.000000000000000000),
 ( 1.000000000000000000, 0.6646223114657336950, 1.000000000000000000),
 ( 1.000000000000000000, 0.6687803545698023377, 1.000000000000000000),
 ( 1.000000000000000000, 0.6778336483416358416, 1.000000000000000000),
 ( 1.000000000000000000, 0.6827352917698376045, 1.000000000000000000),
 ( 1.000000000000000000, 0.6905618760677031398, 1.000000000000000000),
 ( 1.000000000000000000, 0.6932499849759544697, 1.000000000000000000),
 ( 1.000000000000000000, 0.6987724628399948346, 1.000000000000000000),
 ( 1.000000000000000000, 0.7016163067125467112, 1.000000000000000000),
 ( 1.000000000000000000, 0.7102271138139822915, 1.000000000000000000),
 ( 1.000000000000000000, 0.7160997958352401938, 1.000000000000000000),
 ( 1.000000000000000000, 0.7279921965141713525, 1.000000000000000000),
 ( 1.000000000000000000, 0.7340123637711777338, 1.000000000000000000),
 ( 1.000000000000000000, 0.7461024363670820669, 1.000000000000000000),
 ( 1.000000000000000000, 0.7520661102982515445, 1.000000000000000000),
 ( 1.000000000000000000, 0.7636544475308468805, 1.000000000000000000),
 ( 1.000000000000000000, 0.7692956986931925867, 1.000000000000000000),
 ( 1.000000000000000000, 0.7801931151787094842, 1.000000000000000000),
 ( 1.000000000000000000, 0.7854692166302571499, 1.000000000000000000),
 ( 1.000000000000000000, 0.7904024295039243642, 1.000000000000000000) ) ) 
 REPRESENTATION_ITEM ( '' )  SURFACE ( )  );
#5045 = CARTESIAN_POINT ( 'NONE',  ( 59.27205720641056530, 44.27300167319793189, 209.3760405866352698 ) ) ;
#5046 = CARTESIAN_POINT ( 'NONE',  ( 50.70642949868236116, 26.08778557445565838, 20.32049125315674942 ) ) ;
#5047 = CARTESIAN_POINT ( 'NONE',  ( -12.55833282385720651, 8.248492717240960559, -124.9949820965276359 ) ) ;
#5048 = CARTESIAN_POINT ( 'NONE',  ( -44.20649697575341008, 35.60772755714084070, 86.46951062537343091 ) ) ;
#5049 = CARTESIAN_POINT ( 'NONE',  ( 7.388418229304833496, -14.77144893424672389, 498.0555349261633182 ) ) ;
#5050 = CIRCLE ( 'NONE', #2840, 9.750000000000000000 ) ;
#5051 = CARTESIAN_POINT ( 'NONE',  ( 66.69037615343535208, 33.60490477907831064, 222.9439683454392309 ) ) ;
#5052 = CARTESIAN_POINT ( 'NONE',  ( -36.86855992514077229, 35.75211048477936515, 71.64195312941515681 ) ) ;
#5053 = CARTESIAN_POINT ( 'NONE',  ( 30.94823125566542288, -12.86354886674296694, -46.53904117984436795 ) ) ;
#5054 = FACE_OUTER_BOUND ( 'NONE', #1018, .T. ) ;
#5055 = CARTESIAN_POINT ( 'NONE',  ( 225.0000000000000568, 20.16192841797954927, -368.4572164157783050 ) ) ;
#5056 = CARTESIAN_POINT ( 'NONE',  ( -23.10277065666324248, 15.33686574879796893, -64.19970936145499252 ) ) ;
#5057 = CARTESIAN_POINT ( 'NONE',  ( -213.9452630313961095, 38.61178092459473987, -388.6725122295877100 ) ) ;
#5058 = FACE_OUTER_BOUND ( 'NONE', #4980, .T. ) ;
#5059 = AXIS2_PLACEMENT_3D ( 'NONE', #4482, #1407, #4451 ) ;
#5060 = CARTESIAN_POINT ( 'NONE',  ( -5.642660529819116810, -13.92887964516060428, -124.9949820965278207 ) ) ;
#5061 = AXIS2_PLACEMENT_3D ( 'NONE', #496, #469, #524 ) ;
#5062 = CARTESIAN_POINT ( 'NONE',  ( 225.0000000000000853, 22.77284891426341318, -300.2760803952880906 ) ) ;
#5063 = CARTESIAN_POINT ( 'NONE',  ( 225.0000000000000284, 35.23930538264741585, -355.4460276319300647 ) ) ;
#5064 = EDGE_CURVE ( 'NONE', #2269, #1326, #79, .T. ) ;
#5065 = CARTESIAN_POINT ( 'NONE',  ( -212.7745883261142978, 37.75532591535613136, -396.8075682061077600 ) ) ;
#5066 = CARTESIAN_POINT ( 'NONE',  ( -47.91814796141817823, 22.10008944055106284, 66.71241054573978602 ) ) ;
#5067 = CARTESIAN_POINT ( 'NONE',  ( -225.0000000000000284, 29.07549471609711134, -397.0478871478313181 ) ) ;
#5068 = CARTESIAN_POINT ( 'NONE',  ( -11.83927384747805434, 15.64700429622790878, -102.4967671904109778 ) ) ;
#5069 = CARTESIAN_POINT ( 'NONE',  ( -213.8300541313706731, 34.71470027718203966, -399.9789911787874530 ) ) ;
#5070 = ORIENTED_EDGE ( 'NONE', *, *, #671, .F. ) ;
#5071 = CARTESIAN_POINT ( 'NONE',  ( 68.51413451285526435, 33.78124106378680125, 239.1297547945993358 ) ) ;
#5072 = CARTESIAN_POINT ( 'NONE',  ( -83.53176088836684698, 24.63363587191537718, 232.9124455600595240 ) ) ;
#5073 = CARTESIAN_POINT ( 'NONE',  ( -209.5702278497209363, 30.70171937847194599, -317.1706064982960243 ) ) ;
#5074 = CARTESIAN_POINT ( 'NONE',  ( 72.10925209065297281, 24.21467712890664004, 245.4112016424509193 ) ) ;
#5075 = CARTESIAN_POINT ( 'NONE',  ( -221.1767339466126430, 40.76988699227111823, -346.3184564411659494 ) ) ;
#5076 = CARTESIAN_POINT ( 'NONE',  ( 41.75065936985163262, 12.26962966037830327, 21.38217234901818742 ) ) ;
#5077 = CARTESIAN_POINT ( 'NONE',  ( -85.34838380850125361, -28.07473210398099184, 294.0012731391512375 ) ) ;
#5078 = CARTESIAN_POINT ( 'NONE',  ( -77.60452225836699824, 28.85519891339528087, 232.1808385023342964 ) ) ;
#5079 = CARTESIAN_POINT ( 'NONE',  ( 5.050673245201183998E-11, 0.000000000000000000, 498.0555349262137952 ) ) ;
#5080 = CARTESIAN_POINT ( 'NONE',  ( 51.76777154182363461, 48.12107203059757410, 183.8280346042242002 ) ) ;
#5081 = B_SPLINE_CURVE_WITH_KNOTS ( 'NONE', 3,
 ( #1957, #2816, #609, #1500, #3247, #1328, #205, #4573, #176, #4832, #5241, #1759, #4114, #3049, #1927, #5441, #4371, #868, #3540, #3218, #4974, #3969, #5296, #897, #435, #4430, #2185, #2644, #2324, #467, #2216, #26, #1787, #4084, #1358, #3108, #4861, #145, #3738, #3275, #5498, #1555, #3334, #293, #2907, #1099, #3306, #4660, #2472, #2044, #1585, #4171, #5062, #3796, #1131, #3767, #3362, #5589, #668, #782, #1615, #320, #2965, #4714, #1528, #5560, #2876, #5122, #3825, #1188, #725, #4687, #4631, #698, #2529, #2935, #4283, #2072, #754, #2845, #2443, #1641, #4256, #4227, #3391, #346, #1158, #5532, #2013, #4199, #5152, #2502, #1218, #3710, #264, #5468, #5030, #4602, #233, #2413, #5090, #1984, #2580, #4362, #4390, #426, #4766, #2553, #2663, #830, #454, #1749, #5205, #5180, #2098, #858, #4794, #1724, #3012, #3502, #371, #2177, #4335, #4307, #2607, #2205, #2635, #398, #2151, #4851, #3931, #3959, #2125, #4822, #5259, #1241, #3099, #1697, #5696, #3902, #5670, #3876, #1777, #1292, #887, #3473, #5643, #3447, #5230, #15, #1264, #3531, #1319, #3039, #5288, #3069, #918, #804, #1347, #4421, #3849, #5617, #2988, #1673, #4738, #3419, #4508, #3159, #4078, #2752, #1495, #46, #4969, #1005, #4019, #573, #3242, #2319, #5404, #2782, #5435, #3988, #139, #5346, #1891, #604, #3648, #3184, #1464, #76, #1406, #4997, #3213, #1065, #4538, #1035, #3560, #4908, #2348, #1865, #2264, #4109, #2811, #3619, #543, #4481, #975, #171, #1921, #4938, #3678, #3590, #485, #2234, #1806, #948, #5317, #1836, #1378, #2696, #1435, #3129, #4882, #2725, #4450, #514, #2291, #4048, #112, #5375, #1952, #4567, #3329, #1580, #4193, #5491, #287, #2838, #5525, #3706, #315, #3733, #1211, #4251, #2037, #747, #2496, #2066, #4595, #720, #1183, #5085, #2467, #4165, #691, #663, #633, #2438, #5462, #5146, #5116, #1523, #3819, #2408, #1979, #258, #5583, #3791, #1153, #1126, #1093, #2900, #2930, #4682, #5055, #1551, #1636, #4221, #3385, #228, #1609, #2379, #2871, #4655, #5555, #3357, #3299, #4136, #4626, #200, #3762, #3269, #2007, #5024, #1234, #4329, #5690, #2547, #880, #3032, #3008, #2198, #2983, #2523, #4733, #5173, #4787, #852, #824, #2092, #4816, #340, #2170, #1285, #5638, #2600, #5224, #3953, #4277, #1743, #3467, #2629, #5611, #9, #4356, #799, #4707, #3525, #4302, #1718, #419, #1771, #1666, #3923, #5282, #366, #2958, #4759, #3494, #1690, #2118, #1313, #5253, #3844, #3441, #3062, #392, #3871, #2572 ),
 .UNSPECIFIED., .F., .F.,
 ( 4, 2, 2, 1, 2, 2, 1, 2, 2, 1, 2, 2, 1, 2, 2, 1, 2, 2, 2, 2, 2, 2, 2, 2, 2, 2, 2, 1, 2, 2, 1, 2, 2, 1, 2, 2, 1, 2, 2, 1, 2, 2, 1, 2, 2, 1, 2, 2, 1, 2, 2, 1, 2, 2, 1, 2, 2, 1, 2, 2, 1, 2, 2, 2, 2, 2, 2, 2, 2, 2, 2, 2, 1, 2, 2, 1, 2, 2, 1, 2, 2, 1, 2, 2, 1, 2, 2, 1, 2, 2, 1, 2, 2, 1, 2, 2, 1, 2, 2, 1, 2, 2, 1, 1, 1, 2, 2, 1, 1, 1, 1, 2, 2, 1, 1, 1, 2, 2, 1, 1, 1, 2, 2, 1, 1, 1, 2, 2, 1, 1, 1, 2, 2, 1, 1, 1, 2, 2, 1, 1, 1, 2, 2, 1, 1, 1, 1, 2, 2, 1, 1, 2, 2, 2, 2, 2, 2, 1, 2, 2, 1, 1, 1, 2, 2, 1, 1, 1, 1, 2, 2, 1, 1, 1, 2, 2, 1, 1, 1, 2, 2, 2, 2, 1, 2, 2, 1, 1, 1, 2, 2, 1, 1, 1, 2, 2, 1, 1, 1, 1, 2, 2, 1, 1, 2, 2, 1, 2, 2, 1, 2, 2, 1, 2, 2, 1, 2, 2, 4 ),
 ( 0.4242750537685762158, 0.4281812130306812958, 0.4301342926617341966, 0.4320873722927870419, 0.4359935315548927326, 0.4379466111859455779, 0.4398996908169984232, 0.4438058500791035033, 0.4457589297101559600, 0.4477120093412084723, 0.4516181686033141074, 0.4535712482343669527, 0.4555243278654197980, 0.4594304871275253777, 0.4613835667585781675, 0.4633366463896309573, 0.4672428056517364814, 0.4691958852827896598, 0.4711489649138428382, 0.4867736019622714294, 0.4945859204864856973, 0.5023982390107000207, 0.5180228760591285564, 0.5219290353212358013, 0.5258351945833429353, 0.5297413538454500692, 0.5316944334765040248, 0.5336475131075580913, 0.5375536723696667796, 0.5395067520007208461, 0.5414598316317748017, 0.5453659908938834899, 0.5473190705249378896, 0.5492721501559922892, 0.5531783094181003113, 0.5551313890491547109, 0.5570844686802089996, 0.5609906279423171327, 0.5629437075733710882, 0.5648967872044251548, 0.5688029464665332879, 0.5707560260975870214, 0.5727091057286407549, 0.5766152649907482219, 0.5785683446218022885, 0.5805214242528562441, 0.5844275835149643772, 0.5863806631460186658, 0.5883337427770730654, 0.5922399020391817537, 0.5941929816702358202, 0.5961460613012897758, 0.6000522205633979089, 0.6020053001944518645, 0.6039583798255059310, 0.6078645390876140642, 0.6098176187186681307, 0.6117706983497220863, 0.6156768576118307745, 0.6176299372428855072, 0.6195830168739401289, 0.6234891761360488172, 0.6273953353981575054, 0.6313014946602661936, 0.6352076539223747709, 0.6391138131844835701, 0.6430199724465921474, 0.6742692465434652060, 0.6781754058055742274, 0.6820815650676832487, 0.6859877243297922700, 0.6879408039608467806, 0.6898938835919012913, 0.6938000428540103126, 0.6957531224850652674, 0.6977062021161202221, 0.7016123613782301316, 0.7035654410092849753, 0.7055185206403400411, 0.7094246799024489514, 0.7113777595335037951, 0.7133308391645587498, 0.7172369984266677712, 0.7191900780577222818, 0.7211431576887767925, 0.7250493169508865909, 0.7270023965819415457, 0.7289554762129965004, 0.7328616354751054107, 0.7348147151061603655, 0.7367677947372153202, 0.7406739539993252297, 0.7426270336303806285, 0.7445801132614360274, 0.7484862725235466030, 0.7504393521546015577, 0.7523924317856565125, 0.7562985910477664220, 0.7582516706788209326, 0.7602047503098754433, 0.7641109095719844646, 0.7660639892030394194, 0.7680170688340942631, 0.7719232280962049497, 0.7728997679117324271, 0.7733880378194957217, 0.7736321727733774800, 0.7738763077272591273, 0.7758293873583135269, 0.7797355466204212160, 0.7807120864359480272, 0.7812003563437114328, 0.7814444912975930801, 0.7816886262514748385, 0.7836417058825257964, 0.7846182456980514974, 0.7851065156058141259, 0.7853506505596955511, 0.7855947855135769764, 0.7875478651446288225, 0.7885244049601551897, 0.7890126748679182622, 0.7892568098217997985, 0.7895009447756815568, 0.7914540244067407304, 0.7924305642222706503, 0.7929188341300354992, 0.7931629690839178126, 0.7934071040378000150, 0.7953601836688598548, 0.7963367234843894416, 0.7968249933921545125, 0.7970691283460371590, 0.7973132632999198055, 0.7992663429309813106, 0.8002428827465124517, 0.8007311526542780777, 0.8009752876081608353, 0.8012194225620437038, 0.8031725021931073183, 0.8041490420086387925, 0.8046373119164041965, 0.8048814468702869540, 0.8051255818241696005, 0.8070786614552351024, 0.8109848207173667722, 0.8119613605328999117, 0.8124496304406667591, 0.8126937653945506268, 0.8129379003484344945, 0.8148909799795065467, 0.8187971392416506511, 0.8207502188727228143, 0.8227032985037948665, 0.8246563781348670297, 0.8266094577659390819, 0.8285625373970111340, 0.8305156170280831862, 0.8344217762902280677, 0.8363748559213007860, 0.8383279355523735044, 0.8422340948145189410, 0.8432106346300549671, 0.8436989045378224805, 0.8439430394917066813, 0.8441871744455906601, 0.8461402540766630453, 0.8500464133388077048, 0.8510229531543433978, 0.8515112230621113554, 0.8517553580159953341, 0.8519994929698793129, 0.8539525726009484785, 0.8549291124164835054, 0.8554173823242509078, 0.8556615172781349976, 0.8559056522320189764, 0.8578587318630910286, 0.8588352716786267216, 0.8593235415863944571, 0.8598118114941619705, 0.8617648911252322463, 0.8656710503873730200, 0.8666475902029082690, 0.8671358601106762265, 0.8673799950645598722, 0.8676241300184435179, 0.8695772096495104631, 0.8705537494650443797, 0.8710420193728112270, 0.8712861543266947617, 0.8715302892805781854, 0.8734833689116463518, 0.8744599087271804905, 0.8749481786349477819, 0.8751923135888318717, 0.8754364485427159615, 0.8773895281737869034, 0.8812956874359287873, 0.8822722272514647024, 0.8827604971592325489, 0.8830046321131164166, 0.8832487670670003954, 0.8852018466980704492, 0.8891080059602096686, 0.8910610855912789452, 0.8930141652223482218, 0.8969203244844875522, 0.8988734041155571619, 0.9008264837466268826, 0.9047326430087654359, 0.9066857226398348235, 0.9086388022709039891, 0.9125449615330433195, 0.9144980411641130402, 0.9164511207951826499, 0.9203572800573218693, 0.9223103596883915900, 0.9242634393194611997 ),
 .UNSPECIFIED. ) ;
#5082 = CARTESIAN_POINT ( 'NONE',  ( -42.21827858218842522, 47.54062654549140632, 147.4065216656102848 ) ) ;
#5083 = CARTESIAN_POINT ( 'NONE',  ( 92.87859442873924820, 33.90084134224905910, 294.0012731391510101 ) ) ;
#5084 = CARTESIAN_POINT ( 'NONE',  ( 67.75855098036448965, 18.19619723554374602, 198.5339761396901395 ) ) ;
#5085 = CARTESIAN_POINT ( 'NONE',  ( 225.0000000000000000, 19.03716811049636348, -361.5991665570729765 ) ) ;
#5086 = CARTESIAN_POINT ( 'NONE',  ( 10.51039810055621793, 10.73390071551004077, -124.9949820965277070 ) ) ;
#5087 = CARTESIAN_POINT ( 'NONE',  ( 55.00005346955380503, -7.259509264339811252E-09, 438.0555349262137383 ) ) ;
#5088 = CARTESIAN_POINT ( 'NONE',  ( 799.9999999999997726, 29.33853132759038829, 208.1578262751536670 ) ) ;
#5089 = CARTESIAN_POINT ( 'NONE',  ( -6.988493866082476913, -13.30422138226350093, -124.9949820965277780 ) ) ;
#5090 = CARTESIAN_POINT ( 'NONE',  ( 225.0000000000001137, 16.93856229985750517, -317.9701514664951105 ) ) ;
#5091 = CARTESIAN_POINT ( 'NONE',  ( 225.0000000000000568, 34.56417877146397899, -359.1360829528179011 ) ) ;
#5092 = B_SPLINE_CURVE_WITH_KNOTS ( 'NONE', 3,
 ( #318, #2874, #5558, #1639, #3332, #1097, #4197, #3360, #2411, #5119, #4168, #2933, #3736, #5496, #2070, #1186, #262, #4598 ),
 .UNSPECIFIED., .F., .F.,
 ( 4, 2, 2, 2, 2, 2, 2, 2, 4 ),
 ( 0.000000000000000000, 0.002770923055550667154, 0.005541846111101334307, 0.01108369222220266861, 0.02216738444440517070, 0.02770923055550650327, 0.03325107666660783584, 0.03879292277770917535, 0.04433476888881050793 ),
 .UNSPECIFIED. ) ;
#5093 = CARTESIAN_POINT ( 'NONE',  ( 12.71754105694353676, 16.92331616618547230, -94.88091906188932967 ) ) ;
#5094 = CARTESIAN_POINT ( 'NONE',  ( -83.42018479128684305, 25.66019851907567073, 234.0306694995422276 ) ) ;
#5095 = EDGE_CURVE ( 'NONE', #4343, #1658, #5050, .T. ) ;
#5096 = CARTESIAN_POINT ( 'NONE',  ( -63.64922192349673224, 20.28733424325740486, 87.10463741733136089 ) ) ;
#5097 = CARTESIAN_POINT ( 'NONE',  ( 237.0000000000505054, 26.26107159832745452, 147.0000000000000284 ) ) ;
#5098 = CARTESIAN_POINT ( 'NONE',  ( -21.70514505842396957, 32.85290113600056827, -93.30315964778542082 ) ) ;
#5099 = CARTESIAN_POINT ( 'NONE',  ( -214.5189454066299390, 33.60246259973066429, -399.8929033668551369 ) ) ;
#5100 = VERTEX_POINT ( 'NONE', #2587 ) ;
#5101 = CARTESIAN_POINT ( 'NONE',  ( 3.388131789017200393E-19, 45.61223534376544819, 172.3921769060307838 ) ) ;
#5102 = CARTESIAN_POINT ( 'NONE',  ( -71.61759969517878233, 24.53966458623241209, 233.4888823985244812 ) ) ;
#5103 = CARTESIAN_POINT ( 'NONE',  ( -210.9274725739924463, 34.46212243544223242, -306.2389780400920358 ) ) ;
#5104 = FACE_OUTER_BOUND ( 'NONE', #2728, .T. ) ;
#5105 = DIRECTION ( 'NONE',  ( 1.000000000000000000, 0.000000000000000000, 0.000000000000000000 ) ) ;
#5106 = ADVANCED_FACE ( 'NONE', ( #1758, #2158 ), #1246, .F. ) ;
#5107 = CARTESIAN_POINT ( 'NONE',  ( -219.1011582447072215, 40.05654567264699040, -362.3107331759828185 ) ) ;
#5108 = CARTESIAN_POINT ( 'NONE',  ( 26.85902185525442576, 27.88877658215864486, -13.07833899540709233 ) ) ;
#5109 = CARTESIAN_POINT ( 'NONE',  ( -57.90588196506494256, 28.90431512016949256, 402.2845281192503535 ) ) ;
#5110 = CARTESIAN_POINT ( 'NONE',  ( 240.0000000000505054, 26.26107159832745452, -400.0000000000000000 ) ) ;
#5111 = CARTESIAN_POINT ( 'NONE',  ( 55.00000000000000711, -0.5876281446088689187, 438.0555349262138520 ) ) ;
#5112 = CARTESIAN_POINT ( 'NONE',  ( 73.35974941220204926, 34.35073052923865333, 220.8734550607852611 ) ) ;
#5113 = CARTESIAN_POINT ( 'NONE',  ( -46.72123113383543114, 48.49059730923375611, 169.8376961547386941 ) ) ;
#5114 = CARTESIAN_POINT ( 'NONE',  ( 86.08396266710451528, 52.64552821478056188, 294.0012731391503280 ) ) ;
#5115 = CARTESIAN_POINT ( 'NONE',  ( 65.23749532155976283, 6.471999333928840414, 177.2012554630288150 ) ) ;
#5116 = CARTESIAN_POINT ( 'NONE',  ( 225.0000000000000284, 19.53394617910431563, -364.5584419080216207 ) ) ;
#5117 = CARTESIAN_POINT ( 'NONE',  ( 14.28442248874418219, 4.656792096757241595, -124.9949820965277070 ) ) ;
#5118 = CARTESIAN_POINT ( 'NONE',  ( 55.84046781737388443, 46.48226566647068836, 198.0387774713625504 ) ) ;
#5119 = CARTESIAN_POINT ( 'NONE',  ( -210.3023963654048885, 29.26871176519924944, -373.2435816566222684 ) ) ;
#5120 = CARTESIAN_POINT ( 'NONE',  ( -19.59110005968280888, -26.03735607977620958, -46.53904117984449584 ) ) ;
#5121 = EDGE_CURVE ( 'NONE', #2516, #3370, #4013, .T. ) ;
#5122 = CARTESIAN_POINT ( 'NONE',  ( 225.0000000000000284, 20.64949124376129319, -304.8936542658827875 ) ) ;
#5123 = CARTESIAN_POINT ( 'NONE',  ( 225.0000000000000284, 33.01632930976555969, -368.3954542004393602 ) ) ;
#5124 = DIRECTION ( 'NONE',  ( 1.000000000000000000, 0.000000000000000000, 0.000000000000000000 ) ) ;
#5125 = CARTESIAN_POINT ( 'NONE',  ( -213.4501154034066985, 34.86977470584838557, -400.0041070926736779 ) ) ;
#5126 = CARTESIAN_POINT ( 'NONE',  ( -59.19241189391139812, 16.69782772776481750, 132.9231121236220474 ) ) ;
#5127 = CARTESIAN_POINT ( 'NONE',  ( 225.0000000000000000, 24.42340945533261021, -392.3978155342028913 ) ) ;
#5128 = CARTESIAN_POINT ( 'NONE',  ( -212.6664194678451167, 33.00230544305275515, -399.1931941559126926 ) ) ;
#5129 = ORIENTED_EDGE ( 'NONE', *, *, #218, .T. ) ;
#5130 = CARTESIAN_POINT ( 'NONE',  ( -14.99999999995778488, 0.000000000000000000, -134.9949820965277638 ) ) ;
#5131 = CARTESIAN_POINT ( 'NONE',  ( -214.8878437332865587, 37.34120368598924955, -304.1343003967281788 ) ) ;
#5132 = CARTESIAN_POINT ( 'NONE',  ( -32.65771979043670825, 21.54997309606526201, -22.80843832752555045 ) ) ;
#5133 = FACE_OUTER_BOUND ( 'NONE', #3916, .T. ) ;
#5134 = FACE_OUTER_BOUND ( 'NONE', #5389, .T. ) ;
#5135 = CARTESIAN_POINT ( 'NONE',  ( 10.99337095649173968, 15.72207838628808929, -104.1590974317705331 ) ) ;
#5136 = CARTESIAN_POINT ( 'NONE',  ( -36.72983988060013161, 50.75320730321786300, 106.1228587318993419 ) ) ;
#5137 = DIRECTION ( 'NONE',  ( 1.000000000000000000, 0.000000000000000000, 0.000000000000000000 ) ) ;
#5138 = CARTESIAN_POINT ( 'NONE',  ( 0.000000000000000000, 19.11695986144681214, 90.97855698472584152 ) ) ;
#5139 = CARTESIAN_POINT ( 'NONE',  ( -210.7887559234754633, 31.06933364196817848, -386.8485590936872995 ) ) ;
#5140 = ADVANCED_FACE ( 'NONE', ( #5212 ), #3910, .T. ) ;
#5141 = CARTESIAN_POINT ( 'NONE',  ( 62.93623006620953220, 42.58753036703314621, 191.3966723613857823 ) ) ;
#5142 = MECHANICAL_DESIGN_GEOMETRIC_PRESENTATION_REPRESENTATION (  '', ( #1832 ), #1651 ) ;
#5143 = CARTESIAN_POINT ( 'NONE',  ( -35.78620799865818469, 31.77959416899040690, 49.05466346635555652 ) ) ;
#5144 = CARTESIAN_POINT ( 'NONE',  ( 46.26873740896562737, 24.08748632503723641, 438.0555349262129994 ) ) ;
#5145 = DIRECTION ( 'NONE',  ( -0.09694924819507194647, 0.2418020236290201741, 0.9654701573033322992 ) ) ;
#5146 = CARTESIAN_POINT ( 'NONE',  ( 224.9999999999999716, 19.48095251250626703, -364.2364426073423829 ) ) ;
#5147 = CARTESIAN_POINT ( 'NONE',  ( 54.66736536185002393, 96.60009914056531954, 294.0012731391505554 ) ) ;
#5148 = CARTESIAN_POINT ( 'NONE',  ( -216.0073538299875224, 38.26740118520341127, -391.9779294192759949 ) ) ;
#5149 = CARTESIAN_POINT ( 'NONE',  ( -9.187604449424570774, 15.52542073316853610, -110.2196052433252902 ) ) ;
#5150 = CARTESIAN_POINT ( 'NONE',  ( 78.81103836304963295, -36.82731609302043552, 294.0012731391500438 ) ) ;
#5151 = CARTESIAN_POINT ( 'NONE',  ( 225.0000000000000568, 35.96579284058319814, -316.7502749120498038 ) ) ;
#5152 = CARTESIAN_POINT ( 'NONE',  ( 225.0000000000000284, 17.86630054949559465, -313.9388629685007004 ) ) ;
#5153 = CARTESIAN_POINT ( 'NONE',  ( 225.0000000000000568, 34.33516931114952797, -360.4270975518168143 ) ) ;
#5154 = CARTESIAN_POINT ( 'NONE',  ( 8.712676464663486442, 15.76448379703416691, -110.3123275570200406 ) ) ;
#5155 = CIRCLE ( 'NONE', #2391, 10.00000000000000178 ) ;
#5156 = CARTESIAN_POINT ( 'NONE',  ( -214.2509047561185582, 34.58279121719366600, -399.9232905606577333 ) ) ;
#5157 = AXIS2_PLACEMENT_3D ( 'NONE', #2659, #368, #450 ) ;
#5158 = B_SPLINE_CURVE_WITH_KNOTS ( 'NONE', 3,
 ( #2065, #3818, #1665, #5582, #5172, #4301, #365, #447, #4010, #4502, #4843, #478, #3583, #5338, #3980, #3553, #1340, #4473, #2689, #4382, #2628, #8, #3524, #941, #2284, #909, #3178, #1399, #5309, #5368, #2656, #4071, #3952, #4040, #3090, #4875, #1827, #4442, #2197, #4414, #507, #3152, #2227, #4902, #968, #565, #4815, #104, #67, #39, #1770, #3121, #2718 ),
 .UNSPECIFIED., .F., .F.,
 ( 4, 2, 2, 2, 1, 2, 2, 2, 2, 2, 2, 2, 2, 2, 2, 2, 2, 2, 2, 2, 2, 2, 2, 2, 1, 1, 2, 4 ),
 ( -0.04831842049016489560, -0.01524383696209536537, -0.006975191080077977612, -0.005941610344825799805, -0.004908029609573628937, -0.002840868139069294140, 0.001293454801939403209, 0.01783074656597416485, 0.03436803833000892650, 0.05090533009404367426, 0.06744262185807843590, 0.08397991362211316979, 0.1005172053861479314, 0.1046515283271566427, 0.1087858512681653816, 0.1170544971501827208, 0.1335917889142174131, 0.1501290806782521470, 0.1666663724422868254, 0.1749350183243042478, 0.1832036642063216147, 0.1997409559703564597, 0.2080096018523738821, 0.2121439247933825656, 0.2142110862638869073, 0.2152446669991391337, 0.2157614573667652746, 0.2162782477343913601 ),
 .UNSPECIFIED. ) ;
#5159 = CARTESIAN_POINT ( 'NONE',  ( -216.0943051301346713, 39.52097400091032853, -312.2679953746350066 ) ) ;
#5160 = ORIENTED_EDGE ( 'NONE', *, *, #4259, .T. ) ;
#5161 = CARTESIAN_POINT ( 'NONE',  ( 48.16994423262574543, 25.25598977868419936, 24.13789356134267905 ) ) ;
#5162 = CARTESIAN_POINT ( 'NONE',  ( 58.12505271673706631, 58.82258861360374880, 249.9466099246432407 ) ) ;
#5163 = CARTESIAN_POINT ( 'NONE',  ( 10.93773097298681840, 34.23173696952751044, -117.4102440845868500 ) ) ;
#5164 = CARTESIAN_POINT ( 'NONE',  ( -10.73427620184244802, 10.51046633955227882, -124.9949820965278491 ) ) ;
#5165 = CARTESIAN_POINT ( 'NONE',  ( 225.0000000000505338, 26.26107159832745452, -397.0000000000000000 ) ) ;
#5166 = CARTESIAN_POINT ( 'NONE',  ( -960.0000000000000000, 34.97477924584114817, 230.1236419851626636 ) ) ;
#5167 = ORIENTED_EDGE ( 'NONE', *, *, #2479, .T. ) ;
#5168 = CARTESIAN_POINT ( 'NONE',  ( -210.5774468203181016, 34.86208122294504363, -395.5782907027120245 ) ) ;
#5169 = CARTESIAN_POINT ( 'NONE',  ( 41.60302635553403405, 28.58735040678768158, 48.54669699958667906 ) ) ;
#5170 = CARTESIAN_POINT ( 'NONE',  ( -33.56019710768472208, 28.77844790858115687, 26.41996260316264866 ) ) ;
#5171 = CARTESIAN_POINT ( 'NONE',  ( 54.72912547049698162, -5.057479445899842219, 438.0555349262137383 ) ) ;
#5172 = CARTESIAN_POINT ( 'NONE',  ( 37.93671953458244417, 24.72221527430494348, 16.49430388646677059 ) ) ;
#5173 = CARTESIAN_POINT ( 'NONE',  ( 225.0000000000000000, 21.00804479016435167, -373.8278932599800441 ) ) ;
#5174 = EDGE_CURVE ( 'NONE', #1648, #1536, #586, .T. ) ;
#5175 = CARTESIAN_POINT ( 'NONE',  ( -4.512261115750549223, 44.23672124372755832, 438.0555349262132836 ) ) ;
#5176 = CARTESIAN_POINT ( 'NONE',  ( 10.28864425088497292, -59.58225789652829008, 438.0555349262138520 ) ) ;
#5177 = CARTESIAN_POINT ( 'NONE',  ( -215.2559915236881523, 39.00176855917811736, -309.8298006674942826 ) ) ;
#5178 = CARTESIAN_POINT ( 'NONE',  ( 61.24978301336976472, -32.23860885631930273, 106.1228587318996830 ) ) ;
#5179 = CARTESIAN_POINT ( 'NONE',  ( 225.0000000000001137, 37.74215076380423284, -327.7049082617080558 ) ) ;
#5180 = CARTESIAN_POINT ( 'NONE',  ( 225.0000000000000284, 15.92080229568354532, -323.6171641640697203 ) ) ;
#5181 = CARTESIAN_POINT ( 'NONE',  ( 225.0000000000000568, 35.03854653634676453, -356.5307586469222088 ) ) ;
#5182 = CARTESIAN_POINT ( 'NONE',  ( 7.628843918213131126, 15.45530106256030578, -114.1466913267855432 ) ) ;
#5183 = CARTESIAN_POINT ( 'NONE',  ( 9.182681607063324591, 15.60027520754153763, -109.7972161507607041 ) ) ;
#5184 = CARTESIAN_POINT ( 'NONE',  ( 225.0000000000000568, 24.33868986461326500, -392.0717440890687726 ) ) ;
#5185 = ORIENTED_EDGE ( 'NONE', *, *, #2879, .F. ) ;
#5186 = CARTESIAN_POINT ( 'NONE',  ( -210.0162923508785013, 25.56214012123095003, -340.4854780156518927 ) ) ;
#5187 = CARTESIAN_POINT ( 'NONE',  ( -70.78595950691051542, 16.56074139757261321, 139.1140948636538326 ) ) ;
#5188 = CARTESIAN_POINT ( 'NONE',  ( -0.4043074561708764891, 32.10658070222236660, -85.71254433633751546 ) ) ;
#5189 = EDGE_CURVE ( 'NONE', #5100, #2732, #179, .T. ) ;
#5190 = CARTESIAN_POINT ( 'NONE',  ( -14.42484907975266673, 4.207527096276062473, -124.9949820965277922 ) ) ;
#5191 = CARTESIAN_POINT ( 'NONE',  ( -1.694065894508600678E-18, 37.04464340106387965, 91.19401363396973181 ) ) ;
#5192 = CARTESIAN_POINT ( 'NONE',  ( -960.0000000000000000, 37.18857361723073041, 20.81028490409786258 ) ) ;
#5193 = ORIENTED_EDGE ( 'NONE', *, *, #2107, .F. ) ;
#5194 = CARTESIAN_POINT ( 'NONE',  ( -35.64266351931464527, -33.84469405613928217, 438.0555349262136247 ) ) ;
#5195 = CARTESIAN_POINT ( 'NONE',  ( -210.2561040975050446, 29.02500706385295359, -371.5496468434191115 ) ) ;
#5196 = CARTESIAN_POINT ( 'NONE',  ( 37.59223974952526959, 41.28609841107374478, 101.5111927382959038 ) ) ;
#5197 = CARTESIAN_POINT ( 'NONE',  ( -32.73125869362723250, 28.21894716026724126, 20.50841224142802588 ) ) ;
#5198 = CARTESIAN_POINT ( 'NONE',  ( 37.65126480469366044, 50.81110080213249347, 402.2845281192506945 ) ) ;
#5199 = CARTESIAN_POINT ( 'NONE',  ( 46.43164454670503716, 28.01797470050510341, 438.0555349262137952 ) ) ;
#5200 = FACE_OUTER_BOUND ( 'NONE', #872, .T. ) ;
#5201 = CARTESIAN_POINT ( 'NONE',  ( 16.76724824349572174, 42.27872501533472160, 438.0555349262143636 ) ) ;
#5202 = DIRECTION ( 'NONE',  ( -0.000000000000000000, -0.000000000000000000, 1.000000000000000000 ) ) ;
#5203 = CARTESIAN_POINT ( 'NONE',  ( 63.31236115020681865, -10.04926548588826840, 402.2845281192508651 ) ) ;
#5204 = CARTESIAN_POINT ( 'NONE',  ( 225.0000000000000568, 36.86985795729561488, -321.2835718962701890 ) ) ;
#5205 = CARTESIAN_POINT ( 'NONE',  ( 225.0000000000000284, 15.96539926926604203, -323.3192713841326622 ) ) ;
#5206 = CARTESIAN_POINT ( 'NONE',  ( 225.0000000000000284, 35.62557637675739386, -353.3707767850558525 ) ) ;
#5207 = CARTESIAN_POINT ( 'NONE',  ( -209.5940358756824935, 33.44830120358451353, -397.0000000000001137 ) ) ;
#5208 = CARTESIAN_POINT ( 'NONE',  ( 54.68141723974705570, 8.013235982816732772, 92.42561249084747033 ) ) ;
#5209 = CARTESIAN_POINT ( 'NONE',  ( -220.1399973020143364, 41.23154296260599239, -340.1758318627889253 ) ) ;
#5210 = ORIENTED_EDGE ( 'NONE', *, *, #4243, .F. ) ;
#5211 = PRESENTATION_LAYER_ASSIGNMENT (  '', '', ( #4934 ) ) ;
#5212 = FACE_OUTER_BOUND ( 'NONE', #2854, .T. ) ;
#5213 = CARTESIAN_POINT ( 'NONE',  ( -82.95084842732393327, 23.56250856413065264, 228.4938346074721380 ) ) ;
#5214 = CARTESIAN_POINT ( 'NONE',  ( -13.20438501547943133, 32.71302755713211496, -97.89086672691357194 ) ) ;
#5215 = CARTESIAN_POINT ( 'NONE',  ( -32.19367758971843330, -4.369607964273075851, -46.53904117984451716 ) ) ;
#5216 = CARTESIAN_POINT ( 'NONE',  ( -1.694065894508600678E-18, 43.79838536941200999, 190.2159935437191791 ) ) ;
#5217 = DIRECTION ( 'NONE',  ( 0.000000000000000000, 0.000000000000000000, -1.000000000000000000 ) ) ;
#5218 = EDGE_LOOP ( 'NONE', ( #2491, #1408, #4264, #3398 ) ) ;
#5219 = CARTESIAN_POINT ( 'NONE',  ( -20.65067325236246987, 23.42315584001942241, -46.53904117984392741 ) ) ;
#5220 = CARTESIAN_POINT ( 'NONE',  ( -211.4065022432552041, 32.60274477943661964, -396.9999999999999432 ) ) ;
#5221 = CARTESIAN_POINT ( 'NONE',  ( 37.13747096487679045, 39.90527952959290303, 93.92861798088297576 ) ) ;
#5222 = CARTESIAN_POINT ( 'NONE',  ( -33.17637839640025277, 28.49736195499258073, 23.58343889005358207 ) ) ;
#5223 = CARTESIAN_POINT ( 'NONE',  ( 32.42388509162115895, 54.29911062347574813, 402.2845281192504672 ) ) ;
#5224 = CARTESIAN_POINT ( 'NONE',  ( 225.0000000000000853, 21.47212346225015978, -376.7554886745618887 ) ) ;
#5225 = CARTESIAN_POINT ( 'NONE',  ( 5.237520463044136321, 31.26983367700647420, -46.53904117984444611 ) ) ;
#5226 = CARTESIAN_POINT ( 'NONE',  ( 73.03974402350189621, 17.69994270197249975, 242.9193013293553918 ) ) ;
#5227 = CARTESIAN_POINT ( 'NONE',  ( 3.249265980188626113, -14.66960388790162639, -124.9949820965277638 ) ) ;
#5228 = CARTESIAN_POINT ( 'NONE',  ( 21.71708470485818765, -49.80846514252160517, 402.2845281192505809 ) ) ;
#5229 = CARTESIAN_POINT ( 'NONE',  ( 225.0000000000000284, 37.93994807957589188, -336.9324947444577560 ) ) ;
#5230 = CARTESIAN_POINT ( 'NONE',  ( 225.0000000000000000, 15.52660577275109866, -340.7112949836244411 ) ) ;
#5231 = CARTESIAN_POINT ( 'NONE',  ( 225.0000000000000284, 35.78251485026723344, -352.5264415671563825 ) ) ;
#5232 = CARTESIAN_POINT ( 'NONE',  ( 61.60305632851919455, 6.055627797931959044, 146.7088459505314404 ) ) ;
#5233 = CARTESIAN_POINT ( 'NONE',  ( -15.48247740333625266, 19.37551296100431841, -77.09436823773862102 ) ) ;
#5234 = CARTESIAN_POINT ( 'NONE',  ( -213.3552748885019810, 35.72067382411179182, -304.0492652329007797 ) ) ;
#5235 = DIRECTION ( 'NONE',  ( 0.000000000000000000, 0.000000000000000000, -1.000000000000000000 ) ) ;
#5236 = CARTESIAN_POINT ( 'NONE',  ( 225.0000000000000853, 30.30983982835224566, -384.9913506861297492 ) ) ;
#5237 = EDGE_CURVE ( 'NONE', #731, #4952, #3107, .T. ) ;
#5238 = ORIENTED_EDGE ( 'NONE', *, *, #1172, .T. ) ;
#5239 = AXIS2_PLACEMENT_3D ( 'NONE', #1808, #4423, #17 ) ;
#5240 = CARTESIAN_POINT ( 'NONE',  ( 71.46397782125578146, 26.68104869551291003, 245.1093412869102792 ) ) ;
#5241 = CARTESIAN_POINT ( 'NONE',  ( 225.0000000000000568, 32.44063663545620813, -304.6903805975177306 ) ) ;
#5242 = CARTESIAN_POINT ( 'NONE',  ( -1.244442962914346751, -80.19831747002120892, 294.0012731391510101 ) ) ;
#5243 = CARTESIAN_POINT ( 'NONE',  ( -753.8168752968960007, 28.64057353737148048, 212.0623938984123811 ) ) ;
#5244 = AXIS2_PLACEMENT_3D ( 'NONE', #1315, #4789, #2122 ) ;
#5245 = CARTESIAN_POINT ( 'NONE',  ( 0.000000000000000000, 14.90983565293908697, 162.2511654857092935 ) ) ;
#5246 = EDGE_LOOP ( 'NONE', ( #5348, #5699, #817, #141, #457 ) ) ;
#5247 = CARTESIAN_POINT ( 'NONE',  ( -28.99532465544285387, 13.62556192157078883, -46.53904117984432531 ) ) ;
#5248 = CARTESIAN_POINT ( 'NONE',  ( -212.2281539025903498, 34.30317435927316438, -397.3884360787285459 ) ) ;
#5249 = CARTESIAN_POINT ( 'NONE',  ( 48.78037739296823361, 43.81254025115547535, 138.5909894930425992 ) ) ;
#5250 = CARTESIAN_POINT ( 'NONE',  ( -35.64811580626896870, 25.08452431059047427, 20.55275390562880489 ) ) ;
#5251 = CARTESIAN_POINT ( 'NONE',  ( 26.66914226006775834, 38.83847209183364413, 438.0555349262137383 ) ) ;
#5252 = CARTESIAN_POINT ( 'NONE',  ( -210.5710221688168531, 34.84665152530075716, -395.5080366338162889 ) ) ;
#5253 = CARTESIAN_POINT ( 'NONE',  ( 225.0000000000000284, 22.98369658180872932, -385.6756334459338973 ) ) ;
#5254 = CARTESIAN_POINT ( 'NONE',  ( -0.3265639417596051808, 15.02486811977485992, -124.9949820965276928 ) ) ;
#5255 = CARTESIAN_POINT ( 'NONE',  ( 30.35846235528023840, 27.90569951550613936, 14.99282119287041404 ) ) ;
#5256 = CARTESIAN_POINT ( 'NONE',  ( 91.93695054508415865, -12.23269394471955884, 294.0012731391517491 ) ) ;
#5257 = CARTESIAN_POINT ( 'NONE',  ( -3.253366960147550113, -53.11117194231689354, 402.2845281192502398 ) ) ;
#5258 = CARTESIAN_POINT ( 'NONE',  ( 225.0000000000000568, 37.07704486622465367, -322.5137302076252013 ) ) ;
#5259 = CARTESIAN_POINT ( 'NONE',  ( 225.0000000000000284, 15.21847460568861798, -336.7306798006570716 ) ) ;
#5260 = CARTESIAN_POINT ( 'NONE',  ( 225.0000000000000000, 35.58172295126367146, -353.6062917659562004 ) ) ;
#5261 = CARTESIAN_POINT ( 'NONE',  ( -161.9535372292987176, 25.90962430488044888, 40.82701826453764227 ) ) ;
#5262 = ORIENTED_EDGE ( 'NONE', *, *, #1829, .T. ) ;
#5263 = CARTESIAN_POINT ( 'NONE',  ( -213.7853321737828480, 37.84608786093536281, -306.3560390078512228 ) ) ;
#5264 = APPLICATION_PROTOCOL_DEFINITION ( 'draft international standard', 'automotive_design', 1998, #5361 ) ;
#5265 = CARTESIAN_POINT ( 'NONE',  ( 18.21970164394301861, 15.71136876506211699, -78.77467375975355424 ) ) ;
#5266 = CARTESIAN_POINT ( 'NONE',  ( 225.0000000000000568, 25.27189197672566934, -395.0995044117465227 ) ) ;
#5267 = VERTEX_POINT ( 'NONE', #2676 ) ;
#5268 = CARTESIAN_POINT ( 'NONE',  ( 70.37081953762651665, 29.91442646501233682, 243.6649036100326100 ) ) ;
#5269 = CARTESIAN_POINT ( 'NONE',  ( -225.0000000000505338, 26.26107159832745452, -400.0000000000000000 ) ) ;
#5270 = CARTESIAN_POINT ( 'NONE',  ( -0.9011700391034350721, -44.37907825427479480, 438.0555349262135678 ) ) ;
#5271 = CARTESIAN_POINT ( 'NONE',  ( -74.00876883287676833, 16.57796408472389516, 241.9257951551428221 ) ) ;
#5272 = AXIS2_PLACEMENT_3D ( 'NONE', #314, #2546, #3466 ) ;
#5273 = CARTESIAN_POINT ( 'NONE',  ( 78.14516187169861894, 18.41894448716427846, 198.8481962590102512 ) ) ;
#5274 = CARTESIAN_POINT ( 'NONE',  ( -42.00942949310536534, 46.64184955384865816, 106.1228587319009193 ) ) ;
#5275 = CARTESIAN_POINT ( 'NONE',  ( -210.0400920943087897, 27.75142726900653400, -327.8509222864180970 ) ) ;
#5276 = CARTESIAN_POINT ( 'NONE',  ( 42.94483872355272069, 32.69625960737882053, 71.49621781135219578 ) ) ;
#5277 = CARTESIAN_POINT ( 'NONE',  ( -31.25671500360193633, -36.46274963022796811, 438.0555349262137383 ) ) ;
#5278 = CARTESIAN_POINT ( 'NONE',  ( -28.91439470027147962, 19.96718156187352733, -42.58368746910035441 ) ) ;
#5279 = CARTESIAN_POINT ( 'NONE',  ( 51.71917193612830488, 19.96582525540107866, 88.93081146784584234 ) ) ;
#5280 = CARTESIAN_POINT ( 'NONE',  ( 49.84420229814431735, 101.1003726989694940, 294.0012731391500438 ) ) ;
#5281 = CARTESIAN_POINT ( 'NONE',  ( 31.25672182785192632, 36.46275510619607729, 438.0555349262138520 ) ) ;
#5282 = CARTESIAN_POINT ( 'NONE',  ( 225.0000000000000568, 22.47536570607444162, -382.8263515386755671 ) ) ;
#5283 = CARTESIAN_POINT ( 'NONE',  ( -25.24756835824522838, 39.44891531390775441, 438.0555349262137383 ) ) ;
#5284 = CARTESIAN_POINT ( 'NONE',  ( 7.628843918213131126, 15.45530106256030578, -114.1466913267855432 ) ) ;
#5285 = CARTESIAN_POINT ( 'NONE',  ( 27.87649784309124357, -18.12000619078901309, -46.53904117984420452 ) ) ;
#5286 = CARTESIAN_POINT ( 'NONE',  ( -32.19367758971843330, -4.369607964273075851, -46.53904117984451716 ) ) ;
#5287 = CARTESIAN_POINT ( 'NONE',  ( 0.000000000000000000, 196.6579606087843786, -475.3928301955842812 ) ) ;
#5288 = CARTESIAN_POINT ( 'NONE',  ( 225.0000000000000284, 15.73704651909745067, -342.5196718225411701 ) ) ;
#5289 = CARTESIAN_POINT ( 'NONE',  ( 225.0000000000000000, 36.96777336095924227, -345.7607856402589732 ) ) ;
#5290 = ORIENTED_EDGE ( 'NONE', *, *, #1066, .T. ) ;
#5291 = CARTESIAN_POINT ( 'NONE',  ( -212.7358001724130361, 36.71648182737722266, -304.7837750684423668 ) ) ;
#5292 = CARTESIAN_POINT ( 'NONE',  ( -81.95524336591927295, 26.76540090632810376, 234.2221696508470359 ) ) ;
#5293 = CARTESIAN_POINT ( 'NONE',  ( 225.0000000000000568, 25.10261998832849883, -394.6514435835244967 ) ) ;
#5294 = EDGE_LOOP ( 'NONE', ( #4915, #1757, #327, #211 ) ) ;
#5295 = CARTESIAN_POINT ( 'NONE',  ( -210.0000000000505338, 26.26107159832745452, -400.0000000000000000 ) ) ;
#5296 = CARTESIAN_POINT ( 'NONE',  ( 225.0000000000000568, 30.67644813016479688, -300.7787880145023109 ) ) ;
#5297 = CARTESIAN_POINT ( 'NONE',  ( -13.12491144090444806, -7.304587564909581943, -124.9949820965277922 ) ) ;
#5298 = CARTESIAN_POINT ( 'NONE',  ( -73.94037940398615660, 18.03555190755982451, 243.2895645118362324 ) ) ;
#5299 = CARTESIAN_POINT ( 'NONE',  ( -21.93598077192375939, 29.20081934547260616, -34.97779372318006352 ) ) ;
#5300 = CARTESIAN_POINT ( 'NONE',  ( 55.77460737914045552, 24.27542223991691017, 44.85353889376379044 ) ) ;
#5301 = AXIS2_PLACEMENT_3D ( 'NONE', #1006, #2753, #4540 ) ;
#5302 = CARTESIAN_POINT ( 'NONE',  ( -62.51411820831491184, 20.84079338538532156, 106.1228587318999388 ) ) ;
#5303 = CARTESIAN_POINT ( 'NONE',  ( -209.9892283168667859, 27.18148256446770716, -352.0922447465590608 ) ) ;
#5304 = CARTESIAN_POINT ( 'NONE',  ( 38.52290245207515085, 25.02425661202068952, 20.24883920856053621 ) ) ;
#5305 = CARTESIAN_POINT ( 'NONE',  ( -215.4312523133203854, 39.11709914884740158, -310.3150783819140202 ) ) ;
#5306 = CARTESIAN_POINT ( 'NONE',  ( -210.0981205393068478, 27.99621131243366534, -320.9432996716259368 ) ) ;
#5307 = CARTESIAN_POINT ( 'NONE',  ( 39.14453204421801757, 24.95601676588390916, 34.26915686281247986 ) ) ;
#5308 = CARTESIAN_POINT ( 'NONE',  ( 59.15207990388660875, 19.99627538575009211, 106.1228587318994983 ) ) ;
#5309 = CARTESIAN_POINT ( 'NONE',  ( 48.30964918179326872, 43.52741384191297414, 135.8526961582629440 ) ) ;
#5310 = CARTESIAN_POINT ( 'NONE',  ( 394.6712009555298550, 26.72396386141052815, 62.89057867095382193 ) ) ;
#5311 = EDGE_CURVE ( 'NONE', #3690, #412, #581, .T. ) ;
#5312 = CARTESIAN_POINT ( 'NONE',  ( 19.17617619237527293, 23.94493656107858826, -46.53904117984438216 ) ) ;
#5313 = CARTESIAN_POINT ( 'NONE',  ( 70.72800906570252266, 25.71267235606315538, 235.6582746362545322 ) ) ;
#5314 = CARTESIAN_POINT ( 'NONE',  ( -66.79761214443944084, 36.44165258224008852, 232.7837717457713609 ) ) ;
#5315 = CARTESIAN_POINT ( 'NONE',  ( -45.42089954061206925, -67.44919172958077525, 294.0012731391496459 ) ) ;
#5316 = CARTESIAN_POINT ( 'NONE',  ( 225.0000000000000000, 35.28675539153775986, -313.8756690752443888 ) ) ;
#5317 = CARTESIAN_POINT ( 'NONE',  ( 225.0000000000000284, 17.84355478554945051, -354.9854967209025745 ) ) ;
#5318 = CARTESIAN_POINT ( 'NONE',  ( 225.0000000000000284, 37.52598953953751959, -341.7492390642153737 ) ) ;
#5319 = EDGE_LOOP ( 'NONE', ( #4621, #2534 ) ) ;
#5320 = CARTESIAN_POINT ( 'NONE',  ( -213.6196457047074944, 36.04668537954373875, -304.2119576221105604 ) ) ;
#5321 = CARTESIAN_POINT ( 'NONE',  ( 5.050673245201183998E-11, 0.000000000000000000, 498.0555349262137952 ) ) ;
#5322 = PRESENTATION_LAYER_ASSIGNMENT (  '', '', ( #1832 ) ) ;
#5323 = CARTESIAN_POINT ( 'NONE',  ( 225.0000000000000568, 29.85650882315659516, -387.4005940312953271 ) ) ;
#5324 = VERTEX_POINT ( 'NONE', #4026 ) ;
#5325 = CARTESIAN_POINT ( 'NONE',  ( 82.44015981335758170, 24.57096987089515849, 232.7161217269510303 ) ) ;
#5326 = DIRECTION ( 'NONE',  ( 0.000000000000000000, 0.000000000000000000, -1.000000000000000000 ) ) ;
#5327 = CARTESIAN_POINT ( 'NONE',  ( -52.13512665089895393, 26.01259972800406217, 21.77891731423438060 ) ) ;
#5328 = CARTESIAN_POINT ( 'NONE',  ( 60.64729133331631061, 21.88730680958053654, 70.35325510232134150 ) ) ;
#5329 = CARTESIAN_POINT ( 'NONE',  ( 20.13832016651156565, -5.202980967207745167, 498.0555349261633182 ) ) ;
#5330 = CARTESIAN_POINT ( 'NONE',  ( -71.62584146819997954, 23.68894302135936414, 234.2386149392727077 ) ) ;
#5331 = CARTESIAN_POINT ( 'NONE',  ( -209.9848260229315713, 26.91753572246635784, -333.8341184396974768 ) ) ;
#5332 = CARTESIAN_POINT ( 'NONE',  ( 38.46763622851084818, 24.99535151897833174, 19.88971660280783382 ) ) ;
#5333 = CARTESIAN_POINT ( 'NONE',  ( -213.1311103200567914, 37.18119009709266720, -305.2471121832963945 ) ) ;
#5334 = CIRCLE ( 'NONE', #1122, 3.000000000000002665 ) ;
#5335 = CARTESIAN_POINT ( 'NONE',  ( -8.061635690889046302, 15.60535341862325609, -112.5649288147504024 ) ) ;
#5336 = CARTESIAN_POINT ( 'NONE',  ( 43.95661482087345462, 11.77605774760443857, 32.31217861167137784 ) ) ;
#5337 = CARTESIAN_POINT ( 'NONE',  ( 13.94781312970093445, 27.86272509555573862, -46.53904117984426136 ) ) ;
#5338 = CARTESIAN_POINT ( 'NONE',  ( 40.74683554856083134, 27.00717453522679534, 38.26335269910952519 ) ) ;
#5339 = CARTESIAN_POINT ( 'NONE',  ( 129.9261108251534438, 25.80994665568059432, 37.34284638540130885 ) ) ;
#5340 = CARTESIAN_POINT ( 'NONE',  ( -37.65385163466322638, 51.52221929746207252, 402.2845281192502966 ) ) ;
#5341 = CARTESIAN_POINT ( 'NONE',  ( 70.40224417593348960, 29.83304702089780136, 243.7189560329938729 ) ) ;
#5342 = ADVANCED_FACE ( 'NONE', ( #54 ), #4052, .F. ) ;
#5343 = CARTESIAN_POINT ( 'NONE',  ( -68.94464619188056531, 33.36260564841143861, 239.1839364296318422 ) ) ;
#5344 = CARTESIAN_POINT ( 'NONE',  ( -32.54000389813437266, -1.307841133336863360, -46.53904117984412636 ) ) ;
#5345 = CARTESIAN_POINT ( 'NONE',  ( 225.0000000000000284, 34.98310359951742043, -312.6992938822541532 ) ) ;
#5346 = CARTESIAN_POINT ( 'NONE',  ( 225.0000000000000568, 16.95847369122039439, -350.1974174327799574 ) ) ;
#5347 = CARTESIAN_POINT ( 'NONE',  ( -737.7435898609275000, 28.08074491576691045, 92.24550580087712603 ) ) ;
#5348 = ORIENTED_EDGE ( 'NONE', *, *, #1707, .T. ) ;
#5349 = CARTESIAN_POINT ( 'NONE',  ( -218.8280379153841864, 39.93466882744434798, -364.6699239680335722 ) ) ;
#5350 = CARTESIAN_POINT ( 'NONE',  ( -49.20508187124979571, -23.02465821068931007, 438.0555349262138520 ) ) ;
#5351 = CARTESIAN_POINT ( 'NONE',  ( 225.0000000000000284, 32.00967415138530470, -374.7831836716835596 ) ) ;
#5352 = EDGE_LOOP ( 'NONE', ( #839, #3486, #4483, #1077, #53, #1842, #5070, #3000 ) ) ;
#5353 = CARTESIAN_POINT ( 'NONE',  ( 224.9999999999999716, 13.77840082820876688, -337.6161166503165418 ) ) ;
#5354 = CARTESIAN_POINT ( 'NONE',  ( -53.73385197084663645, 46.63161143056981217, 194.5633906449471056 ) ) ;
#5355 = CARTESIAN_POINT ( 'NONE',  ( 0.000000000000000000, 0.000000000000000000, -144.9949820965277922 ) ) ;
#5356 = CARTESIAN_POINT ( 'NONE',  ( -42.66152422894018059, 12.71050728998429413, 21.04237332968272156 ) ) ;
#5357 = CARTESIAN_POINT ( 'NONE',  ( -215.2238567056555212, 37.44724710044000204, -397.9380492825927149 ) ) ;
#5358 = CARTESIAN_POINT ( 'NONE',  ( 5.050673245201183998E-11, 0.000000000000000000, 498.0555349262137952 ) ) ;
#5359 = CARTESIAN_POINT ( 'NONE',  ( -71.68790430161868699, 23.95049137708451781, 235.0906627634575443 ) ) ;
#5360 = CARTESIAN_POINT ( 'NONE',  ( -210.0109407525225436, 25.66563716704888876, -337.7919749561457934 ) ) ;
#5361 = APPLICATION_CONTEXT ( 'automotive_design' ) ;
#5362 = CARTESIAN_POINT ( 'NONE',  ( 28.56775400789097930, 26.91937834199143609, 3.317143882830122958 ) ) ;
#5363 = CARTESIAN_POINT ( 'NONE',  ( -209.4278425829527919, 29.90091121555073173, -320.4109362573356634 ) ) ;
#5364 = EDGE_CURVE ( 'NONE', #5324, #3432, #4087, .T. ) ;
#5365 = CARTESIAN_POINT ( 'NONE',  ( -11.49090189976004694, 14.83329114427073669, -107.5122276502779357 ) ) ;
#5366 = CARTESIAN_POINT ( 'NONE',  ( 36.56648869339882424, 25.68661975555495758, 23.90138662129328750 ) ) ;
#5367 = CARTESIAN_POINT ( 'NONE',  ( -47.92527502875785217, 102.2731684750674788, 294.0012731391499301 ) ) ;
#5368 = CARTESIAN_POINT ( 'NONE',  ( 48.78362084171089208, 43.79799229806421579, 138.5490496340965478 ) ) ;
#5369 = CARTESIAN_POINT ( 'NONE',  ( 54.97102540935625825, 1.760482095958460613, 438.0555349262138520 ) ) ;
#5370 = CARTESIAN_POINT ( 'NONE',  ( -53.85632484347162574, 9.327977289374432601, 438.0555349262136815 ) ) ;
#5371 = CARTESIAN_POINT ( 'NONE',  ( 71.83513903953456747, 25.34618944712005373, 245.3624367372302117 ) ) ;
#5372 = CARTESIAN_POINT ( 'NONE',  ( -55.09235104255264304, 43.16094355564948870, 188.4209123387150555 ) ) ;
#5373 = CARTESIAN_POINT ( 'NONE',  ( 43.13858354257488514, -68.04341380743898071, 294.0012731391497027 ) ) ;
#5374 = CARTESIAN_POINT ( 'NONE',  ( -211.4891603973924816, 32.72507324482344160, -397.4236531049098176 ) ) ;
#5375 = CARTESIAN_POINT ( 'NONE',  ( 225.0000000000001137, 18.14212739576824163, -356.5970895721779357 ) ) ;
#5376 = CARTESIAN_POINT ( 'NONE',  ( -224.1197262235895096, 26.11424980226949089, 47.16117288608262470 ) ) ;
#5377 = EDGE_LOOP ( 'NONE', ( #4883, #896 ) ) ;
#5378 = CARTESIAN_POINT ( 'NONE',  ( -220.1278779301574389, 41.23118908301503183, -340.3228821412255911 ) ) ;
#5379 = CARTESIAN_POINT ( 'NONE',  ( 41.61357135987798728, 2.340463350838036138, 466.7211743237411383 ) ) ;
#5380 = CARTESIAN_POINT ( 'NONE',  ( 225.0000000000000853, 31.03981606541027816, -380.7840181128889299 ) ) ;
#5381 = ORIENTED_EDGE ( 'NONE', *, *, #1707, .F. ) ;
#5382 = EDGE_CURVE ( 'NONE', #3019, #1648, #148, .T. ) ;
#5383 = B_SPLINE_SURFACE_WITH_KNOTS ( 'NONE', 1, 3, ( 
 ( #1049, #1906, #154, #3228, #647, #5101, #3343, #273, #1565, #2051, #4611, #1595, #5476, #2153, #677, #3748, #2021 ),
 ( #5568, #1167, #2885, #2856, #2916, #3014, #1266, #2421, #3904, #3805, #4769, #4179, #1537, #4668, #5672, #242, #3314 ) ),
 .UNSPECIFIED., .F., .F., .F.,
 ( 2, 2 ),
 ( 4, 2, 2, 2, 2, 2, 3, 4 ),
 ( 0.000000000000000000, 1.000000000000000000 ),
 ( 0.03075542677492756893, 0.1519109984280616055, 0.2730665700811956698, 0.3942221417343296785, 0.5153777133874637428, 0.7576888566937318714, 1.000000000000000000, 1.205384533775968992 ),
 .UNSPECIFIED. ) ;
#5384 = CARTESIAN_POINT ( 'NONE',  ( 0.000000000000000000, 182.0104814593017579, -416.2706178082341353 ) ) ;
#5385 = CARTESIAN_POINT ( 'NONE',  ( -44.86542283404330789, 48.39126559525697502, 161.7681615584040458 ) ) ;
#5386 = DIRECTION ( 'NONE',  ( 0.000000000000000000, 0.000000000000000000, 1.000000000000000000 ) ) ;
#5387 = CARTESIAN_POINT ( 'NONE',  ( -48.70895527733648578, 27.01803150848551383, 5.085632847453252836 ) ) ;
#5388 = CARTESIAN_POINT ( 'NONE',  ( -214.0591855882301786, 36.08999698019913893, -398.4888403128024947 ) ) ;
#5389 = EDGE_LOOP ( 'NONE', ( #1108, #4312, #2183, #2103 ) ) ;
#5390 = CARTESIAN_POINT ( 'NONE',  ( 960.0000000000000000, 27.00370848741984631, 144.8299756871608395 ) ) ;
#5391 = CARTESIAN_POINT ( 'NONE',  ( -83.15677224696830194, 25.92799066492878168, 234.1333322132569492 ) ) ;
#5392 = CARTESIAN_POINT ( 'NONE',  ( -210.0031770384225638, 25.91944171454979085, -350.1610430710052242 ) ) ;
#5393 = CARTESIAN_POINT ( 'NONE',  ( 35.86595539423448287, 26.44636686987830032, 33.54598743921794579 ) ) ;
#5394 = CARTESIAN_POINT ( 'NONE',  ( -209.1722016062882119, 27.28217179752299515, -347.4318015827427644 ) ) ;
#5395 = DIRECTION ( 'NONE',  ( 0.000000000000000000, 0.000000000000000000, 1.000000000000000000 ) ) ;
#5396 = CARTESIAN_POINT ( 'NONE',  ( 71.90635158980990127, 16.26321623821301188, 149.9867286601304102 ) ) ;
#5397 = CARTESIAN_POINT ( 'NONE',  ( -4.512261115750549223, 44.23672124372755832, 438.0555349262132836 ) ) ;
#5398 = CARTESIAN_POINT ( 'NONE',  ( -77.88718790257094327, 28.46635009594741561, 232.9088402808174294 ) ) ;
#5399 = CARTESIAN_POINT ( 'NONE',  ( 36.48066710526391887, 16.45781439611023345, 466.7211743237411383 ) ) ;
#5400 = CARTESIAN_POINT ( 'NONE',  ( 72.44001105520430883, 22.65698153682577853, 245.2880012763519915 ) ) ;
#5401 = CARTESIAN_POINT ( 'NONE',  ( 800.0000000000000000, 27.23881364598635813, 199.6840592344682932 ) ) ;
#5402 = CARTESIAN_POINT ( 'NONE',  ( -6.988493866082476913, -13.30422138226350093, -124.9949820965277780 ) ) ;
#5403 = CARTESIAN_POINT ( 'NONE',  ( 0.000000000000000000, 206.1704803902596552, -431.8071921114466818 ) ) ;
#5404 = CARTESIAN_POINT ( 'NONE',  ( 225.0000000000000568, 16.85610632337938952, -349.6292167661574126 ) ) ;
#5405 = CARTESIAN_POINT ( 'NONE',  ( -73.28982829661526921, 13.02447329337450377, 232.7386676569493318 ) ) ;
#5406 = ORIENTED_EDGE ( 'NONE', *, *, #4830, .T. ) ;
#5407 = CARTESIAN_POINT ( 'NONE',  ( -221.7290927447695026, 40.90119336975605790, -340.4377325896428488 ) ) ;
#5408 = CARTESIAN_POINT ( 'NONE',  ( 36.48066710526391887, 16.45781439611023345, 466.7211743237411383 ) ) ;
#5409 = CARTESIAN_POINT ( 'NONE',  ( -800.0000000000000000, 26.66401271883047031, 117.4108744033516700 ) ) ;
#5410 = CARTESIAN_POINT ( 'NONE',  ( 225.0000000000000853, 32.83548617958087590, -369.5379486898953019 ) ) ;
#5411 = ORIENTED_EDGE ( 'NONE', *, *, #5364, .F. ) ;
#5412 =( NAMED_UNIT ( * ) PLANE_ANGLE_UNIT ( ) SI_UNIT ( $, .RADIAN. ) );
#5413 = PRODUCT_DEFINITION_FORMATION_WITH_SPECIFIED_SOURCE ( 'ANY', '', #567, .NOT_KNOWN. ) ;
#5414 = EDGE_CURVE ( 'NONE', #2433, #2326, #90, .T. ) ;
#5415 = CARTESIAN_POINT ( 'NONE',  ( -71.50918519019867858, 10.34073193811055980, 218.0760699712542987 ) ) ;
#5416 = CARTESIAN_POINT ( 'NONE',  ( -53.24283375424271014, 25.64790275351886706, 27.41365770205390362 ) ) ;
#5417 = CARTESIAN_POINT ( 'NONE',  ( -213.2903840652069789, 36.00859892719023492, -399.8555080168311520 ) ) ;
#5418 = VERTEX_POINT ( 'NONE', #5325 ) ;
#5419 = CARTESIAN_POINT ( 'NONE',  ( 55.00000000000000711, -0.5876281446088689187, 438.0555349262138520 ) ) ;
#5420 = CARTESIAN_POINT ( 'NONE',  ( -71.38639243987086047, 28.59078690275192614, 244.2481168594911480 ) ) ;
#5421 = CARTESIAN_POINT ( 'NONE',  ( -211.7774194519068374, 35.58725355533508861, -304.7466139197888424 ) ) ;
#5422 = CARTESIAN_POINT ( 'NONE',  ( 25.21827199912010897, 20.67587970209860870, -34.52893520781231018 ) ) ;
#5423 = CARTESIAN_POINT ( 'NONE',  ( -224.9999999999999716, 33.62957271917406388, -308.0590260570313035 ) ) ;
#5424 = CARTESIAN_POINT ( 'NONE',  ( 55.96794660378463249, 7.525841320715437988, 101.5480698646379523 ) ) ;
#5425 = CARTESIAN_POINT ( 'NONE',  ( 33.83666726740024444, 13.72975583427643897, -15.48073508131244225 ) ) ;
#5426 = CARTESIAN_POINT ( 'NONE',  ( -25.24756835824522838, 39.44891531390775441, 438.0555349262137383 ) ) ;
#5427 = CARTESIAN_POINT ( 'NONE',  ( -40.02930688053618979, 25.06289762847136871, 20.93757845198999945 ) ) ;
#5428 = CARTESIAN_POINT ( 'NONE',  ( 5.050673245201183998E-11, 0.000000000000000000, 498.0555349262137952 ) ) ;
#5429 = CARTESIAN_POINT ( 'NONE',  ( 225.0000000000000284, 37.86681422835789590, -338.1425667972640099 ) ) ;
#5430 = AXIS2_PLACEMENT_3D ( 'NONE', #3478, #5235, #2181 ) ;
#5431 = CARTESIAN_POINT ( 'NONE',  ( 70.88121537351428003, 24.24614304324331115, 235.0094131682607212 ) ) ;
#5432 = CARTESIAN_POINT ( 'NONE',  ( 31.25668603971744375, 36.46269079359090171, 438.0555349262138520 ) ) ;
#5433 = CARTESIAN_POINT ( 'NONE',  ( 29.89581213741701404, -37.27926783967434687, 438.0555349262136815 ) ) ;
#5434 = FACE_OUTER_BOUND ( 'NONE', #3655, .T. ) ;
#5435 = CARTESIAN_POINT ( 'NONE',  ( 225.0000000000000853, 16.94126593468474340, -350.1021731166952691 ) ) ;
#5436 = CARTESIAN_POINT ( 'NONE',  ( -72.87193961010420651, 12.29161467417827680, 229.0927450782246808 ) ) ;
#5437 = CARTESIAN_POINT ( 'NONE',  ( -79.41441111646436468, 27.87452207601076992, 233.7352064401189580 ) ) ;
#5438 = CARTESIAN_POINT ( 'NONE',  ( -218.5078484989590208, 39.83427772088583652, -358.4457731660836544 ) ) ;
#5439 = CARTESIAN_POINT ( 'NONE',  ( 24.10361641807626754, 26.43019469696709223, 466.7211743237411383 ) ) ;
#5440 = EDGE_CURVE ( 'NONE', #611, #3690, #1374, .T. ) ;
#5441 = CARTESIAN_POINT ( 'NONE',  ( 225.0000000000000568, 31.75248788964914937, -303.0140584495895837 ) ) ;
#5442 = CARTESIAN_POINT ( 'NONE',  ( 225.0000000000000853, 31.32233515811175906, -379.0720756363126043 ) ) ;
#5443 = CARTESIAN_POINT ( 'NONE',  ( -79.82131413259794783, 19.05453253926454948, 204.2970760786407141 ) ) ;
#5444 = CARTESIAN_POINT ( 'NONE',  ( 0.000000000000000000, 182.0104814593017579, -416.2706178082341353 ) ) ;
#5445 = CARTESIAN_POINT ( 'NONE',  ( -19.37513543999638799, 15.55957226333489096, -77.61872384605685227 ) ) ;
#5446 = CARTESIAN_POINT ( 'NONE',  ( -214.7351953747211155, 34.62585252479080111, -399.7741007043053401 ) ) ;
#5447 = VERTEX_POINT ( 'NONE', #3139 ) ;
#5448 = CARTESIAN_POINT ( 'NONE',  ( 0.000000000000000000, 14.90983565293908697, 162.2511654857092935 ) ) ;
#5449 = CARTESIAN_POINT ( 'NONE',  ( -73.08392438697906357, 23.26067935205524506, 245.3656594012708752 ) ) ;
#5450 = CARTESIAN_POINT ( 'NONE',  ( -210.5238280587034012, 33.69666725569202015, -307.8229642644358819 ) ) ;
#5451 = CARTESIAN_POINT ( 'NONE',  ( 8.708834861395551741, 16.08711626402620354, -108.9087033146269903 ) ) ;
#5452 = CARTESIAN_POINT ( 'NONE',  ( -210.1453872511082182, 33.76297591850500623, -389.2537880104334818 ) ) ;
#5453 = CARTESIAN_POINT ( 'NONE',  ( -219.9409184355811817, 40.38510748683770402, -319.6322316893326274 ) ) ;
#5454 = CARTESIAN_POINT ( 'NONE',  ( 50.68198037766293140, 26.09492228921183354, 20.20214243988053582 ) ) ;
#5455 = CARTESIAN_POINT ( 'NONE',  ( -26.98845783226164485, 57.78791139143559263, 402.2845281192504672 ) ) ;
#5456 = DIRECTION ( 'NONE',  ( 0.000000000000000000, 0.000000000000000000, 1.000000000000000000 ) ) ;
#5457 = CARTESIAN_POINT ( 'NONE',  ( 40.27664033297617863, -10.40596193441549033, 466.7211743237411383 ) ) ;
#5458 = CARTESIAN_POINT ( 'NONE',  ( 61.79350748355491163, 43.13568937965663252, 187.9707101125465556 ) ) ;
#5459 = CARTESIAN_POINT ( 'NONE',  ( -53.96597605410117637, 45.02655851935710984, 167.8505211770584538 ) ) ;
#5460 = CARTESIAN_POINT ( 'NONE',  ( -23.17429599129358309, -64.39728765269023825, 106.1228587318998677 ) ) ;
#5461 = CARTESIAN_POINT ( 'NONE',  ( 225.0000000000000284, 24.03725304147305764, -396.5929570076766026 ) ) ;
#5462 = CARTESIAN_POINT ( 'NONE',  ( 224.9999999999999716, 19.45145142298992980, -364.0577465940262414 ) ) ;
#5463 = VECTOR ( 'NONE', #5654, 1000.000000000000000 ) ;
#5464 = CARTESIAN_POINT ( 'NONE',  ( -9.750000000000000000, 1.194030629168669469E-15, -144.9949820965277922 ) ) ;
#5465 = CARTESIAN_POINT ( 'NONE',  ( -219.6444210119169611, 40.30529489038771374, -322.3908050220396149 ) ) ;
#5466 = CARTESIAN_POINT ( 'NONE',  ( -210.4150789976357601, 34.46210181908092096, -393.4210532509632117 ) ) ;
#5467 = CARTESIAN_POINT ( 'NONE',  ( -14.39801607198104882, -29.68678370994360805, -46.53904117984442479 ) ) ;
#5468 = CARTESIAN_POINT ( 'NONE',  ( 225.0000000000000284, 17.37925641488836703, -315.9672161873685354 ) ) ;
#5469 = CARTESIAN_POINT ( 'NONE',  ( 225.0000000000000568, 32.51009589702336200, -371.6044844888316447 ) ) ;
#5470 = CARTESIAN_POINT ( 'NONE',  ( -212.7112254376451972, 37.59599647418113477, -397.5041173653702913 ) ) ;
#5471 = CARTESIAN_POINT ( 'NONE',  ( -71.98037709530454720, 10.94683780398535866, 221.7498199585720329 ) ) ;
#5472 = CARTESIAN_POINT ( 'NONE',  ( -224.9999999999999716, 38.83775913167228566, -336.6617268782250676 ) ) ;
#5473 = CARTESIAN_POINT ( 'NONE',  ( -15.71318070728988658, 33.71312536068795396, -108.2012726229476840 ) ) ;
#5474 = CARTESIAN_POINT ( 'NONE',  ( -214.3124731740791731, 34.12657608530571451, -399.7635669713656057 ) ) ;
#5475 = VERTEX_POINT ( 'NONE', #4831 ) ;
#5476 = CARTESIAN_POINT ( 'NONE',  ( 3.388131789017200393E-19, 26.91932374928065741, 37.52441055751493337 ) ) ;
#5477 = CARTESIAN_POINT ( 'NONE',  ( -83.66148411475118962, 25.26002698563539539, 233.7723138492481496 ) ) ;
#5478 = MANIFOLD_SOLID_BREP ( 'Boss-Extrude2', #5620 ) ;
#5479 = CARTESIAN_POINT ( 'NONE',  ( -212.2799640188896717, 34.26007035842527415, -304.8053105414420543 ) ) ;
#5480 = CARTESIAN_POINT ( 'NONE',  ( 0.000000000000000000, 0.000000000000000000, -144.9949820965277922 ) ) ;
#5481 = CARTESIAN_POINT ( 'NONE',  ( -225.0000000000000000, 24.34287066045268233, -291.0527924030765234 ) ) ;
#5482 = CARTESIAN_POINT ( 'NONE',  ( 63.20257430264986453, 40.75038948553748241, 221.9936802252187249 ) ) ;
#5483 = CARTESIAN_POINT ( 'NONE',  ( 41.65714615844429147, 12.28790663210917877, 20.92173141287243965 ) ) ;
#5484 = CARTESIAN_POINT ( 'NONE',  ( -63.34209523512393503, -9.766477190368707539, 402.2845281192498987 ) ) ;
#5485 = CARTESIAN_POINT ( 'NONE',  ( -52.65037479928435715, 45.04667247216654147, 162.7375263204540090 ) ) ;
#5486 = CARTESIAN_POINT ( 'NONE',  ( -35.24563986590024456, 22.25234133753514598, -13.89515923953955934 ) ) ;
#5487 = CARTESIAN_POINT ( 'NONE',  ( 77.90622911611701795, 28.26267634602866963, 233.2899350790942208 ) ) ;
#5488 = CARTESIAN_POINT ( 'NONE',  ( -40.58771000927942652, 46.42156062750259338, 135.9964371532656742 ) ) ;
#5489 = CARTESIAN_POINT ( 'NONE',  ( -4.207532993403188648, -14.42487875907761818, -124.9949820965277638 ) ) ;
#5490 = CARTESIAN_POINT ( 'NONE',  ( 224.9999999999999716, 16.56867141724177017, -347.2499780119509296 ) ) ;
#5491 = CARTESIAN_POINT ( 'NONE',  ( 225.0000000000000284, 18.30316391911638618, -357.4734708435495349 ) ) ;
#5492 = EDGE_CURVE ( 'NONE', #3804, #4825, #756, .T. ) ;
#5493 = CARTESIAN_POINT ( 'NONE',  ( -61.61892284499471373, 5.758799814972851649, 144.6723933583726875 ) ) ;
#5494 = CIRCLE ( 'NONE', #990, 11.99999999999998224 ) ;
#5495 = CARTESIAN_POINT ( 'NONE',  ( 35.36725447235268405, 33.99036993934019080, 61.65247355546716790 ) ) ;
#5496 = CARTESIAN_POINT ( 'NONE',  ( -210.0556356065251578, 27.58465197882053843, -362.2882379389556036 ) ) ;
#5497 = CARTESIAN_POINT ( 'NONE',  ( -1.191140887840693052, -14.97861975655829525, -124.9949820965277780 ) ) ;
#5498 = CARTESIAN_POINT ( 'NONE',  ( 225.0000000000000284, 24.66260691856374976, -297.7364953005433676 ) ) ;
#5499 = MANIFOLD_SOLID_BREP ( 'Mirror1', #2853 ) ;
#5500 = CARTESIAN_POINT ( 'NONE',  ( 225.0000000000000284, 35.15050063628520149, -355.9250298006540447 ) ) ;
#5501 = CARTESIAN_POINT ( 'NONE',  ( -210.7089508328627403, 35.17790643362432945, -397.0162972783199393 ) ) ;
#5502 = B_SPLINE_CURVE_WITH_KNOTS ( 'NONE', 1,
 ( #3843, #5662 ),
 .UNSPECIFIED., .F., .F.,
 ( 2, 2 ),
 ( 0.000000000000000000, 1.000000000000000000 ),
 .UNSPECIFIED. ) ;
#5503 = CARTESIAN_POINT ( 'NONE',  ( 225.0000000000000568, 36.21752140523143737, -317.9094173072781473 ) ) ;
#5504 = CARTESIAN_POINT ( 'NONE',  ( -72.71645462946521832, 16.17889379794607407, 153.6542602788101135 ) ) ;
#5505 =( NAMED_UNIT ( * ) SI_UNIT ( $, .STERADIAN. ) SOLID_ANGLE_UNIT ( ) );
#5506 = CARTESIAN_POINT ( 'NONE',  ( -9.944671647628616995, 31.00084203057305032, -66.04531475147094000 ) ) ;
#5507 = CARTESIAN_POINT ( 'NONE',  ( -215.0660626428701789, 34.13862163970492247, -399.9225458688554227 ) ) ;
#5508 = ORIENTED_EDGE ( 'NONE', *, *, #1411, .F. ) ;
#5509 = CARTESIAN_POINT ( 'NONE',  ( -800.0000000000000000, 35.38503233220423283, 146.1620122329388209 ) ) ;
#5510 = CARTESIAN_POINT ( 'NONE',  ( -74.00398447642564292, 15.65704841205144859, 240.8094396285044070 ) ) ;
#5511 = CARTESIAN_POINT ( 'NONE',  ( -211.5466277432842048, 32.99863869284320117, -307.1617742274133320 ) ) ;
#5512 = B_SPLINE_CURVE_WITH_KNOTS ( 'NONE', 3,
 ( #3352, #3237, #5486, #4990, #1059, #3264, #1546, #2591, #4321, #1657, #383, #871, #2137, #3024, #411, #3052, #4806, #1631, #3887, #2976, #5655, #1710, #4374, #334, #2621, #5630, #3459, #2540 ),
 .UNSPECIFIED., .F., .F.,
 ( 4, 2, 2, 2, 2, 2, 2, 2, 2, 2, 2, 2, 2, 4 ),
 ( 0.000000000000000000, 0.01396129845084174981, 0.02792259690168349962, 0.03490324612710437452, 0.04188389535252524248, 0.04537421996523568340, 0.04886454457794612433, 0.05060970688430134479, 0.05235486919065657219, 0.05322745034383417895, 0.05410003149701178571, 0.05497261265018939941, 0.05540890322677820973, 0.05584519380336702699 ),
 .UNSPECIFIED. ) ;
#5513 = CARTESIAN_POINT ( 'NONE',  ( 12.30578226796112418, 18.17775943931713556, -90.38136614111712674 ) ) ;
#5514 = CARTESIAN_POINT ( 'NONE',  ( 80.81156986694033151, 27.03910377847459046, 234.1816364510312098 ) ) ;
#5515 = CARTESIAN_POINT ( 'NONE',  ( -217.9622968106298231, 39.51367923628076539, -311.8795993946878866 ) ) ;
#5516 = CARTESIAN_POINT ( 'NONE',  ( 50.77977226175430303, 26.06650838153579386, 20.67184844611371020 ) ) ;
#5517 = CARTESIAN_POINT ( 'NONE',  ( -55.88669260448440923, 32.01852796247087696, 106.1228587318997967 ) ) ;
#5518 = CARTESIAN_POINT ( 'NONE',  ( -40.41712855168515972, 25.30412436755580075, 23.68148066056562939 ) ) ;
#5519 = CARTESIAN_POINT ( 'NONE',  ( 5.050673245201183998E-11, 0.000000000000000000, 498.0555349262137952 ) ) ;
#5520 = AXIS2_PLACEMENT_3D ( 'NONE', #1844, #3627, #1872 ) ;
#5521 = CARTESIAN_POINT ( 'NONE',  ( 66.40983010210111104, 40.52360181146092799, 201.4871846126622472 ) ) ;
#5522 = CARTESIAN_POINT ( 'NONE',  ( -49.81973511165158186, 44.68538863668460692, 150.0266075547820606 ) ) ;
#5523 = CARTESIAN_POINT ( 'NONE',  ( 95.75517041586512335, 5.748665286509233141, 294.0012731391499869 ) ) ;
#5524 = CARTESIAN_POINT ( 'NONE',  ( 82.44015981335596166, 24.57096987089438400, 232.7161217269480176 ) ) ;
#5525 = CARTESIAN_POINT ( 'NONE',  ( 225.0000000000000568, 18.48676237011474299, -358.4840036203112277 ) ) ;
#5526 = CARTESIAN_POINT ( 'NONE',  ( -57.32199653256210325, 7.004075051856941236, 111.3728200806342272 ) ) ;
#5527 = CARTESIAN_POINT ( 'NONE',  ( -213.5586974303119803, 38.33817171694025916, -391.6658294928815849 ) ) ;
#5528 = ADVANCED_FACE ( 'NONE', ( #4716 ), #2100, .T. ) ;
#5529 = CARTESIAN_POINT ( 'NONE',  ( -31.25671500360193633, -36.46274963022796811, 438.0555349262137383 ) ) ;
#5530 = CARTESIAN_POINT ( 'NONE',  ( 34.63887454820550005, -72.30134053674849781, 294.0012731391508396 ) ) ;
#5531 = COLOUR_RGB ( '',0.7921568627450980005, 0.8196078431372548767, 0.9333333333333333481 ) ;
#5532 = CARTESIAN_POINT ( 'NONE',  ( 225.0000000000000568, 18.21366948888913484, -312.5921708835380173 ) ) ;
#5533 = CARTESIAN_POINT ( 'NONE',  ( 225.0000000000000284, 33.35768761720340336, -366.2604044747484977 ) ) ;
#5534 = CARTESIAN_POINT ( 'NONE',  ( -83.51989258611800437, 25.53338018807295384, 233.9660367094101332 ) ) ;
#5535 = CARTESIAN_POINT ( 'NONE',  ( -50.58701123393809240, 10.15943863631892974, 65.20434559117654771 ) ) ;
#5536 = CARTESIAN_POINT ( 'NONE',  ( 225.0000000000000853, 23.82886958920580867, -389.9017703001380823 ) ) ;
#5537 = CARTESIAN_POINT ( 'NONE',  ( -22.98015100179460291, 32.64523421234587630, -89.74010960887824240 ) ) ;
#5538 = CARTESIAN_POINT ( 'NONE',  ( -213.5124576579574409, 35.65527447126237348, -399.9790955431874977 ) ) ;
#5539 = ORIENTED_EDGE ( 'NONE', *, *, #5189, .F. ) ;
#5540 = CARTESIAN_POINT ( 'NONE',  ( 67.10237676349899516, 7.355434858061923542, 191.7465516541554109 ) ) ;
#5541 = CARTESIAN_POINT ( 'NONE',  ( -73.94027163955098558, 18.03649690008176876, 243.2902557980544884 ) ) ;
#5542 = CARTESIAN_POINT ( 'NONE',  ( -211.0244277631134651, 31.84509521319636605, -310.2868354647271758 ) ) ;
#5543 = LINE ( 'NONE', #245, #3132 ) ;
#5544 = CARTESIAN_POINT ( 'NONE',  ( -70.21999103051929580, 16.74024041190084944, 134.8150575818493166 ) ) ;
#5545 = DIRECTION ( 'NONE',  ( -1.224646799147353207E-16, 1.000000000000000000, 0.000000000000000000 ) ) ;
#5546 = CARTESIAN_POINT ( 'NONE',  ( 21.43506897466684791, 15.45703121716007367, -66.54475367126181595 ) ) ;
#5547 = CARTESIAN_POINT ( 'NONE',  ( -3.862614382186477346, 31.39139333090195549, -46.53904117984415478 ) ) ;
#5548 = CARTESIAN_POINT ( 'NONE',  ( 960.0000000000000000, 12.55778574440470763, 6.045041402539376385 ) ) ;
#5549 = CARTESIAN_POINT ( 'NONE',  ( -13.87544043444512099, -7.674886070229785417, 498.0555349261633182 ) ) ;
#5550 = EDGE_CURVE ( 'NONE', #521, #1384, #2382, .T. ) ;
#5551 = CARTESIAN_POINT ( 'NONE',  ( 77.73646138051340415, 28.31243337572843188, 233.2013123861059682 ) ) ;
#5552 = CARTESIAN_POINT ( 'NONE',  ( -42.92187719898088716, 28.61497549920499495, 49.13943815435692386 ) ) ;
#5553 = CARTESIAN_POINT ( 'NONE',  ( 76.19715778578957099, 70.57416277419918060, 294.0012731391498733 ) ) ;
#5554 = CARTESIAN_POINT ( 'NONE',  ( 66.02088212181963911, 16.87432980658641313, 184.0886749876290764 ) ) ;
#5555 = CARTESIAN_POINT ( 'NONE',  ( 225.0000000000000284, 20.40884278000378771, -370.0188082095122581 ) ) ;
#5556 = CARTESIAN_POINT ( 'NONE',  ( 21.81312030322441586, 40.75757430314448726, 438.0555349262137383 ) ) ;
#5557 = CARTESIAN_POINT ( 'NONE',  ( -217.1692969901604044, 39.06419116262135560, -380.8636693524217662 ) ) ;
#5558 = CARTESIAN_POINT ( 'NONE',  ( -211.2589986762901617, 32.27852777680377017, -395.1853623125147124 ) ) ;
#5559 = CARTESIAN_POINT ( 'NONE',  ( 25.87152769440677247, -75.72447426234282375, 294.0012731391508396 ) ) ;
#5560 = CARTESIAN_POINT ( 'NONE',  ( 225.0000000000000284, 20.87748424440303552, -304.3071212536530084 ) ) ;
#5561 = CARTESIAN_POINT ( 'NONE',  ( 225.0000000000000284, 34.67499749617668670, -358.5210633358244081 ) ) ;
#5562 = CARTESIAN_POINT ( 'NONE',  ( -214.2584565614110375, 34.67433506992378511, -399.9304902600485434 ) ) ;
#5563 = CARTESIAN_POINT ( 'NONE',  ( -64.74381262128763126, 19.59285073201548499, 94.53134019335340099 ) ) ;
#5564 = CARTESIAN_POINT ( 'NONE',  ( 225.0000000000000284, 24.16804159314943945, -391.3795673653784775 ) ) ;
#5565 = CARTESIAN_POINT ( 'NONE',  ( -213.4874599397434451, 34.17326091670476984, -399.3559083780689889 ) ) ;
#5566 = ADVANCED_FACE ( 'NONE', ( #4309 ), #4033, .T. ) ;
#5567 = ORIENTED_EDGE ( 'NONE', *, *, #914, .T. ) ;
#5568 = CARTESIAN_POINT ( 'NONE',  ( -960.0000000000000000, 18.80739166784487892, 228.1170176376847110 ) ) ;
#5569 = CARTESIAN_POINT ( 'NONE',  ( -8.287051269321050739, 15.56260623470973670, -112.2520452806013509 ) ) ;
#5570 = B_SPLINE_CURVE_WITH_KNOTS ( 'NONE', 3,
 ( #1805, #3128, #1463, #75, #1405, #3183, #4389, #3559, #1835, #947, #1434, #14, #1004, #1776, #2695, #4907, #4881, #4449, #3212, #453, #2751, #2204, #513, #974, #4480, #2263, #542, #3618, #2290, #3098, #4018, #5374, #4507, #3958 ),
 .UNSPECIFIED., .F., .F.,
 ( 4, 2, 2, 2, 2, 2, 2, 2, 2, 2, 2, 2, 2, 2, 2, 2, 4 ),
 ( 0.000000000000000000, 0.0006621776920614571996, 0.001324355384122914399, 0.001986533076184371707, 0.002648710768245828798, 0.003310888460307285890, 0.003973066152368743414, 0.004635243844430200072, 0.005297421536491657597, 0.005959599228553115122, 0.006621776920614571779, 0.007283954612676029304, 0.007946132304737486829, 0.008608309996798943486, 0.009270487688860400144, 0.009932665380921858536, 0.01059484307298331519 ),
 .UNSPECIFIED. ) ;
#5571 = CARTESIAN_POINT ( 'NONE',  ( -214.4434153865862811, 36.95651668149218949, -305.3184604555514738 ) ) ;
#5572 = CARTESIAN_POINT ( 'NONE',  ( 7.576495278664123312, 15.42359649379970143, -114.4149681205330893 ) ) ;
#5573 = CARTESIAN_POINT ( 'NONE',  ( -82.19750699253860660, 22.17313412315180798, 222.1624601576158398 ) ) ;
#5574 = DIRECTION ( 'NONE',  ( 0.000000000000000000, 0.000000000000000000, 1.000000000000000000 ) ) ;
#5575 = CARTESIAN_POINT ( 'NONE',  ( -16.90088747854168361, 32.72051012926906566, -98.73241216943971210 ) ) ;
#5576 = CARTESIAN_POINT ( 'NONE',  ( -18.10116937659172720, 25.39519247067144647, -46.53904117984439637 ) ) ;
#5577 = CARTESIAN_POINT ( 'NONE',  ( -1.694065894508600678E-18, 24.30006940863078313, 5.721758495759597274 ) ) ;
#5578 = CARTESIAN_POINT ( 'NONE',  ( 245.5411233440145509, 26.50459451475026640, 232.2342902614960849 ) ) ;
#5579 = CARTESIAN_POINT ( 'NONE',  ( 69.89894547203189745, 37.70711457753331075, 211.2767585084863526 ) ) ;
#5580 = CARTESIAN_POINT ( 'NONE',  ( -41.08983953470630723, 46.83222581259555284, 139.8074058390567416 ) ) ;
#5581 = CARTESIAN_POINT ( 'NONE',  ( 94.89786694894874586, 24.45638635620879953, 294.0012731391511238 ) ) ;
#5582 = CARTESIAN_POINT ( 'NONE',  ( 37.50809652900182556, 24.50364281081880335, 13.77662411923037133 ) ) ;
#5583 = CARTESIAN_POINT ( 'NONE',  ( 225.0000000000000000, 19.82766355625607346, -366.3652366466805006 ) ) ;
#5584 = PRODUCT_RELATED_PRODUCT_CATEGORY ( 'part', '', ( #567 ) ) ;
#5585 = CARTESIAN_POINT ( 'NONE',  ( 67.24584207857674301, -13.78960409250534624, 106.1228587318998109 ) ) ;
#5586 = CARTESIAN_POINT ( 'NONE',  ( 55.35571361257212430, 46.73019403691063900, 196.3979856589690769 ) ) ;
#5587 = DIRECTION ( 'NONE',  ( 0.000000000000000000, 0.000000000000000000, -1.000000000000000000 ) ) ;
#5588 = CARTESIAN_POINT ( 'NONE',  ( -17.06740611497713545, -28.00142702703112718, -46.53904117984404820 ) ) ;
#5589 = CARTESIAN_POINT ( 'NONE',  ( 225.0000000000000284, 22.04362371452911518, -301.6542259658029934 ) ) ;
#5590 = CARTESIAN_POINT ( 'NONE',  ( 225.0000000000000000, 33.48032550868098411, -365.5015353376446683 ) ) ;
#5591 = CIRCLE ( 'NONE', #163, 9.750000000000000000 ) ;
#5592 = CARTESIAN_POINT ( 'NONE',  ( 23.38149923700061805, 19.58533599464034580, -52.31797257083019304 ) ) ;
#5593 = CARTESIAN_POINT ( 'NONE',  ( -214.2683785855493284, 34.58792258049697210, -399.9215205778145901 ) ) ;
#5594 = CARTESIAN_POINT ( 'NONE',  ( -71.25116501016977111, 16.44405135643946991, 142.6320621770072705 ) ) ;
#5595 = CARTESIAN_POINT ( 'NONE',  ( -219.2220372059283022, 40.89440131297705250, -324.2103220301876263 ) ) ;
#5596 = ORIENTED_EDGE ( 'NONE', *, *, #3820, .T. ) ;
#5597 = CARTESIAN_POINT ( 'NONE',  ( -210.4150789976357601, 34.46210181908092096, -393.4210532509632117 ) ) ;
#5598 = CARTESIAN_POINT ( 'NONE',  ( 38.29158789965683241, 23.36921104637470137, 0.1191215312428078044 ) ) ;
#5599 = CARTESIAN_POINT ( 'NONE',  ( 82.59641087245705648, 24.65406155134432353, 232.9830688352975301 ) ) ;
#5600 = EDGE_CURVE ( 'NONE', #5000, #3370, #4079, .T. ) ;
#5601 = CARTESIAN_POINT ( 'NONE',  ( 7.541364802631749242, 15.44705725707524735, -114.3892417908954400 ) ) ;
#5602 = CARTESIAN_POINT ( 'NONE',  ( -63.97137182895405516, 12.57716414497621749, 402.2845281192501261 ) ) ;
#5603 = DIRECTION ( 'NONE',  ( 0.000000000000000000, 0.000000000000000000, -1.000000000000000000 ) ) ;
#5604 = DIRECTION ( 'NONE',  ( 0.000000000000000000, -1.000000000000000000, 0.000000000000000000 ) ) ;
#5605 = CARTESIAN_POINT ( 'NONE',  ( -212.1198440080944181, 34.13180649599702576, -396.6014228987212391 ) ) ;
#5606 = CARTESIAN_POINT ( 'NONE',  ( 35.24316142636148186, 33.69646377697024064, 59.89384292586021274 ) ) ;
#5607 = AXIS2_PLACEMENT_3D ( 'NONE', #5645, #4741, #4662 ) ;
#5608 = CARTESIAN_POINT ( 'NONE',  ( -33.20595345075537352, 21.78179434074580811, -19.91208942932976811 ) ) ;
#5609 = CARTESIAN_POINT ( 'NONE',  ( 32.34710013373520354, -8.106331008256546511, -46.53904117984428979 ) ) ;
#5610 = CYLINDRICAL_SURFACE ( 'NONE', #1512, 14.99999999995778488 ) ;
#5611 = CARTESIAN_POINT ( 'NONE',  ( 225.0000000000000568, 21.63656825939037276, -377.7810491428020896 ) ) ;
#5612 = CARTESIAN_POINT ( 'NONE',  ( 26.88802322015385116, 57.23677149365595085, 402.2845281192508082 ) ) ;
#5613 = CARTESIAN_POINT ( 'NONE',  ( -212.8164276972903224, 37.78694634587486689, -396.5734221341143666 ) ) ;
#5614 = CARTESIAN_POINT ( 'NONE',  ( -210.6120568237790565, 33.88113909489705122, -307.4043597226344104 ) ) ;
#5615 = CARTESIAN_POINT ( 'NONE',  ( 64.29916058591571471, 12.07763806353065839, 402.2845281192505809 ) ) ;
#5616 = CARTESIAN_POINT ( 'NONE',  ( 225.0000000000000000, 38.01400709312086690, -332.5858118285925116 ) ) ;
#5617 = CARTESIAN_POINT ( 'NONE',  ( 225.0000000000000853, 15.98461293084048407, -344.3349625729734953 ) ) ;
#5618 = CARTESIAN_POINT ( 'NONE',  ( 225.0000000000000568, 33.72702252871255268, -363.9971750116618523 ) ) ;
#5619 = CARTESIAN_POINT ( 'NONE',  ( -9.750000000000000000, 0.000000000000000000, -134.9949820965277638 ) ) ;
#5620 = CLOSED_SHELL ( 'NONE', ( #5140, #1238, #1899, #1882, #3866, #4222, #1096, #1267, #4914, #3048, #1286, #4341, #2278, #61, #2008, #87, #271, #4886, #4810, #3912, #2847, #5528 ) ) ;
#5621 = CARTESIAN_POINT ( 'NONE',  ( 225.0000000000505338, 26.26107159832745452, -400.0000000000000000 ) ) ;
#5622 = VECTOR ( 'NONE', #5202, 1000.000000000000000 ) ;
#5623 = CARTESIAN_POINT ( 'NONE',  ( -216.2669506007891016, 39.97322143883150147, -368.3669693365947637 ) ) ;
#5624 = ORIENTED_EDGE ( 'NONE', *, *, #5311, .F. ) ;
#5625 = CARTESIAN_POINT ( 'NONE',  ( 0.000000000000000000, 0.000000000000000000, -134.9949820965277638 ) ) ;
#5626 = CARTESIAN_POINT ( 'NONE',  ( 82.68276373987028194, 25.43830412793194640, 233.9213461746533369 ) ) ;
#5627 = CARTESIAN_POINT ( 'NONE',  ( 23.15288427189092246, 32.51855308108888920, -87.68477533600133711 ) ) ;
#5628 = CARTESIAN_POINT ( 'NONE',  ( -74.50118821454621809, -43.40881032921120664, 294.0012731391500438 ) ) ;
#5629 = DIRECTION ( 'NONE',  ( 0.000000000000000000, 0.000000000000000000, 1.000000000000000000 ) ) ;
#5630 = CARTESIAN_POINT ( 'NONE',  ( -53.06824331602371814, 25.59370160502275837, 27.96835509893360694 ) ) ;
#5631 = EDGE_LOOP ( 'NONE', ( #2508, #1781, #4322 ) ) ;
#5632 = CARTESIAN_POINT ( 'NONE',  ( -80.30844250749123603, -35.97387061538231023, 294.0012731391505554 ) ) ;
#5633 = CARTESIAN_POINT ( 'NONE',  ( -210.3992823328970019, 29.74932816673869951, -376.6432518246144809 ) ) ;
#5634 = CARTESIAN_POINT ( 'NONE',  ( 47.93817274377707349, 48.72351856749629206, 169.2384506742215251 ) ) ;
#5635 = CARTESIAN_POINT ( 'NONE',  ( -26.54018618679151231, 20.67954807674470175, -34.28762652823433399 ) ) ;
#5636 = CARTESIAN_POINT ( 'NONE',  ( 15.02407159107750445, 0.3221694776553313821, -124.9949820965278633 ) ) ;
#5637 = CARTESIAN_POINT ( 'NONE',  ( 0.000000000000000000, 182.4742510694331088, -414.3975106221485589 ) ) ;
#5638 = CARTESIAN_POINT ( 'NONE',  ( 224.9999999999999716, 21.30316413893143590, -375.6952779456201483 ) ) ;
#5639 = CARTESIAN_POINT ( 'NONE',  ( 31.52183515072305653, 4.860836525402530306, -46.53904117984444611 ) ) ;
#5640 = CARTESIAN_POINT ( 'NONE',  ( 29.70128465772868154, 27.54641639629333127, 10.75401870245904234 ) ) ;
#5641 = CARTESIAN_POINT ( 'NONE',  ( 64.58105141431350660, -4.636821819149086643, 402.2845281192506945 ) ) ;
#5642 = CARTESIAN_POINT ( 'NONE',  ( 225.0000000000000853, 35.41302958114774668, -314.3874835024806771 ) ) ;
#5643 = CARTESIAN_POINT ( 'NONE',  ( 225.0000000000000853, 15.45475347431965041, -339.9927544195863902 ) ) ;
#5644 = CARTESIAN_POINT ( 'NONE',  ( 225.0000000000000284, 37.56704513307000326, -341.3925014674265981 ) ) ;
#5645 = CARTESIAN_POINT ( 'NONE',  ( 225.0000000000505338, 26.26107159832745452, 150.0000000000000000 ) ) ;
#5646 = CARTESIAN_POINT ( 'NONE',  ( 37.68943263674618294, 13.04832511911570414, 1.877189074679582292 ) ) ;
#5647 = CARTESIAN_POINT ( 'NONE',  ( -212.9722117818228071, 37.90468138066204062, -395.7016061759122181 ) ) ;
#5648 = VECTOR ( 'NONE', #2957, 1000.000000000000114 ) ;
#5649 = ORIENTED_EDGE ( 'NONE', *, *, #3623, .T. ) ;
#5650 = CARTESIAN_POINT ( 'NONE',  ( 47.87044646322873120, 25.21336000234350649, 23.65758792875784167 ) ) ;
#5651 = CARTESIAN_POINT ( 'NONE',  ( -83.27083753113761588, 24.25591392657383949, 231.3947628225894846 ) ) ;
#5652 = CARTESIAN_POINT ( 'NONE',  ( -6.569066581893659773, 32.51220408181951171, -93.38985022111118894 ) ) ;
#5653 = CARTESIAN_POINT ( 'NONE',  ( -64.74625625904570825, 14.97529088843407763, 106.1228587318994556 ) ) ;
#5654 = DIRECTION ( 'NONE',  ( 0.000000000000000000, 0.000000000000000000, 1.000000000000000000 ) ) ;
#5655 = CARTESIAN_POINT ( 'NONE',  ( -51.56844777245495237, 25.51699269114073232, 27.09414583680235822 ) ) ;
#5656 = ORIENTED_EDGE ( 'NONE', *, *, #5382, .F. ) ;
#5657 = CARTESIAN_POINT ( 'NONE',  ( -54.19096487283805885, -7.988362737976519412, 438.0555349262139089 ) ) ;
#5658 = CARTESIAN_POINT ( 'NONE',  ( -211.4344662518270184, 32.66268616665998792, -397.1904006640782541 ) ) ;
#5659 = CARTESIAN_POINT ( 'NONE',  ( 43.07509876269395477, 42.67109629486180467, 128.1108915748253594 ) ) ;
#5660 = CARTESIAN_POINT ( 'NONE',  ( -32.83662471817542183, 28.28086549807190053, 21.21814277644853064 ) ) ;
#5661 = CARTESIAN_POINT ( 'NONE',  ( 1.076666895633245469, 122.7410755290012077, 294.0012731391495322 ) ) ;
#5662 = CARTESIAN_POINT ( 'NONE',  ( 0.000000000000000000, 182.4742510694331088, -414.3975106221485589 ) ) ;
#5663 = CARTESIAN_POINT ( 'NONE',  ( 675.2960556210268805, 27.82347020582406572, 86.86536471160367512 ) ) ;
#5664 = CARTESIAN_POINT ( 'NONE',  ( -29.89600413749263197, 37.27929653199002757, 438.0555349262136247 ) ) ;
#5665 = CARTESIAN_POINT ( 'NONE',  ( 71.08092007002032631, 24.98064201905696891, 233.7986356324659880 ) ) ;
#5666 = EDGE_CURVE ( 'NONE', #545, #412, #1008, .T. ) ;
#5667 = CARTESIAN_POINT ( 'NONE',  ( 48.67052148925139221, -46.66959812603431601, 106.1228587318996119 ) ) ;
#5668 = CARTESIAN_POINT ( 'NONE',  ( 16.91461675632785244, -78.23127514918844838, 294.0012731391506691 ) ) ;
#5669 = CARTESIAN_POINT ( 'NONE',  ( 225.0000000000000284, 37.96231296909428465, -330.9142997422014787 ) ) ;
#5670 = CARTESIAN_POINT ( 'NONE',  ( 225.0000000000000284, 15.31344276979057462, -338.3094206068314520 ) ) ;
#5671 = CARTESIAN_POINT ( 'NONE',  ( 225.0000000000000284, 35.86393787178671744, -352.0870296979591103 ) ) ;
#5672 = CARTESIAN_POINT ( 'NONE',  ( -960.0000000000000000, 12.52046577657020165, 5.591907114064119000 ) ) ;
#5673 = CARTESIAN_POINT ( 'NONE',  ( -212.2165194938211243, 36.08014835791033903, -304.5591251317686101 ) ) ;
#5674 = DIRECTION ( 'NONE',  ( 0.9999253696604518682, 0.01077266817385216097, 0.005762354538251142355 ) ) ;
#5675 = CARTESIAN_POINT ( 'NONE',  ( 225.0000000000000853, 28.10398552645984793, -394.5435583192115701 ) ) ;
#5676 = ORIENTED_EDGE ( 'NONE', *, *, #2500, .F. ) ;
#5677 = AXIS2_PLACEMENT_3D ( 'NONE', #2947, #5574, #3376 ) ;
#5678 = CARTESIAN_POINT ( 'NONE',  ( 51.99132764561667130, 25.59281287660383342, 27.83992688447153441 ) ) ;
#5679 = CARTESIAN_POINT ( 'NONE',  ( 9.890570309883310429, 15.65184778050423375, -107.6283338710668005 ) ) ;
#5680 = CARTESIAN_POINT ( 'NONE',  ( -59.52750868094574344, 26.54015894482330040, 106.1228587318995977 ) ) ;
#5681 = DIRECTION ( 'NONE',  ( -1.000000000000000000, 0.000000000000000000, 0.000000000000000000 ) ) ;
#5682 = CARTESIAN_POINT ( 'NONE',  ( 0.000000000000000000, 23.59361007357745876, 232.9596657389213021 ) ) ;
#5683 = ORIENTED_EDGE ( 'NONE', *, *, #2595, .F. ) ;
#5684 = CARTESIAN_POINT ( 'NONE',  ( -85.34838380850125361, -28.07473210398099184, 294.0012731391512375 ) ) ;
#5685 = CARTESIAN_POINT ( 'NONE',  ( 39.53947129466534705, 44.67193424136659985, 122.4263916326275563 ) ) ;
#5686 = EDGE_CURVE ( 'NONE', #1752, #4343, #3450, .T. ) ;
#5687 = CARTESIAN_POINT ( 'NONE',  ( -33.04365698419449160, 28.40793857444954540, 22.63757186511179498 ) ) ;
#5688 = CARTESIAN_POINT ( 'NONE',  ( 54.66736536185002393, 96.60009914056531954, 294.0012731391505554 ) ) ;
#5689 = CARTESIAN_POINT ( 'NONE',  ( 0.000000000000000000, 26.50459451475026285, 232.2342902614960565 ) ) ;
#5690 = CARTESIAN_POINT ( 'NONE',  ( 224.9999999999999716, 20.82880497587157365, -372.6888622484359530 ) ) ;
#5691 = CARTESIAN_POINT ( 'NONE',  ( 16.05654612768038092, 61.81127152830421068, 106.1228587318999388 ) ) ;
#5692 = FACE_OUTER_BOUND ( 'NONE', #2941, .T. ) ;
#5693 = CARTESIAN_POINT ( 'NONE',  ( 23.61237958770873746, -22.78428855301396538, -46.53904117984434663 ) ) ;
#5694 = CARTESIAN_POINT ( 'NONE',  ( -21.81324244005827850, -40.75708329559975596, 438.0555349262137383 ) ) ;
#5695 = CARTESIAN_POINT ( 'NONE',  ( 225.0000000000000853, 37.17183472893898255, -323.1149249948274473 ) ) ;
#5696 = CARTESIAN_POINT ( 'NONE',  ( 225.0000000000000853, 15.27974147508421154, -337.8211226658213491 ) ) ;
#5697 = CARTESIAN_POINT ( 'NONE',  ( 225.0000000000000568, 37.43695198944014635, -342.4758693810798036 ) ) ;
#5698 = DIRECTION ( 'NONE',  ( 0.000000000000000000, 0.000000000000000000, -1.000000000000000000 ) ) ;
#5699 = ORIENTED_EDGE ( 'NONE', *, *, #864, .T. ) ;
#5700 = CARTESIAN_POINT ( 'NONE',  ( -215.5624133439612535, 37.92078025588955370, -305.3178560643944479 ) ) ;
#5701 = CARTESIAN_POINT ( 'NONE',  ( -78.12201881955945737, 37.12670592790313151, 237.9161112292839562 ) ) ;
#5702 = CARTESIAN_POINT ( 'NONE',  ( 225.0000000000000000, 25.21456007965545609, -394.9524086421347420 ) ) ;
#5703 = ORIENTED_EDGE ( 'NONE', *, *, #2531, .F. ) ;
#5704 = CIRCLE ( 'NONE', #657, 11.99999999999998224 ) ;
#5705 = CARTESIAN_POINT ( 'NONE',  ( 47.29814998490547140, 25.12863210810415282, 22.67831451590361880 ) ) ;
#5706 = PLANE ( 'NONE',  #836 ) ;
#5707 = CARTESIAN_POINT ( 'NONE',  ( -9.543218621903442056, -52.48438244627485005, 402.2845281192508651 ) ) ;
#5708 = CARTESIAN_POINT ( 'NONE',  ( -73.03655256030289422, 23.45466032703202686, 245.3798775136351935 ) ) ;
#5709 = CARTESIAN_POINT ( 'NONE',  ( -212.8164276972903792, 37.78694634587487400, -396.5734221341143666 ) ) ;
ENDSEC;
END-ISO-10303-21;
