ISO-10303-21;
HEADER;
FILE_DESCRIPTION (( 'STEP AP214' ),
    '1' );
FILE_NAME ('mastermodel.STEP',
    '2025-03-14T16:12:31',
    ( '' ),
    ( '' ),
    'SwSTEP 2.0',
    'SolidWorks 2024',
    '' );
FILE_SCHEMA (( 'AUTOMOTIVE_DESIGN' ));
ENDSEC;

DATA;
#1 = CARTESIAN_POINT ( 'NONE',  ( -4.693575275202045205, 1.035284572653543123, -16.99999999999996092 ) ) ;
#2 = CARTESIAN_POINT ( 'NONE',  ( 0.000000000000000000, -0.2878108085740323507, -0.2739133861431103378 ) ) ;
#3 = CARTESIAN_POINT ( 'NONE',  ( -1.373014292904055189, -0.4034176354197047676, -42.49999999999998579 ) ) ;
#4 = FACE_BOUND ( 'NONE', #1328, .T. ) ;
#5 = EDGE_LOOP ( 'NONE', ( #1049, #2486, #678 ) ) ;
#6 = CARTESIAN_POINT ( 'NONE',  ( -0.000000000000000000, 1.014778565044192948, -19.61798190963185107 ) ) ;
#7 = CARTESIAN_POINT ( 'NONE',  ( -1.499890687059611816, -0.01474718157750395421, -30.53266323400470483 ) ) ;
#8 = DIRECTION ( 'NONE',  ( 0.000000000000000000, 0.000000000000000000, 1.000000000000000000 ) ) ;
#9 = ADVANCED_FACE ( 'NONE', ( #1885 ), #1695, .T. ) ;
#10 = PRESENTATION_STYLE_ASSIGNMENT (( #1907 ) ) ;
#11 = CARTESIAN_POINT ( 'NONE',  ( 4.984586973297943757, 0.2353572401806297842, -17.00000000000000711 ) ) ;
#12 = CARTESIAN_POINT ( 'NONE',  ( -2.315218320178252576, -0.9820035808656389920, -7.794935118243097705 ) ) ;
#13 = CARTESIAN_POINT ( 'NONE',  ( -0.000000000000000000, -0.3720858753608511371, -0.4887929111005407390 ) ) ;
#14 = B_SPLINE_CURVE_WITH_KNOTS ( 'NONE', 3,
 ( #851, #665, #2196, #1252, #1107, #336, #1487, #135, #2448, #1287, #544, #1621, #2054, #349, #889, #122, #690, #1868, #2030, #1071, #1644, #2247, #702, #490, #1275, #902, #1095, #164, #2236, #2224, #2044, #2018, #529, #1822, #2396, #324, #1082, #311, #2212, #517, #300, #109, #1844, #1658 ),
 .UNSPECIFIED., .F., .F.,
 ( 4, 1, 1, 1, 1, 1, 1, 1, 1, 1, 1, 1, 1, 1, 1, 1, 1, 1, 1, 1, 1, 1, 1, 1, 1, 1, 1, 1, 1, 2, 1, 1, 1, 1, 1, 1, 1, 1, 1, 1, 4 ),
 ( 0.000000000000000000, 0.05946713694594434052, 0.08920070541891650384, 0.1189342738918886810, 0.1486678423648608305, 0.1784014108378330077, 0.2081349793108051294, 0.2378685477837773621, 0.2676021162567494005, 0.2973356847297216610, 0.3270692532026938104, 0.3419360374391797741, 0.3568028216756660154, 0.3716696059121520901, 0.3791029980303949887, 0.3865363901486382203, 0.3939697822668812299, 0.4014031743851242395, 0.4088365665033672491, 0.4162699586216104253, 0.4237033507398534349, 0.4311367428580963890, 0.4385701349763394541, 0.4460035270945825192, 0.4534369192128254733, 0.4571536152719470891, 0.4608703113310685939, 0.4683037034493116035, 0.4720203995084332194, 0.4757370955675547242, 0.5085035270945825747, 0.5412699586216104253, 0.5740363901486381648, 0.6068028216756660154, 0.6395692532026939769, 0.6723356847297217165, 0.7378685477837771955, 0.8034014108378328967, 0.8689342738918885978, 0.9344671369459442989, 1.000000000000000000 ),
 .UNSPECIFIED. ) ;
#15 = CARTESIAN_POINT ( 'NONE',  ( -4.551147909342446063, 1.244438435645148777, -17.00000000000004263 ) ) ;
#16 = CARTESIAN_POINT ( 'NONE',  ( -1.326362556006440263, 0.4714132014826352135, -42.49999999999992895 ) ) ;
#17 = CARTESIAN_POINT ( 'NONE',  ( 0.000000000000000000, 1.439593008670458474, -1.919053465475974773 ) ) ;
#18 = CARTESIAN_POINT ( 'NONE',  ( 0.04741179926227783586, 3.000000000000000444, -16.81702292556797573 ) ) ;
#19 = ORIENTED_EDGE ( 'NONE', *, *, #2074, .F. ) ;
#20 = CARTESIAN_POINT ( 'NONE',  ( -0.000000000000000000, 1.103567410072733512, -18.59641363022978311 ) ) ;
#21 = CARTESIAN_POINT ( 'NONE',  ( -1.499890687059615813, -0.01474718157750385360, -42.50000000000000000 ) ) ;
#22 = CARTESIAN_POINT ( 'NONE',  ( -0.000000000000000000, 0.007953250413234523239, -13.62531101305464176 ) ) ;
#23 = CARTESIAN_POINT ( 'NONE',  ( 0.000000000000000000, 3.000000000000000444, -16.81702292556797573 ) ) ;
#24 = CARTESIAN_POINT ( 'NONE',  ( -0.000000000000000000, 0.3679755215216589104, -11.92994996508774186 ) ) ;
#25 =( CONVERSION_BASED_UNIT ( 'INCH', #2218 ) LENGTH_UNIT ( ) NAMED_UNIT ( #2213 ) );
#26 = CARTESIAN_POINT ( 'NONE',  ( -0.000000000000000000, -0.5086798029333445825, -1.010232484287715504 ) ) ;
#27 = CARTESIAN_POINT ( 'NONE',  ( -4.951739099174833569, -0.1401540970855187640, -17.00000000000001066 ) ) ;
#28 = VECTOR ( 'NONE', #914, 39.37007874015748854 ) ;
#29 = VECTOR ( 'NONE', #2091, 39.37007874015748143 ) ;
#30 = CARTESIAN_POINT ( 'NONE',  ( 0.000000000000000000, 2.646635231566404567, -9.311394566557501307 ) ) ;
#31 = CARTESIAN_POINT ( 'NONE',  ( 0.000000000000000000, 2.733871691145203009, -10.41091953868990494 ) ) ;
#32 = CARTESIAN_POINT ( 'NONE',  ( 0.000000000000000000, 1.158452499533254354, -1.175332908289907108 ) ) ;
#33 = CARTESIAN_POINT ( 'NONE',  ( -0.000000000000000000, 1.225136787815376493, -16.61567255543832289 ) ) ;
#34 = CARTESIAN_POINT ( 'NONE',  ( -4.868243622386855485, -0.2295148313337402601, -17.00000000000002132 ) ) ;
#35 = CARTESIAN_POINT ( 'NONE',  ( 4.996855251936172415, -0.04319899997878617892, -23.26168074826393450 ) ) ;
#36 = CARTESIAN_POINT ( 'NONE',  ( 0.000000000000000000, 0.000000000000000000, -14.00000000000000000 ) ) ;
#37 = CARTESIAN_POINT ( 'NONE',  ( -1.539769661204935414, 2.857530136666723841, -15.48371707073105519 ) ) ;
#38 = CARTESIAN_POINT ( 'NONE',  ( -0.000000000000000000, 0.2974532786356282599, -12.06311324826792664 ) ) ;
#39 = CARTESIAN_POINT ( 'NONE',  ( -1.281712559406312790, -0.9673443211213563764, -22.19392303966230173 ) ) ;
#40 = CARTESIAN_POINT ( 'NONE',  ( 4.481718907524320450, -0.4438524764689351088, -12.10101467911498929 ) ) ;
#41 = CARTESIAN_POINT ( 'NONE',  ( -4.893994097108457453, -0.2055844900781221563, -17.00000000000002132 ) ) ;
#42 = CARTESIAN_POINT ( 'NONE',  ( 5.604755547934115789, 3.696028755697608137, -43.50000000000000000 ) ) ;
#43 = CARTESIAN_POINT ( 'NONE',  ( 3.520412372711535287, 2.131886982060646307, -16.99999999999999645 ) ) ;
#44 = ORIENTED_EDGE ( 'NONE', *, *, #1057, .F. ) ;
#45 = CARTESIAN_POINT ( 'NONE',  ( -4.952966598878577820, 0.4124564580515904799, -17.00000000000001776 ) ) ;
#46 = CARTESIAN_POINT ( 'NONE',  ( 0.000000000000000000, 1.200791429264613797, -17.13465737151392076 ) ) ;
#47 = CARTESIAN_POINT ( 'NONE',  ( 0.4822262244064527414, 0.9517998921818374702, -42.49999999999993605 ) ) ;
#48 = CARTESIAN_POINT ( 'NONE',  ( 0.9716718043999178489, -0.7637811388722062222, -42.50000000000000711 ) ) ;
#49 = CARTESIAN_POINT ( 'NONE',  ( 0.000000000000000000, 2.356947671906570729, -6.560959595839270797 ) ) ;
#50 = CARTESIAN_POINT ( 'NONE',  ( 4.400757325586016400, -0.4751027534935053365, -12.19175122620265839 ) ) ;
#51 = CARTESIAN_POINT ( 'NONE',  ( -4.998516503244523790, 0.07540960326686733939, -16.99999999999999289 ) ) ;
#52 = LINE ( 'NONE', #1746, #721 ) ;
#53 = CARTESIAN_POINT ( 'NONE',  ( -0.08076380047401290896, 1.000000000000000000, -42.50000000000000000 ) ) ;
#54 = CARTESIAN_POINT ( 'NONE',  ( 0.000000000000000000, 3.000000000000000444, -16.81702292556797573 ) ) ;
#55 = CARTESIAN_POINT ( 'NONE',  ( 0.000000000000000000, 1.439593008670458474, -1.919053465475974773 ) ) ;
#56 = ORIENTED_EDGE ( 'NONE', *, *, #1951, .T. ) ;
#57 = CARTESIAN_POINT ( 'NONE',  ( 0.000000000000000000, 0.8771988159392433149, -0.6348504921941225954 ) ) ;
#58 = CARTESIAN_POINT ( 'NONE',  ( 0.000000000000000000, 1.252695906271869886, -15.63955533140025089 ) ) ;
#59 = FACE_OUTER_BOUND ( 'NONE', #864, .T. ) ;
#60 = CARTESIAN_POINT ( 'NONE',  ( 0.3791412976325361783, -0.9688056535667064484, -33.31721712804002067 ) ) ;
#61 = CARTESIAN_POINT ( 'NONE',  ( -0.4516862250229565223, 2.989503054816244010, -16.55760522283796377 ) ) ;
#62 = CYLINDRICAL_SURFACE ( 'NONE', #1397, 0.6889763779521065334 ) ;
#63 = CARTESIAN_POINT ( 'NONE',  ( 3.916788925078595440, -0.5805538350720303997, -1.400511057881878907 ) ) ;
#64 = CARTESIAN_POINT ( 'NONE',  ( -4.481718907524666839, -0.4438524764687126201, -16.99999999999991473 ) ) ;
#65 = FACE_OUTER_BOUND ( 'NONE', #596, .T. ) ;
#66 = CARTESIAN_POINT ( 'NONE',  ( -28.00000000000000000, -0.005821613887625817253, -19.46728963045352501 ) ) ;
#67 = CARTESIAN_POINT ( 'NONE',  ( -1.476789394375939368, -0.1760402283865966921, -42.49999999999998579 ) ) ;
#68 = CARTESIAN_POINT ( 'NONE',  ( 4.625398993860929231, 1.141788119117726152, -11.94898616817332204 ) ) ;
#69 = MECHANICAL_DESIGN_GEOMETRIC_PRESENTATION_REPRESENTATION (  '', ( #1515 ), #2242 ) ;
#70 = ORIENTED_EDGE ( 'NONE', *, *, #163, .F. ) ;
#71 = CARTESIAN_POINT ( 'NONE',  ( 0.000000000000000000, 0.6168991959751968235, -0.3018589953099787282 ) ) ;
#72 = STYLED_ITEM ( 'NONE', ( #1773 ), #2035 ) ;
#73 = CARTESIAN_POINT ( 'NONE',  ( 0.000000000000000000, 1.236192251306788004, -16.31829949404474434 ) ) ;
#74 = CARTESIAN_POINT ( 'NONE',  ( -4.853726600439864924, 0.7511061176704409981, -16.99999999999998224 ) ) ;
#75 = SURFACE_STYLE_FILL_AREA ( #1193 ) ;
#76 = CARTESIAN_POINT ( 'NONE',  ( -0.2422917796673222102, 0.9913307927955331555, -42.50000000000004974 ) ) ;
#77 = DIRECTION ( 'NONE',  ( 1.312121570515020721E-17, -1.000000000000000000, 0.000000000000000000 ) ) ;
#78 = CARTESIAN_POINT ( 'NONE',  ( -2.654541362091609180, 2.546574709826593619, -16.99999999999998224 ) ) ;
#79 = EDGE_CURVE ( 'NONE', #2249, #618, #1373, .T. ) ;
#80 = CARTESIAN_POINT ( 'NONE',  ( -10.00951109586823229, 7.392057511395216274, -45.00000000000000000 ) ) ;
#81 = CARTESIAN_POINT ( 'NONE',  ( 4.400757325589244928, -0.4751027534923534246, -17.00000000000006395 ) ) ;
#82 = CARTESIAN_POINT ( 'NONE',  ( -0.7168974980580520295, 0.8841340953034259043, -28.23066822708704748 ) ) ;
#83 = DIRECTION ( 'NONE',  ( 0.000000000000000000, 0.000000000000000000, -1.000000000000000000 ) ) ;
#84 = ORIENTED_EDGE ( 'NONE', *, *, #786, .F. ) ;
#85 = CARTESIAN_POINT ( 'NONE',  ( 28.00000000000000000, 1.787763642392416585, -19.44768880900623031 ) ) ;
#86 = CARTESIAN_POINT ( 'NONE',  ( 0.000000000000000000, -0.1467618487982143838, -0.06561341721281854777 ) ) ;
#87 = CARTESIAN_POINT ( 'NONE',  ( -1.491500756324734001, 0.1295303839278837688, -42.50000000000001421 ) ) ;
#88 = CARTESIAN_POINT ( 'NONE',  ( 4.667987110103672954, 1.093983691032113015, -17.00000000000000000 ) ) ;
#89 = CARTESIAN_POINT ( 'NONE',  ( 9.184850993605147944E-16, -1.000000000000000000, -17.00000000000000000 ) ) ;
#90 = CARTESIAN_POINT ( 'NONE',  ( 1.344090381382304189, -0.4450491928405956865, -31.38522470936607434 ) ) ;
#91 = CARTESIAN_POINT ( 'NONE',  ( 0.000000000000000000, 1.824190891257946312, -3.360442954848546826 ) ) ;
#92 = LINE ( 'NONE', #106, #479 ) ;
#93 = EDGE_CURVE ( 'NONE', #1724, #704, #1360, .T. ) ;
#94 = CARTESIAN_POINT ( 'NONE',  ( 3.735927659638938358, -0.6647764261747203252, -12.92231110407539596 ) ) ;
#95 = CARTESIAN_POINT ( 'NONE',  ( 28.00000000000000000, 0.000000000000000000, -26.00000000000000355 ) ) ;
#96 = CARTESIAN_POINT ( 'NONE',  ( -4.070943249476221659, -0.5808343981452819271, -12.55616535897488717 ) ) ;
#97 = DIRECTION ( 'NONE',  ( 0.000000000000000000, 0.000000000000000000, 1.000000000000000000 ) ) ;
#98 = CARTESIAN_POINT ( 'NONE',  ( -5.604755547934115789, 3.696028755697608137, -39.00000000000000000 ) ) ;
#99 = ORIENTED_EDGE ( 'NONE', *, *, #880, .F. ) ;
#100 = CARTESIAN_POINT ( 'NONE',  ( -4.951739099174833569, -0.1401540970855187640, -17.00000000000001066 ) ) ;
#101 = CARTESIAN_POINT ( 'NONE',  ( -0.000000000000000000, 0.7650539138491528890, -21.92228951850571050 ) ) ;
#102 = CARTESIAN_POINT ( 'NONE',  ( 10.00951109586823229, 7.392057511395216274, -45.00000000000000000 ) ) ;
#103 = CARTESIAN_POINT ( 'NONE',  ( -9.184850993605147944E-16, -1.000000000000000000, -17.00000000000000000 ) ) ;
#104 = CARTESIAN_POINT ( 'NONE',  ( -4.693575275201101960, 1.035284572655090551, -11.82928517709777694 ) ) ;
#105 = CARTESIAN_POINT ( 'NONE',  ( -0.000000000000000000, -0.06575736241383074721, -0.008619413769239019085 ) ) ;
#106 = CARTESIAN_POINT ( 'NONE',  ( -0.6889763779521065334, 8.437527159471842617E-17, -44.01574803149572546 ) ) ;
#107 = CARTESIAN_POINT ( 'NONE',  ( 3.735927659638580867, -0.6647764261747907133, -16.99999999999997158 ) ) ;
#108 = CARTESIAN_POINT ( 'NONE',  ( -3.821102094278799211, -0.6389155647953508321, -1.793564675080913773 ) ) ;
#109 = CARTESIAN_POINT ( 'NONE',  ( 0.2422917796673222102, 0.9913307927955331555, -42.50000000000004974 ) ) ;
#110 = DIRECTION ( 'NONE',  ( 1.000000000000000000, 0.000000000000000000, -0.000000000000000000 ) ) ;
#111 = VERTEX_POINT ( 'NONE', #2109 ) ;
#112 = CLOSED_SHELL ( 'NONE', ( #254, #711, #1667, #225, #1244, #2287, #1382 ) ) ;
#113 = CARTESIAN_POINT ( 'NONE',  ( -4.109912179719453107, -0.3857423641127137870, -0.5306096410528629015 ) ) ;
#114 = PRESENTATION_LAYER_ASSIGNMENT (  '', '', ( #1592 ) ) ;
#115 = AXIS2_PLACEMENT_3D ( 'NONE', #410, #1953, #1160 ) ;
#116 = CARTESIAN_POINT ( 'NONE',  ( 0.000000000000000000, -1.000000000000000222, -16.99999999999997158 ) ) ;
#117 = CARTESIAN_POINT ( 'NONE',  ( 4.431915328394418374, -0.4633705935428318323, -17.00000000000003197 ) ) ;
#118 = CARTESIAN_POINT ( 'NONE',  ( -0.000000000000000000, 0.03386901207016562027, -13.24391473222594406 ) ) ;
#119 = CARTESIAN_POINT ( 'NONE',  ( -0.000000000000000000, -0.9703298802463813377, -7.256982549166410834 ) ) ;
#120 = CARTESIAN_POINT ( 'NONE',  ( 2.809591195290875643, 2.284415941472057732, -6.010960228858891696 ) ) ;
#121 = CARTESIAN_POINT ( 'NONE',  ( 0.000000000000000000, 1.220831258031231936, -16.71694421842660461 ) ) ;
#122 = CARTESIAN_POINT ( 'NONE',  ( 1.394317762300446573, -0.3690631442427906861, -42.49999999999997868 ) ) ;
#123 = CARTESIAN_POINT ( 'NONE',  ( -28.00000000000000000, 0.000000000000000000, -26.00000000000000355 ) ) ;
#124 = CARTESIAN_POINT ( 'NONE',  ( -1.489769270014304814, -0.1178622971980566453, -42.49999999999997158 ) ) ;
#125 = VERTEX_POINT ( 'NONE', #1558 ) ;
#126 = CARTESIAN_POINT ( 'NONE',  ( -4.991702228752076920, -0.06248032916846896906, -11.43343039147993601 ) ) ;
#127 = CARTESIAN_POINT ( 'NONE',  ( -0.000000000000000000, 0.5924188788632372971, -23.27361912840375169 ) ) ;
#128 = CARTESIAN_POINT ( 'NONE',  ( -3.490373944487823454, -0.7171822910863820955, -22.79372079896551284 ) ) ;
#129 = CARTESIAN_POINT ( 'NONE',  ( -0.4822262244064527414, 0.9517998921818374702, -42.49999999999993605 ) ) ;
#130 = CARTESIAN_POINT ( 'NONE',  ( 0.000000000000000000, 0.1117852643293641840, -12.68930175062378218 ) ) ;
#131 = CARTESIAN_POINT ( 'NONE',  ( -0.000000000000000000, -0.9565038153281982813, -6.719668938052777207 ) ) ;
#132 = CARTESIAN_POINT ( 'NONE',  ( 4.625398993861614905, 1.141788119116746270, -17.00000000000000000 ) ) ;
#133 = CARTESIAN_POINT ( 'NONE',  ( 0.000000000000000000, 1.066801120766881050, -12.61459078595006567 ) ) ;
#134 = CARTESIAN_POINT ( 'NONE',  ( 0.000000000000000000, -0.8259988769615455029, -3.778526268393984200 ) ) ;
#135 = CARTESIAN_POINT ( 'NONE',  ( 0.8603802722476463494, -0.8208840737600829884, -42.49999999999998579 ) ) ;
#136 = CARTESIAN_POINT ( 'NONE',  ( 4.352550580498808053, -0.4925034915519493350, -16.99999999999999289 ) ) ;
#137 = ORIENTED_EDGE ( 'NONE', *, *, #1999, .F. ) ;
#138 = CARTESIAN_POINT ( 'NONE',  ( -3.885169654542995676, -0.6012584479101691359, -1.531284289178709068 ) ) ;
#139 = CARTESIAN_POINT ( 'NONE',  ( -3.539277227844308982, -0.7066751016655605788, -17.00000000000000711 ) ) ;
#140 = CARTESIAN_POINT ( 'NONE',  ( -0.000000000000000000, 0.4080718253945633811, -24.59418922845427602 ) ) ;
#141 = CARTESIAN_POINT ( 'NONE',  ( -1.306080392171994120, -0.4927514192638647317, -31.49436161117782618 ) ) ;
#142 = CARTESIAN_POINT ( 'NONE',  ( 4.811763095965809534, -0.2733866468416010220, -16.99999999999995737 ) ) ;
#143 = CARTESIAN_POINT ( 'NONE',  ( -0.000000000000000000, 0.06613174829095219698, -12.96554923650275093 ) ) ;
#144 = CARTESIAN_POINT ( 'NONE',  ( 3.903862137560705659, -0.6250053328556882670, -17.00000000000001776 ) ) ;
#145 = CARTESIAN_POINT ( 'NONE',  ( 2.945058696569637480, 2.205543681844515547, -5.461199791152905547 ) ) ;
#146 = CARTESIAN_POINT ( 'NONE',  ( 0.000000000000000000, 1.227845987155162355, -14.03862951597834652 ) ) ;
#147 = CARTESIAN_POINT ( 'NONE',  ( -3.819984457204271600, -0.6453961099317999661, -17.00000000000000000 ) ) ;
#148 = LINE ( 'NONE', #2410, #28 ) ;
#149 = CARTESIAN_POINT ( 'NONE',  ( 4.192454321337493184, -0.5451809729877611366, -17.00000000000000000 ) ) ;
#150 = ORIENTED_EDGE ( 'NONE', *, *, #2417, .F. ) ;
#151 = CARTESIAN_POINT ( 'NONE',  ( 0.000000000000000000, -0.4805289292544994706, -0.8810896319428145329 ) ) ;
#152 = CARTESIAN_POINT ( 'NONE',  ( -1.700131775689074365, -0.9413416835967466367, -17.00000000000003553 ) ) ;
#153 = CARTESIAN_POINT ( 'NONE',  ( 0.000000000000000000, 0.2353522104895232891, -25.75213017374863611 ) ) ;
#154 = CARTESIAN_POINT ( 'NONE',  ( -4.431915328394418374, -0.4633705935428319433, -23.06282780795301335 ) ) ;
#155 = CARTESIAN_POINT ( 'NONE',  ( 1.495966592808400941, -0.07376339055747931084, -30.64144957940108682 ) ) ;
#156 = CLOSED_SHELL ( 'NONE', ( #2217, #9, #1468, #1903, #2201 ) ) ;
#157 = CARTESIAN_POINT ( 'NONE',  ( -1.241818196724794987, 0.5642491959185330641, -42.49999999999997868 ) ) ;
#158 = AXIS2_PLACEMENT_3D ( 'NONE', #2098, #1659, #926 ) ;
#159 = CARTESIAN_POINT ( 'NONE',  ( -0.000000000000000000, 0.01784177927374936204, -13.44443520385507718 ) ) ;
#160 = CARTESIAN_POINT ( 'NONE',  ( 4.168564078013485386, 0.4802502960085778816, -0.1728902592297870133 ) ) ;
#161 = CARTESIAN_POINT ( 'NONE',  ( -0.000000000000000000, 1.230634245780981795, -14.09405021329890673 ) ) ;
#162 = CARTESIAN_POINT ( 'NONE',  ( -2.380265308824009107, -0.8805447255184928324, -14.39753824322625420 ) ) ;
#163 = EDGE_CURVE ( 'NONE', #927, #1109, #2447, .T. ) ;
#164 = CARTESIAN_POINT ( 'NONE',  ( 1.497926778000247872, -0.05410716957436902813, -42.49999999999997868 ) ) ;
#165 = FACE_OUTER_BOUND ( 'NONE', #645, .T. ) ;
#166 = ORIENTED_EDGE ( 'NONE', *, *, #163, .T. ) ;
#167 = CARTESIAN_POINT ( 'NONE',  ( -4.667987110103672954, 1.093983691032113015, -17.00000000000000000 ) ) ;
#168 = CARTESIAN_POINT ( 'NONE',  ( 1.580481662973754058E-15, -1.000000000000000222, -16.99999999999999289 ) ) ;
#169 = CARTESIAN_POINT ( 'NONE',  ( 14.00000000000000000, 0.000000000000000000, -26.00000000000000000 ) ) ;
#170 = CARTESIAN_POINT ( 'NONE',  ( -0.000000000000000000, 1.167001452013260998, -17.71290663352250050 ) ) ;
#171 = CARTESIAN_POINT ( 'NONE',  ( -2.894845122780452584, -0.8166367801241005697, -22.62930117088899706 ) ) ;
#172 = CARTESIAN_POINT ( 'NONE',  ( 1.448147997414926502, -0.2611871707616383320, -42.50000000000000000 ) ) ;
#173 = CARTESIAN_POINT ( 'NONE',  ( -0.000000000000000000, 0.1000887813369733675, -12.75128860039615475 ) ) ;
#174 = CARTESIAN_POINT ( 'NONE',  ( 0.000000000000000000, 0.6168991959751968235, -0.3018589953099787282 ) ) ;
#175 = CARTESIAN_POINT ( 'NONE',  ( 0.000000000000000000, 0.000000000000000000, -26.00000000000000000 ) ) ;
#176 = CARTESIAN_POINT ( 'NONE',  ( -4.158470910018783329, -0.2878108085740323507, -0.2739133861431103378 ) ) ;
#177 = CARTESIAN_POINT ( 'NONE',  ( -0.000000000000000000, 1.242073799735732731, -14.36447076829516512 ) ) ;
#178 = CARTESIAN_POINT ( 'NONE',  ( -3.539277227844853879, -0.7066751016654408968, -13.13649336537220691 ) ) ;
#179 = CARTESIAN_POINT ( 'NONE',  ( 5.000035008234274159, 0.002526046968012150579, -11.37104750519523755 ) ) ;
#180 = CARTESIAN_POINT ( 'NONE',  ( 2.894845122780451696, -0.8166367801241005697, -17.00000000000000000 ) ) ;
#181 = ORIENTED_EDGE ( 'NONE', *, *, #1247, .T. ) ;
#182 = CARTESIAN_POINT ( 'NONE',  ( 0.000000000000000000, 0.3214352443238209789, -0.06809230858926101915 ) ) ;
#183 = FACE_OUTER_BOUND ( 'NONE', #2068, .T. ) ;
#184 = CARTESIAN_POINT ( 'NONE',  ( -0.000000000000000000, 0.8667522630108771553, -21.05120751036986348 ) ) ;
#185 = CARTESIAN_POINT ( 'NONE',  ( -0.000000000000000000, 0.008761588163862764345, -13.60700066504258210 ) ) ;
#186 = CARTESIAN_POINT ( 'NONE',  ( -4.572961502667136933E-15, -0.9999999999999998890, -42.50000000000000000 ) ) ;
#187 = PLANE ( 'NONE',  #2365 ) ;
#188 = CARTESIAN_POINT ( 'NONE',  ( -4.999441446436190262, 0.04625705447602835446, -16.99999999999999289 ) ) ;
#189 = CARTESIAN_POINT ( 'NONE',  ( -0.000000000000000000, 1.075427373395728470, -12.65753718247606763 ) ) ;
#190 = CARTESIAN_POINT ( 'NONE',  ( 0.000000000000000000, -0.9703298802463813377, -7.256982549166410834 ) ) ;
#191 = CARTESIAN_POINT ( 'NONE',  ( 4.991617500727711487, 0.1736750940554905309, -17.00000000000000711 ) ) ;
#192 = CARTESIAN_POINT ( 'NONE',  ( 3.707010289721679452, -0.6716435071551950520, -17.00000000000001066 ) ) ;
#193 = ORIENTED_EDGE ( 'NONE', *, *, #1247, .F. ) ;
#194 = CARTESIAN_POINT ( 'NONE',  ( 0.000000000000000000, -0.6206641212005495900, -1.662313511265054000 ) ) ;
#195 = PLANE ( 'NONE',  #754 ) ;
#196 = ADVANCED_FACE ( 'NONE', ( #183 ), #1685, .F. ) ;
#197 = CARTESIAN_POINT ( 'NONE',  ( -0.000000000000000000, 0.9855417176356767728, -19.92267631731122890 ) ) ;
#198 = CARTESIAN_POINT ( 'NONE',  ( 10.00951109586823407, 7.392057511395214497, -42.00000000000000000 ) ) ;
#199 = AXIS2_PLACEMENT_3D ( 'NONE', #232, #584, #1017 ) ;
#200 = LENGTH_MEASURE_WITH_UNIT ( LENGTH_MEASURE( 0.02539999999999999897 ), #1531 );
#201 = CARTESIAN_POINT ( 'NONE',  ( 4.981510850082620401, 0.2581408897519881229, -17.00000000000000711 ) ) ;
#202 = CIRCLE ( 'NONE', #1073, 0.09842519685039370636 ) ;
#203 = CARTESIAN_POINT ( 'NONE',  ( 0.000000000000000000, 0.9560452182618486283, -12.19266822722551247 ) ) ;
#204 = CARTESIAN_POINT ( 'NONE',  ( -0.3966394490488105440, -0.9973035116644789477, -16.56555968748443419 ) ) ;
#205 = CARTESIAN_POINT ( 'NONE',  ( 4.995057487437452259, 0.1336740686578115067, -11.25262162048104209 ) ) ;
#206 = APPLICATION_PROTOCOL_DEFINITION ( 'draft international standard', 'automotive_design', 1998, #2190 ) ;
#207 = CARTESIAN_POINT ( 'NONE',  ( -3.683054583722464415, 2.030581737118792418, -16.99999999999999289 ) ) ;
#208 = CARTESIAN_POINT ( 'NONE',  ( 0.000000000000000000, -0.4237904803647084551, -0.6570112486012418263 ) ) ;
#209 = CARTESIAN_POINT ( 'NONE',  ( 0.8526579789337529469, 2.922343199453087514, -13.70654662507891608 ) ) ;
#210 = ADVANCED_FACE ( 'NONE', ( #2086 ), #195, .T. ) ;
#211 = CARTESIAN_POINT ( 'NONE',  ( -28.00000000000000000, 3.673940397442057403E-16, -22.00000000000000355 ) ) ;
#212 = CARTESIAN_POINT ( 'NONE',  ( 0.1699872508843751628, -0.9996161910187383315, -16.81381024232689114 ) ) ;
#213 = CARTESIAN_POINT ( 'NONE',  ( 0.000000000000000000, 0.1412031403773056359, -0.009856984075232087111 ) ) ;
#214 = CARTESIAN_POINT ( 'NONE',  ( -0.05666245508687169086, -1.000000000000000000, -17.00000000000000000 ) ) ;
#215 = CARTESIAN_POINT ( 'NONE',  ( 4.999441446436190262, 0.04625705447602835446, -16.99999999999999289 ) ) ;
#216 = APPLICATION_PROTOCOL_DEFINITION ( 'draft international standard', 'automotive_design', 1998, #1889 ) ;
#217 = CARTESIAN_POINT ( 'NONE',  ( -5.604755547934115789, 3.696028755697608137, -43.50000000000000000 ) ) ;
#218 = FILL_AREA_STYLE ('',( #630 ) ) ;
#219 = CARTESIAN_POINT ( 'NONE',  ( 0.000000000000000000, 3.000000000000000444, -17.00000000000000000 ) ) ;
#220 = ORIENTED_EDGE ( 'NONE', *, *, #2154, .T. ) ;
#221 = CARTESIAN_POINT ( 'NONE',  ( 0.000000000000000000, 1.104187498189911354, -18.58857853920969916 ) ) ;
#222 = CARTESIAN_POINT ( 'NONE',  ( 1.499999999999998668, -0.004913940794867761343, -42.50000000000000000 ) ) ;
#223 = CARTESIAN_POINT ( 'NONE',  ( -10.00951109586823229, 7.392057511395216274, -45.00000000000000000 ) ) ;
#224 = CARTESIAN_POINT ( 'NONE',  ( -3.993627284703062497, 1.807134072676432668, -12.84133175597171217 ) ) ;
#225 = ADVANCED_FACE ( 'NONE', ( #4, #1723 ), #1928, .T. ) ;
#226 = CARTESIAN_POINT ( 'NONE',  ( -1.581574132461189386, -0.4547423432016396427, -36.00000000000000000 ) ) ;
#227 = CARTESIAN_POINT ( 'NONE',  ( 0.000000000000000000, 0.8315594053414211428, -11.91276318441213533 ) ) ;
#228 = CARTESIAN_POINT ( 'NONE',  ( -0.9608547297678988741, -0.9820882749485965180, -22.10864154602640497 ) ) ;
#229 = CARTESIAN_POINT ( 'NONE',  ( -0.000000000000000000, -0.5345099757846247801, -1.139918272079017525 ) ) ;
#230 = CARTESIAN_POINT ( 'NONE',  ( -4.991702228754530068, -0.06248032915422193495, -17.00000000000001066 ) ) ;
#231 = CARTESIAN_POINT ( 'NONE',  ( 0.000000000000000000, 1.249857830344573317, -1.390923807459694572 ) ) ;
#232 = CARTESIAN_POINT ( 'NONE',  ( 0.000000000000000000, 0.000000000000000000, -44.68503937007839966 ) ) ;
#233 = EDGE_LOOP ( 'NONE', ( #1646, #1682, #1845, #827 ) ) ;
#234 = CARTESIAN_POINT ( 'NONE',  ( 0.000000000000000000, 0.3214352443238209789, -0.06809230858926101915 ) ) ;
#235 = CARTESIAN_POINT ( 'NONE',  ( -0.000000000000000000, 1.252640558316376884, -15.64333985675503236 ) ) ;
#236 = CARTESIAN_POINT ( 'NONE',  ( 9.749565576413068868, 7.701848518084674744, -42.00000000000000000 ) ) ;
#237 = CARTESIAN_POINT ( 'NONE',  ( -0.04741179926227783586, 3.000000000000000444, -16.81702292556797573 ) ) ;
#238 = DIRECTION ( 'NONE',  ( 0.000000000000000000, -6.123233995736758640E-17, -1.000000000000000000 ) ) ;
#239 = CARTESIAN_POINT ( 'NONE',  ( -0.6253129059279424196, -0.9104041722114943891, -42.49999999999997868 ) ) ;
#240 = CARTESIAN_POINT ( 'NONE',  ( 4.754559971693449683, -0.3097741240717875599, -17.00000000000000711 ) ) ;
#241 = CARTESIAN_POINT ( 'NONE',  ( -4.999927771431977419, -0.008402744818462842824, -17.00000000000002842 ) ) ;
#242 = PRESENTATION_LAYER_ASSIGNMENT (  '', '', ( #1865 ) ) ;
#243 = AXIS2_PLACEMENT_3D ( 'NONE', #1140, #1819, #1804 ) ;
#244 = CARTESIAN_POINT ( 'NONE',  ( 0.1936418181119742288, 2.998504073855911667, -16.81039297193793658 ) ) ;
#245 = EDGE_LOOP ( 'NONE', ( #1288, #1763, #2099, #1538 ) ) ;
#246 = CARTESIAN_POINT ( 'NONE',  ( -4.025629088496240016, 0.9939379925722885423, -0.8384731343389765224 ) ) ;
#247 = CARTESIAN_POINT ( 'NONE',  ( -0.000000000000000000, 1.195964489343727122, -17.22399156754476124 ) ) ;
#248 = CARTESIAN_POINT ( 'NONE',  ( 0.08076380047401290896, 1.000000000000000000, -42.50000000000000000 ) ) ;
#249 = CARTESIAN_POINT ( 'NONE',  ( 0.7445917667907638871, -0.8696543738919659816, -32.67953995009966661 ) ) ;
#250 = CARTESIAN_POINT ( 'NONE',  ( -3.520412372711535287, 2.131886982060646307, -16.99999999999999645 ) ) ;
#251 = CARTESIAN_POINT ( 'NONE',  ( -0.000000000000000000, 0.8919057271870824977, -12.02989116396965308 ) ) ;
#252 = CARTESIAN_POINT ( 'NONE',  ( 3.978767711660889717, -0.5345099757846247801, -1.139918272079017303 ) ) ;
#253 = CARTESIAN_POINT ( 'NONE',  ( -0.4516862250229732867, 2.989503054816243566, -16.99999999999999289 ) ) ;
#254 = ADVANCED_FACE ( 'NONE', ( #1537 ), #814, .T. ) ;
#255 =( NAMED_UNIT ( * ) PLANE_ANGLE_UNIT ( ) SI_UNIT ( $, .RADIAN. ) );
#256 = CARTESIAN_POINT ( 'NONE',  ( 0.000000000000000000, 3.000000000000000444, -17.00000000000000000 ) ) ;
#257 = CARTESIAN_POINT ( 'NONE',  ( 0.000000000000000000, 0.7414874068328767276, -0.4429429513896855908 ) ) ;
#258 = CARTESIAN_POINT ( 'NONE',  ( 0.000000000000000000, 1.233760589236504446, -16.38727521469161630 ) ) ;
#259 = CARTESIAN_POINT ( 'NONE',  ( 4.999999999999999112, -0.01441343945001346931, -17.00000000000000000 ) ) ;
#260 = CARTESIAN_POINT ( 'NONE',  ( 2.570834062920611895, -0.8587914304460256831, -22.54087081456489727 ) ) ;
#261 = CARTESIAN_POINT ( 'NONE',  ( -2.289404015762327216, 2.670884480669269312, -16.99999999999997868 ) ) ;
#262 = CARTESIAN_POINT ( 'NONE',  ( 0.000000000000000000, 0.06561679790026248016, -26.00000000000000000 ) ) ;
#263 = CARTESIAN_POINT ( 'NONE',  ( 3.987530531307992732, -0.6035232326216504184, -17.00000000000000711 ) ) ;
#264 = CARTESIAN_POINT ( 'NONE',  ( -4.561721594957500514, -0.4100317718270171663, -17.00000000000006395 ) ) ;
#265 = CARTESIAN_POINT ( 'NONE',  ( 0.000000000000000000, 0.8771988159392433149, -0.6348504921941225954 ) ) ;
#266 = CARTESIAN_POINT ( 'NONE',  ( 4.471602892858519418, 1.343106124685670588, -12.19212833238081117 ) ) ;
#267 = VERTEX_POINT ( 'NONE', #1342 ) ;
#268 = CARTESIAN_POINT ( 'NONE',  ( -4.207880039121126181, -0.02194308099261393225, -5.393927668329330300E-60 ) ) ;
#269 = CARTESIAN_POINT ( 'NONE',  ( -0.000000000000000000, 1.255121329819776310, -14.98518819726050744 ) ) ;
#270 = DIRECTION ( 'NONE',  ( 0.6427876096865405842, -0.7660444431189769032, 0.000000000000000000 ) ) ;
#271 = CARTESIAN_POINT ( 'NONE',  ( 7.779292587450334271E-15, -1.000000000000000000, -42.50000000000000000 ) ) ;
#272 = CARTESIAN_POINT ( 'NONE',  ( -3.010601022504235669, 2.399979885834044424, -16.99999999999999289 ) ) ;
#273 = FACE_OUTER_BOUND ( 'NONE', #466, .T. ) ;
#274 = CARTESIAN_POINT ( 'NONE',  ( 4.924416895573665798, -0.1742730662551260634, -11.56314364402612860 ) ) ;
#275 = CARTESIAN_POINT ( 'NONE',  ( -0.9421505137661927431, 0.7854437899936299594, -42.49999999999989342 ) ) ;
#276 = CARTESIAN_POINT ( 'NONE',  ( 1.199999999999999956, 0.000000000000000000, -36.00000000000000000 ) ) ;
#277 = MECHANICAL_DESIGN_GEOMETRIC_PRESENTATION_REPRESENTATION (  '', ( #1592 ), #2162 ) ;
#278 = ORIENTED_EDGE ( 'NONE', *, *, #1971, .T. ) ;
#279 = CARTESIAN_POINT ( 'NONE',  ( 28.00000000000000000, 0.1968503937007874127, -26.00000000000000355 ) ) ;
#280 = CARTESIAN_POINT ( 'NONE',  ( -4.196853261859599726, -0.1467618487982143838, -0.06561341721281854777 ) ) ;
#281 = AXIS2_PLACEMENT_3D ( 'NONE', #2472, #1096, #1706 ) ;
#282 = CARTESIAN_POINT ( 'NONE',  ( 1.241818196724792323, 0.5642491959185329531, -29.36434847983678509 ) ) ;
#283 = CARTESIAN_POINT ( 'NONE',  ( -1.603049446489940744, -0.9480219227840590568, -22.27975647620080579 ) ) ;
#284 = CARTESIAN_POINT ( 'NONE',  ( 1.077459745348932296, -0.6980334362846966068, -42.49999999999998579 ) ) ;
#285 = CARTESIAN_POINT ( 'NONE',  ( -4.471602892858519418, 1.343106124685670588, -12.19212833238081117 ) ) ;
#286 = CARTESIAN_POINT ( 'NONE',  ( -0.000000000000000000, -1.006864738450582886, -9.411958178891792315 ) ) ;
#287 = CARTESIAN_POINT ( 'NONE',  ( 0.000000000000000000, -0.6618660404652105811, -1.968828162902690693 ) ) ;
#288 = FACE_OUTER_BOUND ( 'NONE', #2436, .T. ) ;
#289 = ORIENTED_EDGE ( 'NONE', *, *, #2384, .F. ) ;
#290 = CARTESIAN_POINT ( 'NONE',  ( -4.085415610030656453, -0.4237904803647085106, -0.6570112486012418263 ) ) ;
#291 = CARTESIAN_POINT ( 'NONE',  ( 0.2422917796673216551, 0.9913307927955331555, -27.31509482443349057 ) ) ;
#292 = CARTESIAN_POINT ( 'NONE',  ( -1.200000000000000400, -3.102447814381146463E-16, -42.00000000000000000 ) ) ;
#293 = B_SPLINE_CURVE_WITH_KNOTS ( 'NONE', 3,
 ( #1979, #262, #1781, #1412 ),
 .UNSPECIFIED., .F., .F.,
 ( 4, 4 ),
 ( 0.000000000000000000, 1.000000000000000000 ),
 .UNSPECIFIED. ) ;
#294 = CARTESIAN_POINT ( 'NONE',  ( -10.00951109586823407, 7.392057511395214497, -42.00000000000000000 ) ) ;
#295 = CARTESIAN_POINT ( 'NONE',  ( 1.373014292904055189, -0.4034176354197047676, -42.49999999999998579 ) ) ;
#296 = CARTESIAN_POINT ( 'NONE',  ( -4.625398993861614905, 1.141788119116746270, -17.00000000000000000 ) ) ;
#297 = ADVANCED_FACE ( 'NONE', ( #1201 ), #2400, .F. ) ;
#298 = CARTESIAN_POINT ( 'NONE',  ( 2.889928260653654046, -0.8164005952399026045, -13.84276346367394162 ) ) ;
#299 = CARTESIAN_POINT ( 'NONE',  ( -3.058018676841933736, -0.8863308062423218558, -4.844965702490965143 ) ) ;
#300 = CARTESIAN_POINT ( 'NONE',  ( 0.4822262244064527414, 0.9517998921818374702, -42.49999999999993605 ) ) ;
#301 = CARTESIAN_POINT ( 'NONE',  ( 0.2717866139329414565, 3.000000000000000444, -17.00000000000000000 ) ) ;
#302 = ORIENTED_EDGE ( 'NONE', *, *, #79, .F. ) ;
#303 = CARTESIAN_POINT ( 'NONE',  ( -4.999949613062414144, 0.01345883918478646239, -17.00000000000000000 ) ) ;
#304 = MANIFOLD_SOLID_BREP ( 'Loft5', #638 ) ;
#305 = CARTESIAN_POINT ( 'NONE',  ( -0.2134130468397171521, -1.000000000000000000, -21.91175175138112508 ) ) ;
#306 = CARTESIAN_POINT ( 'NONE',  ( 1.468434710033201362, -0.2047551541698610367, -42.50000000000000000 ) ) ;
#307 = CARTESIAN_POINT ( 'NONE',  ( 3.059624050762772551, -0.7913032348056989740, -16.99999999999998224 ) ) ;
#308 = CARTESIAN_POINT ( 'NONE',  ( 4.388741479596766304, 1.439128881092873513, -17.00000000000001776 ) ) ;
#309 = CARTESIAN_POINT ( 'NONE',  ( -0.000000000000000000, 1.255742477394265366, -15.31457905630833594 ) ) ;
#310 = CARTESIAN_POINT ( 'NONE',  ( -4.561721594957500514, -0.4100317718270171663, -17.00000000000006395 ) ) ;
#311 = CARTESIAN_POINT ( 'NONE',  ( 1.116359178619751091, 0.6738592290191466327, -42.50000000000004974 ) ) ;
#312 = DIRECTION ( 'NONE',  ( -0.000000000000000000, -0.000000000000000000, 1.000000000000000000 ) ) ;
#313 = VERTEX_POINT ( 'NONE', #186 ) ;
#314 = MANIFOLD_SOLID_BREP ( 'Mirror3', #156 ) ;
#315 = CARTESIAN_POINT ( 'NONE',  ( 0.000000000000000000, -0.3956424490387377979, -0.5620862988348347411 ) ) ;
#316 = AXIS2_PLACEMENT_3D ( 'NONE', #1553, #1138, #8 ) ;
#317 = CARTESIAN_POINT ( 'NONE',  ( -0.000000000000000000, 0.4150772274907296167, -24.54579055499160845 ) ) ;
#318 = CARTESIAN_POINT ( 'NONE',  ( -4.664962915901908147, -0.3607039848344939514, -16.99999999999993605 ) ) ;
#319 = CARTESIAN_POINT ( 'NONE',  ( -0.000000000000000000, 0.1423850135402150996, -12.54476302504664531 ) ) ;
#320 = CARTESIAN_POINT ( 'NONE',  ( 3.125189179755977431, -0.8729458641656651086, -4.577979925972419650 ) ) ;
#321 = CARTESIAN_POINT ( 'NONE',  ( 3.704512688368403861, 1.550750481544767467, -2.275842429413998946 ) ) ;
#322 = CARTESIAN_POINT ( 'NONE',  ( -0.000000000000000000, 1.243312965286022642, -14.40039017819267464 ) ) ;
#323 = CARTESIAN_POINT ( 'NONE',  ( -4.319061803188670723, -0.5041646310333804948, -12.28265304033559602 ) ) ;
#324 = CARTESIAN_POINT ( 'NONE',  ( 1.326362556006440263, 0.4714132014826352135, -42.49999999999992895 ) ) ;
#325 = CARTESIAN_POINT ( 'NONE',  ( 0.000000000000000000, 0.1968503937007874127, -26.00000000000000000 ) ) ;
#326 = ADVANCED_FACE ( 'NONE', ( #1356 ), #1546, .T. ) ;
#327 = VERTEX_POINT ( 'NONE', #483 ) ;
#328 = CARTESIAN_POINT ( 'NONE',  ( -1.394317762300441688, -0.3690631442427907971, -31.22091759803835487 ) ) ;
#329 = CARTESIAN_POINT ( 'NONE',  ( 4.004285108365668755, -0.5993435179749326824, -17.00000000000001066 ) ) ;
#330 = CARTESIAN_POINT ( 'NONE',  ( 3.651721914263528213, -0.6832271439094650400, -16.99999999999998224 ) ) ;
#331 = CARTESIAN_POINT ( 'NONE',  ( 3.212417062672664247, 2.025012656014277379, -4.363173122409775395 ) ) ;
#332 = CARTESIAN_POINT ( 'NONE',  ( 0.000000000000000000, 0.000000000000000000, -9.951125443511187996 ) ) ;
#333 = CARTESIAN_POINT ( 'NONE',  ( -0.000000000000000000, 1.159300871311793157, -13.20629205416000929 ) ) ;
#334 = CARTESIAN_POINT ( 'NONE',  ( 0.000000000000000000, -0.8729458641656651086, -4.577979925972419650 ) ) ;
#335 = B_SPLINE_SURFACE_WITH_KNOTS ( 'NONE', 3, 1, ( 
 ( #2379, #881 ),
 ( #649, #1185 ),
 ( #332, #1031 ),
 ( #1339, #1517 ) ),
 .UNSPECIFIED., .F., .F., .F.,
 ( 4, 4 ),
 ( 2, 2 ),
 ( 0.000000000000000000, 1.000000000000000000 ),
 ( 0.000000000000000000, 1.000000000000000000 ),
 .UNSPECIFIED. ) ;
#336 = CARTESIAN_POINT ( 'NONE',  ( 0.6253129059279424196, -0.9104041722114943891, -42.49999999999997868 ) ) ;
#337 =( NAMED_UNIT ( * ) SI_UNIT ( $, .STERADIAN. ) SOLID_ANGLE_UNIT ( ) );
#338 = VERTEX_POINT ( 'NONE', #102 ) ;
#339 = CARTESIAN_POINT ( 'NONE',  ( 0.000000000000000000, -0.9102360105637486987, -5.379614057201767885 ) ) ;
#340 = EDGE_CURVE ( 'NONE', #1736, #704, #1153, .T. ) ;
#341 = CARTESIAN_POINT ( 'NONE',  ( -0.000000000000000000, 0.7670229997635296115, -21.90603100240380385 ) ) ;
#342 = CARTESIAN_POINT ( 'NONE',  ( -4.272689946788247539, -0.5196930224232232387, -23.01596994904933879 ) ) ;
#343 = CARTESIAN_POINT ( 'NONE',  ( 1.448147997414921839, -0.2611871707616383875, -31.00079529820459001 ) ) ;
#344 = FILL_AREA_STYLE ('',( #773 ) ) ;
#345 = CARTESIAN_POINT ( 'NONE',  ( 4.693575275201101960, 1.035284572655090551, -11.82928517709777694 ) ) ;
#346 = DIRECTION ( 'NONE',  ( 1.561055996379578982E-16, 0.000000000000000000, -1.000000000000000000 ) ) ;
#347 = CARTESIAN_POINT ( 'NONE',  ( 0.000000000000000000, 1.121155415763575025, -12.92192173282074030 ) ) ;
#348 = CARTESIAN_POINT ( 'NONE',  ( -2.663505286905392122, -0.8470594639168833595, -14.08912654177727752 ) ) ;
#349 = CARTESIAN_POINT ( 'NONE',  ( 1.344090381382309074, -0.4450491928405956865, -42.50000000000000711 ) ) ;
#350 = CARTESIAN_POINT ( 'NONE',  ( 3.869318192871006978, -0.6340361899274969959, -16.99999999999997868 ) ) ;
#351 = ORIENTED_EDGE ( 'NONE', *, *, #1698, .T. ) ;
#352 = CARTESIAN_POINT ( 'NONE',  ( 0.000000000000000000, -1.015640011322151093, -13.74295651742133195 ) ) ;
#353 = CARTESIAN_POINT ( 'NONE',  ( -0.000000000000000000, 0.8856363392646214860, -20.88035727323460833 ) ) ;
#354 = CARTESIAN_POINT ( 'NONE',  ( -1.436286855325766165, -0.2888244549376525194, -31.05594235788249335 ) ) ;
#355 = CARTESIAN_POINT ( 'NONE',  ( 1.394317762300446573, -0.3690631442427906861, -42.49999999999997868 ) ) ;
#356 = VECTOR ( 'NONE', #1565, 39.37007874015748854 ) ;
#357 = B_SPLINE_SURFACE_WITH_KNOTS ( 'NONE', 3, 1, ( 
 ( #325, #1265 ),
 ( #1823, #1645 ),
 ( #1461, #66 ),
 ( #1276, #1809 ) ),
 .UNSPECIFIED., .F., .F., .F.,
 ( 4, 4 ),
 ( 2, 2 ),
 ( 0.000000000000000000, 1.000000000000000000 ),
 ( 0.000000000000000000, 1.000000000000000000 ),
 .UNSPECIFIED. ) ;
#358 = CARTESIAN_POINT ( 'NONE',  ( -0.000000000000000000, 0.1758856920037829841, -12.41078056901932847 ) ) ;
#359 = CARTESIAN_POINT ( 'NONE',  ( 0.000000000000000000, -1.000000000000000222, -16.99999999999997158 ) ) ;
#360 = CARTESIAN_POINT ( 'NONE',  ( 0.000000000000000000, -0.4237904803647084551, -0.6570112486012418263 ) ) ;
#361 = CARTESIAN_POINT ( 'NONE',  ( -0.000000000000000000, 1.141485140398724729, -13.06391522007711892 ) ) ;
#362 = CARTESIAN_POINT ( 'NONE',  ( 0.000000000000000000, -0.9102360105637486987, -5.379614057201767885 ) ) ;
#363 = CARTESIAN_POINT ( 'NONE',  ( -0.000000000000000000, -0.4052229930036406191, -0.5936662704819418712 ) ) ;
#364 = CARTESIAN_POINT ( 'NONE',  ( 4.996855251936172415, -0.04319899997878617892, -16.99999999999997868 ) ) ;
#365 = CARTESIAN_POINT ( 'NONE',  ( -1.326362556006440263, 0.4714132014826352135, -42.49999999999992895 ) ) ;
#366 = ORIENTED_EDGE ( 'NONE', *, *, #1182, .T. ) ;
#367 = MANIFOLD_SOLID_BREP ( 'Boss-Extrude2', #112 ) ;
#368 = CARTESIAN_POINT ( 'NONE',  ( 0.000000000000000000, 0.000000000000000000, -44.01574803149572546 ) ) ;
#369 = CARTESIAN_POINT ( 'NONE',  ( -0.000000000000000000, 1.013985688304960053, -19.62639500898890788 ) ) ;
#370 = CARTESIAN_POINT ( 'NONE',  ( -4.272689946788247539, -0.5196930224232231277, -17.00000000000001776 ) ) ;
#371 = CARTESIAN_POINT ( 'NONE',  ( -9.184850993605147944E-16, -1.000000000000000000, -17.00000000000000000 ) ) ;
#372 = UNCERTAINTY_MEASURE_WITH_UNIT (LENGTH_MEASURE( 1.000000000000000082E-05 ), #494, 'distance_accuracy_value', 'NONE');
#373 = CARTESIAN_POINT ( 'NONE',  ( -4.143329360968408537, -0.3229964528616423580, -0.3545696408358990359 ) ) ;
#374 = CARTESIAN_POINT ( 'NONE',  ( -0.000000000000000000, 1.202518916667817406, -13.65116326006422298 ) ) ;
#375 = CARTESIAN_POINT ( 'NONE',  ( -2.040224183724980822, -0.9139718838508068544, -14.76825066749320925 ) ) ;
#376 = CARTESIAN_POINT ( 'NONE',  ( 4.993300904049741362, 0.1555006581370368679, -17.00000000000000711 ) ) ;
#377 = ADVANCED_FACE ( 'NONE', ( #683 ), #412, .F. ) ;
#378 = ORIENTED_EDGE ( 'NONE', *, *, #908, .T. ) ;
#379 = CARTESIAN_POINT ( 'NONE',  ( 0.000000000000000000, 0.000000000000000000, -14.00000000000000000 ) ) ;
#380 = CARTESIAN_POINT ( 'NONE',  ( 0.000000000000000000, 0.6168991959751968235, -0.3018589953099787282 ) ) ;
#381 = CARTESIAN_POINT ( 'NONE',  ( -1.360044127602381137, -0.9631567063104444770, -16.99999999999998934 ) ) ;
#382 = PRODUCT ( 'mastermodel', 'mastermodel', '', ( #965 ) ) ;
#383 = CARTESIAN_POINT ( 'NONE',  ( -0.000000000000000000, 0.002531488374946531429, -13.78665757155420657 ) ) ;
#384 = CARTESIAN_POINT ( 'NONE',  ( 0.1364578128542108526, -1.001009463467013694, -16.45702232659739650 ) ) ;
#385 = PLANE ( 'NONE',  #243 ) ;
#386 = CARTESIAN_POINT ( 'NONE',  ( 0.000000000000000000, 1.027658523290311710, -12.44007151124639066 ) ) ;
#387 = CARTESIAN_POINT ( 'NONE',  ( -0.5458160108969898339, -1.010095414022058380, -14.82826268549843896 ) ) ;
#388 = CARTESIAN_POINT ( 'NONE',  ( 4.065815455416238677, -0.4495862643491814192, -0.7526416229798017499 ) ) ;
#389 = CARTESIAN_POINT ( 'NONE',  ( -3.993627284703356484, 1.807134072676199965, -16.99999999999997868 ) ) ;
#390 = CARTESIAN_POINT ( 'NONE',  ( 0.000000000000000000, -0.6012584479101690249, -1.531284289178709068 ) ) ;
#391 = CARTESIAN_POINT ( 'NONE',  ( 0.4516862250229565223, 2.989503054816244010, -16.55760522283796377 ) ) ;
#392 = CARTESIAN_POINT ( 'NONE',  ( 0.000000000000000000, 1.175892591562123890, -17.57171362398532466 ) ) ;
#393 = CARTESIAN_POINT ( 'NONE',  ( -4.947796571736404303, -0.1471235035225071652, -16.99999999999998224 ) ) ;
#394 = CARTESIAN_POINT ( 'NONE',  ( 4.909770759991974209, -0.1899935595992790494, -23.21625419672375656 ) ) ;
#395 = CARTESIAN_POINT ( 'NONE',  ( 10.00951109586823229, 7.392057511395216274, -45.00000000000000000 ) ) ;
#396 = PRESENTATION_LAYER_ASSIGNMENT (  '', '', ( #1750 ) ) ;
#397 = SURFACE_STYLE_FILL_AREA ( #1127 ) ;
#398 = CARTESIAN_POINT ( 'NONE',  ( -0.000000000000000000, 0.3354171314755697852, -11.98654175383745901 ) ) ;
#399 = CARTESIAN_POINT ( 'NONE',  ( -0.6799653292108872593, -0.9914972496121079448, -16.25528107960526114 ) ) ;
#400 = CARTESIAN_POINT ( 'NONE',  ( -4.966114183466466159, 0.3510152023969992374, -17.00000000000001066 ) ) ;
#401 = CARTESIAN_POINT ( 'NONE',  ( -28.00000000000000000, 0.1968503937007874127, -26.00000000000000355 ) ) ;
#402 = CARTESIAN_POINT ( 'NONE',  ( -1.468434710033201362, -0.2047551541698610367, -42.50000000000000000 ) ) ;
#403 = CARTESIAN_POINT ( 'NONE',  ( 0.000000000000000000, 2.870884290402958339, -12.60842700149184914 ) ) ;
#404 = CARTESIAN_POINT ( 'NONE',  ( 1.497926778000243875, -0.05410716957436912528, -30.60483518759581401 ) ) ;
#405 = FACE_OUTER_BOUND ( 'NONE', #1176, .T. ) ;
#406 = CARTESIAN_POINT ( 'NONE',  ( -1.539769661204930973, 2.857530136666726062, -17.00000000000001066 ) ) ;
#407 = B_SPLINE_CURVE_WITH_KNOTS ( 'NONE', 3,
 ( #2228, #153, #1087, #2239, #1052, #509, #140, #1625, #1649, #535, #317, #1076, #495, #1478, #1492, #2264, #127, #894, #2426, #706, #521, #1280, #2251, #2047, #548, #1290, #1813, #1661, #101, #2059, #341, #1365, #743, #1917, #184, #353, #1527, #970, #2088, #1112, #2275, #957, #1164, #1874, #197, #1725, #1149, #1317, #369, #6, #1699, #2476, #782, #755, #2324, #1518, #1330, #1737, #2310, #20, #1929, #221, #2103, #979, #1136, #1904, #170, #1714, #929, #771, #585, #2112, #392, #1642, #1203, #1975, #2421, #247, #1178, #2164, #46, #633, #1191, #700, #816, #1577, #445, #2350, #121, #33, #1391, #456, #1379, #843, #2408, #258, #73, #1408, #688, #1944, #417, #1603, #1007, #2135, #1019, #1776, #1069, #1217, #1832, #1987, #235, #58, #647, #1590, #830, #2366, #309, #431, #622, #1751, #991, #2148, #805, #2176, #269, #1563, #1765, #2336, #1029, #1789, #1447, #2222, #501, #1262, #2028, #1960, #887, #2079, #2445, #322, #1105, #714, #177, #1691, #2257, #1880, #2042, #2482, #1306, #161, #2095, #146, #2234, #1895, #2245, #748, #1510, #1656, #1485, #1669, #374, #527, #1842, #1093, #728, #1473, #1497, #1285, #1679, #541, #2280, #2052, #1295, #2269, #333, #566, #553, #1866, #1703, #1852, #361, #2433, #923, #1324, #912, #2064, #347, #2458, #735, #1459, #1119, #934, #2469, #1129, #515, #189, #946, #1273, #1081, #133, #900, #1542, #763, #998, #438, #1769, #386, #2328, #590, #2293, #1935, #612, #775, #577, #1909, #1923, #1335, #1157, #203, #962, #2117, #1717, #421, #1966, #2314, #600, #2304, #251, #1357, #1168, #227, #985, #1012, #1533, #1742, #1555, #1346, #1949, #1756, #24, #1183, #398, #2141, #799, #1370, #38, #1568, #2341, #626, #2155, #1432, #1065, #486, #1249, #2015, #1583, #897, #2231, #1469, #1090, #1078, #358, #1653, #2442, #1677, #1839, #2467, #2429, #319, #745, #1664, #2456, #1115, #1507, #724, #1877, #130, #2254, #173, #524, #1849, #2266, #2277, #563, #710, #1282, #1270, #143, #909, #1482, #538, #550, #2418, #2092, #1303, #1829, #1293, #118, #2075, #884, #697, #1494, #1102, #1456, #1862, #512, #159, #1700, #944, #2491, #1728, #1946, #185, #973, #22, #1933, #2105, #574, #794, #383, #772, #1529, #624, #2301, #1343, #36 ),
 .UNSPECIFIED., .F., .F.,
 ( 4, 1, 1, 1, 1, 1, 1, 1, 2, 2, 1, 1, 1, 1, 1, 1, 2, 2, 1, 1, 1, 1, 1, 1, 2, 2, 1, 1, 1, 1, 1, 1, 2, 2, 1, 1, 1, 1, 1, 1, 2, 2, 1, 1, 1, 1, 1, 1, 2, 2, 1, 1, 1, 1, 1, 1, 2, 2, 1, 1, 1, 1, 2, 2, 1, 1, 1, 1, 2, 2, 1, 1, 1, 1, 2, 2, 1, 1, 1, 1, 2, 2, 1, 1, 1, 1, 2, 2, 1, 1, 1, 1, 2, 2, 1, 1, 1, 1, 2, 2, 1, 1, 1, 1, 2, 2, 1, 1, 1, 1, 2, 2, 1, 1, 1, 2, 2, 1, 1, 1, 2, 2, 1, 1, 1, 2, 2, 1, 1, 1, 2, 2, 1, 1, 1, 2, 2, 1, 1, 1, 2, 2, 1, 1, 1, 2, 2, 1, 1, 1, 2, 2, 1, 1, 2, 2, 1, 1, 2, 2, 1, 1, 2, 2, 1, 1, 2, 2, 1, 2, 2, 2, 2, 2, 2, 2, 2, 2, 2, 2, 2, 1, 2, 2, 1, 2, 2, 1, 1, 2, 2, 1, 1, 2, 2, 1, 1, 2, 2, 1, 1, 2, 2, 1, 1, 2, 2, 1, 1, 2, 2, 1, 1, 1, 2, 2, 1, 1, 1, 2, 2, 1, 1, 1, 2, 2, 1, 1, 1, 2, 2, 4 ),
 ( 0.000000000000000000, 0.01562500000006070491, 0.02343750000009105910, 0.02734375000010637324, 0.02929687500011403031, 0.03027343750011771834, 0.03076171875011942183, 0.03100585937512013654, 0.03112792968762049042, 0.03125000000012084778, 0.04687500000016353585, 0.05468750000018503254, 0.05859375000019578089, 0.06054687500020115160, 0.06152343750020383695, 0.06201171875020518309, 0.06225585937520584923, 0.06250000000020651536, 0.07812500000024985569, 0.08593750000027151892, 0.08984375000028252400, 0.09179687500028801961, 0.09277343750029076741, 0.09326171875029198866, 0.09350585937529243274, 0.09375000000029287683, 0.1093750000003266554, 0.1171875000003435308, 0.1210937500003521350, 0.1230468750003562706, 0.1240234375003583522, 0.1245117187503591988, 0.1247558593753594625, 0.1250000000003597123, 0.1406250000003643474, 0.1484375000003666789, 0.1523437500003678169, 0.1542968750003683998, 0.1552734375003687883, 0.1557617187503689826, 0.1560058593753691769, 0.1562500000003693712, 0.1718750000003873291, 0.1796875000003962386, 0.1835937500004007905, 0.1855468750004030387, 0.1865234375004041767, 0.1870117187504046208, 0.1872558593754048428, 0.1875000000004050649, 0.2031250000004146683, 0.2109375000004194423, 0.2148437500004217460, 0.2167968750004227729, 0.2177734375004233003, 0.2182617187504236611, 0.2185058593754237444, 0.2187500000004237999, 0.2265625000004231615, 0.2304687500004228562, 0.2324218750004226897, 0.2333984375004227452, 0.2338867187504226619, 0.2343750000004225509, 0.2421875000004221623, 0.2460937500004219958, 0.2480468750004219125, 0.2490234375004218570, 0.2495117187504218570, 0.2500000000004218292, 0.2578125000004202194, 0.2617187500004193867, 0.2636718750004188871, 0.2646484375004187206, 0.2651367187504186651, 0.2656250000004186651, 0.2734375000004169998, 0.2773437500004163336, 0.2792968750004159451, 0.2802734375004158340, 0.2807617187504158895, 0.2812500000004159451, 0.2890625000004142797, 0.2929687500004133915, 0.2949218750004130030, 0.2958984375004127809, 0.2963867187504127254, 0.2968750000004126144, 0.3046875000004128919, 0.3085937500004132250, 0.3105468750004132250, 0.3115234375004130585, 0.3120117187504130030, 0.3125000000004129475, 0.3203125000004133360, 0.3242187500004135026, 0.3261718750004137801, 0.3271484375004138911, 0.3276367187504140022, 0.3281250000004140577, 0.3359375000004115042, 0.3398437500004102274, 0.3417968750004094503, 0.3427734375004091727, 0.3432617187504090617, 0.3437500000004089507, 0.3515625000004019562, 0.3554687500003986256, 0.3574218750003970713, 0.3583984375003963496, 0.3588867187503961276, 0.3593750000003959055, 0.3671875000003946288, 0.3710937500003941292, 0.3730468750003937406, 0.3740234375003935186, 0.3750000000003932965, 0.3828125000003916312, 0.3867187500003907985, 0.3886718750003901324, 0.3896484375003898548, 0.3906250000003895217, 0.3984375000003870793, 0.4023437500003855805, 0.4042968750003848588, 0.4052734375003844702, 0.4062500000003841372, 0.4140625000003807510, 0.4179687500003790857, 0.4199218750003779754, 0.4208984375003776979, 0.4218750000003773648, 0.4296875000003758660, 0.4335937500003748668, 0.4355468750003746448, 0.4365234375003744782, 0.4375000000003743672, 0.4453125000003733680, 0.4492187500003725908, 0.4511718750003719802, 0.4521484375003719247, 0.4531250000003718692, 0.4609375000003687051, 0.4648437500003670952, 0.4667968750003660405, 0.4677734375003655409, 0.4687500000003649858, 0.4765625000003647638, 0.4804687500003645972, 0.4824218750003645417, 0.4833984375003641532, 0.4843750000003637646, 0.4921875000003622658, 0.4960937500003618772, 0.4980468750003612666, 0.5000000000003607115, 0.5078125000003584910, 0.5117187500003578249, 0.5136718750003573808, 0.5156250000003570477, 0.5234375000003554934, 0.5273437500003543832, 0.5292968750003538281, 0.5312500000003533840, 0.5390625000003493872, 0.5429687500003479439, 0.5449218750003467227, 0.5468750000003455014, 0.5546875000003407274, 0.5585937500003387290, 0.5625000000003368417, 0.5937500000003191891, 0.6250000000003014256, 0.6875000000002661205, 0.7187500000002481348, 0.7500000000002300382, 0.7656250000002204903, 0.7734375000002157163, 0.7812500000002108314, 0.7890625000002059464, 0.7968750000002011724, 0.8046875000001962874, 0.8085937500001934009, 0.8125000000001905143, 0.8203125000001838529, 0.8242187500001805223, 0.8281250000001770806, 0.8359375000001705303, 0.8398437500001670886, 0.8417968750001655343, 0.8437500000001638689, 0.8515625000001564304, 0.8554687500001522116, 0.8574218750001502132, 0.8593750000001481038, 0.8671875000001405542, 0.8710937500001367795, 0.8730468750001348921, 0.8750000000001331157, 0.8828125000001241229, 0.8867187500001196820, 0.8886718750001173506, 0.8906250000001151301, 0.8984375000001082467, 0.9023437500001048051, 0.9042968750001030287, 0.9062500000001012523, 0.9140625000000938138, 0.9179687500000899281, 0.9199218750000884848, 0.9218750000000869305, 0.9296875000000812683, 0.9335937500000788258, 0.9355468750000773825, 0.9365234375000766054, 0.9375000000000758282, 0.9453125000000665024, 0.9492187500000621725, 0.9511718750000602851, 0.9521484375000592859, 0.9531250000000583977, 0.9609375000000467404, 0.9648437500000409672, 0.9667968750000383027, 0.9677734375000369704, 0.9687500000000356382, 0.9765625000000264233, 0.9804687500000217604, 0.9824218750000190958, 0.9833984375000177636, 0.9843750000000164313, 1.000000000000000000 ),
 .UNSPECIFIED. ) ;
#408 = CARTESIAN_POINT ( 'NONE',  ( -0.5335320454750259733, -0.9959189773538507096, -16.99999999999997158 ) ) ;
#409 = CARTESIAN_POINT ( 'NONE',  ( 4.988574822647340312, 0.2027265451507805349, -17.00000000000000355 ) ) ;
#410 = CARTESIAN_POINT ( 'NONE',  ( 0.000000000000000000, 0.000000000000000000, 0.000000000000000000 ) ) ;
#411 = CARTESIAN_POINT ( 'NONE',  ( -4.997049157069540115, 0.1045529974455127464, -17.00000000000000711 ) ) ;
#412 = B_SPLINE_SURFACE_WITH_KNOTS ( 'NONE', 3, 3, ( 
 ( #669, #2128, #469, #89 ),
 ( #1231, #2000, #305, #1371 ),
 ( #1169, #2315, #601, #408 ),
 ( #1936, #2012, #228, #1743 ),
 ( #1556, #1569, #39, #422 ),
 ( #239, #999, #283, #1042 ),
 ( #1184, #1800, #2390, #857 ),
 ( #1615, #1428, #2204, #1454 ),
 ( #734, #2060, #1505, #2048 ),
 ( #1318, #1650, #171, #930 ),
 ( #906, #1088, #2276, #1281 ),
 ( #522, #1847, #128, #919 ),
 ( #1100, #141, #1686, #1466 ),
 ( #1676, #2240, #2466, #2454 ),
 ( #560, #2252, #744, #1077 ),
 ( #2089, #328, #1662, #2438 ),
 ( #536, #882, #722, #1479 ),
 ( #1291, #1638, #342, #370 ),
 ( #2071, #354, #1860, #1125 ),
 ( #1493, #1838, #154, #1113 ),
 ( #2265, #1875, #549, #1888 ),
 ( #2415, #1268, #1300, #695 ),
 ( #2229, #510, #2036, #318 ),
 ( #895, #2427, #707, #958 ),
 ( #2489, #1930, #1150, #992 ),
 ( #1918, #980, #1528, #34 ),
 ( #1353, #432, #586, #1738 ),
 ( #2311, #2136, #2113, #393 ),
 ( #971, #2124, #942, #1726 ),
 ( #21, #7, #756, #1366 ),
 ( #806, #1945, #1380, #1192 ),
 ( #1519, #2286, #1331, #2104 ),
 ( #87, #1030, #2351, #1229 ),
 ( #1204, #2165, #1790, #74 ),
 ( #1604, #2377, #2046, #167 ),
 ( #16, #1547, #768, #1144 ),
 ( #790, #2320, #605, #1361 ),
 ( #1172, #1940, #1956, #1992 ),
 ( #629, #1037, #1761, #812 ),
 ( #1015, #82, #1572, #1212 ),
 ( #2345, #1808, #1402, #2171 ),
 ( #1374, #2359, #1772, #441 ),
 ( #53, #2385, #1784, #2144 ),
 ( #463, #824, #1387, #1982 ) ),
 .UNSPECIFIED., .F., .F., .F.,
 ( 4, 1, 1, 1, 1, 1, 1, 1, 1, 1, 1, 1, 1, 1, 1, 1, 1, 1, 1, 1, 1, 1, 1, 1, 1, 1, 1, 1, 1, 2, 1, 1, 1, 1, 1, 1, 1, 1, 1, 1, 4 ),
 ( 4, 4 ),
 ( 0.000000000000000000, 0.05946713694594434052, 0.08920070541891650384, 0.1189342738918886810, 0.1486678423648608305, 0.1784014108378330077, 0.2081349793108051294, 0.2378685477837773621, 0.2676021162567494005, 0.2973356847297216610, 0.3270692532026938104, 0.3419360374391797741, 0.3568028216756660154, 0.3716696059121520901, 0.3791029980303949887, 0.3865363901486382203, 0.3939697822668812299, 0.4014031743851242395, 0.4088365665033672491, 0.4162699586216104253, 0.4237033507398534349, 0.4311367428580963890, 0.4385701349763394541, 0.4460035270945825192, 0.4534369192128254733, 0.4571536152719470891, 0.4608703113310685939, 0.4683037034493116035, 0.4720203995084332194, 0.4757370955675547242, 0.5085035270945825747, 0.5412699586216104253, 0.5740363901486381648, 0.6068028216756660154, 0.6395692532026939769, 0.6723356847297217165, 0.7378685477837771955, 0.8034014108378328967, 0.8689342738918885978, 0.9344671369459442989, 1.000000000000000000 ),
 ( 0.000000000000000000, 1.000000000000000000 ),
 .UNSPECIFIED. ) ;
#413 = CARTESIAN_POINT ( 'NONE',  ( 0.000000000000000000, 2.119444610576840748, -4.911854904339849170 ) ) ;
#414 = CARTESIAN_POINT ( 'NONE',  ( 0.7736707406356179151, 2.966936851779230278, -16.99999999999998579 ) ) ;
#415 = ORIENTED_EDGE ( 'NONE', *, *, #876, .F. ) ;
#416 = CARTESIAN_POINT ( 'NONE',  ( -4.984586973297943757, 0.2353572401806297842, -17.00000000000000711 ) ) ;
#417 = CARTESIAN_POINT ( 'NONE',  ( -0.000000000000000000, 1.244800850964821182, -16.02774253198735721 ) ) ;
#418 = ADVANCED_FACE ( 'NONE', ( #2159 ), #474, .F. ) ;
#419 = LINE ( 'NONE', #808, #356 ) ;
#420 = CARTESIAN_POINT ( 'NONE',  ( -3.297970921105247477, 2.258131679737291897, -13.65547217770070354 ) ) ;
#421 = CARTESIAN_POINT ( 'NONE',  ( -0.000000000000000000, 0.9275955546524625728, -12.11470535057963538 ) ) ;
#422 = CARTESIAN_POINT ( 'NONE',  ( -1.281712559406312124, -0.9673443211213562654, -16.99999999999996092 ) ) ;
#423 = CARTESIAN_POINT ( 'NONE',  ( 4.236785688789477256, -0.5313226952821678006, -17.00000000000002132 ) ) ;
#424 = CARTESIAN_POINT ( 'NONE',  ( -3.010601022504235669, 2.399979885834044424, -16.99999999999999289 ) ) ;
#425 = CARTESIAN_POINT ( 'NONE',  ( 1.200000000000000400, -3.102447814381146463E-16, -42.00000000000000000 ) ) ;
#426 = CARTESIAN_POINT ( 'NONE',  ( 0.000000000000000000, 0.9939379925722885423, -0.8384731343389766334 ) ) ;
#427 = CARTESIAN_POINT ( 'NONE',  ( 3.297970921104945941, 2.258131679737461539, -16.99999999999999645 ) ) ;
#428 = ORIENTED_EDGE ( 'NONE', *, *, #1399, .T. ) ;
#429 = CARTESIAN_POINT ( 'NONE',  ( 1.581574132461189386, -0.4547423432016396427, -36.00000000000000000 ) ) ;
#430 = CARTESIAN_POINT ( 'NONE',  ( -4.920621955695955840, 0.5339701485914604140, -17.00000000000002487 ) ) ;
#431 = CARTESIAN_POINT ( 'NONE',  ( -0.000000000000000000, 1.255781629708618397, -15.30394791246968111 ) ) ;
#432 = CARTESIAN_POINT ( 'NONE',  ( -1.495966592808400941, -0.07376339055747931084, -30.64144957940108682 ) ) ;
#433 = CARTESIAN_POINT ( 'NONE',  ( 1.390787066230594560, -0.2273711716008198491, -37.50000000000000000 ) ) ;
#434 = CARTESIAN_POINT ( 'NONE',  ( 1.281712559406312124, -0.9673443211213562654, -16.99999999999996092 ) ) ;
#435 = CARTESIAN_POINT ( 'NONE',  ( -1.917327079691508507, 2.774247168535546759, -16.99999999999999289 ) ) ;
#436 = LINE ( 'NONE', #652, #641 ) ;
#437 = AXIS2_PLACEMENT_3D ( 'NONE', #1133, #1899, #2158 ) ;
#438 = CARTESIAN_POINT ( 'NONE',  ( -0.000000000000000000, 1.036091103093375487, -12.47518521980799733 ) ) ;
#439 = CARTESIAN_POINT ( 'NONE',  ( 4.704557513267907609, -0.3392520315942592068, -11.84514188428081738 ) ) ;
#440 = CARTESIAN_POINT ( 'NONE',  ( -4.999812193998357301, 0.02803489687788599666, -16.99999999999999645 ) ) ;
#441 = CARTESIAN_POINT ( 'NONE',  ( -0.8155851064175366760, 2.973470175668034621, -16.99999999999997868 ) ) ;
#442 = SURFACE_SIDE_STYLE ('',( #1375 ) ) ;
#443 = CARTESIAN_POINT ( 'NONE',  ( 2.673178684938295468, 2.356947671906571173, -6.560959595839270797 ) ) ;
#444 = CARTESIAN_POINT ( 'NONE',  ( 0.000000000000000000, 0.4802502960085778816, -0.1728902592297870133 ) ) ;
#445 = CARTESIAN_POINT ( 'NONE',  ( -0.000000000000000000, 1.217390253068130868, -16.79364098286117724 ) ) ;
#446 = CARTESIAN_POINT ( 'NONE',  ( 0.08076380047401265916, 0.9999999999999998890, -27.00670687452215546 ) ) ;
#447 = CARTESIAN_POINT ( 'NONE',  ( 1.603049446489940744, -0.9480219227840590568, -22.27975647620080579 ) ) ;
#448 = CARTESIAN_POINT ( 'NONE',  ( 10.00951109586823229, 7.392057511395216274, -45.00000000000000000 ) ) ;
#449 = CARTESIAN_POINT ( 'NONE',  ( 3.326136364716437033, -0.8259988769615453919, -3.778526268393984200 ) ) ;
#450 = CARTESIAN_POINT ( 'NONE',  ( -4.154053903094734324, -0.5568234183423113048, -17.00000000000001066 ) ) ;
#451 = CARTESIAN_POINT ( 'NONE',  ( -28.00000000000000000, 0.1312335958005249603, -26.00000000000000355 ) ) ;
#452 = CARTESIAN_POINT ( 'NONE',  ( 0.8184258675388107473, 0.4547423432016396427, -36.00000000000000000 ) ) ;
#453 = CARTESIAN_POINT ( 'NONE',  ( -1.530808498934191817E-16, 3.000000000000000444, -17.00000000000000000 ) ) ;
#454 = CARTESIAN_POINT ( 'NONE',  ( 3.079399202567367322, 2.119444610576840748, -4.911854904339849170 ) ) ;
#455 = CARTESIAN_POINT ( 'NONE',  ( -4.069714325731670357, 0.8771988159392433149, -0.6348504921941225954 ) ) ;
#456 = CARTESIAN_POINT ( 'NONE',  ( -0.000000000000000000, 1.231831861446133436, -16.44097095860787050 ) ) ;
#457 = CARTESIAN_POINT ( 'NONE',  ( 5.000000000000000888, 0.1270727495919225236, -17.00000000000000000 ) ) ;
#458 = CARTESIAN_POINT ( 'NONE',  ( 0.9608547297678980970, -0.9820882749485962959, -17.00000000000002842 ) ) ;
#459 = CARTESIAN_POINT ( 'NONE',  ( -2.490184428694170560, 2.446107705055035275, -7.294453626849342953 ) ) ;
#460 = FACE_OUTER_BOUND ( 'NONE', #904, .T. ) ;
#461 = CARTESIAN_POINT ( 'NONE',  ( -14.00000000000000000, 0.000000000000000000, -26.00000000000000000 ) ) ;
#462 = CARTESIAN_POINT ( 'NONE',  ( 4.561721594957500514, -0.4100317718270171663, -17.00000000000006395 ) ) ;
#463 = CARTESIAN_POINT ( 'NONE',  ( -9.184850993605141042E-17, 1.000000000000000000, -42.50000000000000000 ) ) ;
#464 =( CONVERSION_BASED_UNIT ( 'INCH', #890 ) LENGTH_UNIT ( ) NAMED_UNIT ( #1260 ) );
#465 = CARTESIAN_POINT ( 'NONE',  ( 0.000000000000000000, 2.284415941472057732, -6.010960228858891696 ) ) ;
#466 = EDGE_LOOP ( 'NONE', ( #1476, #220 ) ) ;
#467 = CARTESIAN_POINT ( 'NONE',  ( -4.869266501592893981, 0.6827187930909945912, -11.46873626706221394 ) ) ;
#468 = SURFACE_STYLE_USAGE ( .BOTH. , #844 ) ;
#469 = CARTESIAN_POINT ( 'NONE',  ( 0.000000000000000000, -1.000000000000000000, -21.85587904804802761 ) ) ;
#470 = CARTESIAN_POINT ( 'NONE',  ( 3.707010289721679452, -0.6716435071551950520, -17.00000000000001066 ) ) ;
#471 = CARTESIAN_POINT ( 'NONE',  ( -4.741474866814694877, 0.9535126472268289355, -11.74039919947150423 ) ) ;
#472 = CARTESIAN_POINT ( 'NONE',  ( 10.00951109586823407, 7.392057511395214497, -42.00000000000000000 ) ) ;
#473 = CARTESIAN_POINT ( 'NONE',  ( 3.459485926123069266, -0.7878417983130477920, -3.246980445251593572 ) ) ;
#474 = PLANE ( 'NONE',  #2121 ) ;
#475 = LINE ( 'NONE', #98, #2122 ) ;
#476 = AXIS2_PLACEMENT_3D ( 'NONE', #1767, #77, #1420 ) ;
#477 = EDGE_LOOP ( 'NONE', ( #938, #1060, #56, #1673 ) ) ;
#478 = CARTESIAN_POINT ( 'NONE',  ( -4.117891325518202805, -0.3720858753608511371, -0.4887929111005407390 ) ) ;
#479 = VECTOR ( 'NONE', #686, 39.37007874015748143 ) ;
#480 = CARTESIAN_POINT ( 'NONE',  ( 2.407683153559208922, 2.646665650389298019, -24.15138428503500023 ) ) ;
#481 = DIRECTION ( 'NONE',  ( -1.000000000000000000, 0.000000000000000000, 0.000000000000000000 ) ) ;
#482 = ADVANCED_FACE ( 'NONE', ( #1199 ), #1369, .T. ) ;
#483 = CARTESIAN_POINT ( 'NONE',  ( 0.000000000000000000, 0.1968503937007874127, -26.00000000000000000 ) ) ;
#484 = CARTESIAN_POINT ( 'NONE',  ( 0.08463722156377884165, -0.9999999999999996669, -42.50000000000000000 ) ) ;
#485 = CARTESIAN_POINT ( 'NONE',  ( 0.000000000000000000, 1.920798756836002763, -3.815516159102938509 ) ) ;
#486 = CARTESIAN_POINT ( 'NONE',  ( -0.000000000000000000, 0.2375129472822147536, -12.21229896048120445 ) ) ;
#487 = CARTESIAN_POINT ( 'NONE',  ( -0.000000000000000000, -0.8729458641656651086, -4.577979925972419650 ) ) ;
#488 = CARTESIAN_POINT ( 'NONE',  ( 0.000000000000000000, 0.1968503937007874127, -26.00000000000000000 ) ) ;
#489 = CARTESIAN_POINT ( 'NONE',  ( -4.236785688789477256, -0.5313226952821678006, -17.00000000000002132 ) ) ;
#490 = CARTESIAN_POINT ( 'NONE',  ( 1.483911057643928055, -0.1470592923724791945, -42.49999999999997868 ) ) ;
#491 = FACE_OUTER_BOUND ( 'NONE', #1298, .T. ) ;
#492 = VERTEX_POINT ( 'NONE', #2332 ) ;
#493 = CARTESIAN_POINT ( 'NONE',  ( 0.000000000000000000, -0.2463812810521625873, -0.1963545759330582452 ) ) ;
#494 =( CONVERSION_BASED_UNIT ( 'INCH', #681 ) LENGTH_UNIT ( ) NAMED_UNIT ( #2401 ) );
#495 = CARTESIAN_POINT ( 'NONE',  ( 0.000000000000000000, 0.4492224232688855068, -24.30958329634646020 ) ) ;
#496 =( NAMED_UNIT ( * ) PLANE_ANGLE_UNIT ( ) SI_UNIT ( $, .RADIAN. ) );
#497 = CARTESIAN_POINT ( 'NONE',  ( 4.510616699087780290, -0.4319829482193561221, -23.08636711671681851 ) ) ;
#498 = CARTESIAN_POINT ( 'NONE',  ( -4.471602892857942102, 1.343106124686381575, -17.00000000000003908 ) ) ;
#499 = ADVANCED_FACE ( 'NONE', ( #65 ), #837, .T. ) ;
#500 = CARTESIAN_POINT ( 'NONE',  ( 2.040224183724865359, -0.9139718838508168464, -16.99999999999995026 ) ) ;
#501 = CARTESIAN_POINT ( 'NONE',  ( -0.000000000000000000, 1.250679122734475346, -14.67355906897491380 ) ) ;
#502 = CARTESIAN_POINT ( 'NONE',  ( -3.723677313010895773, -0.6882188965688003091, -2.188342823531936876 ) ) ;
#503 = CARTESIAN_POINT ( 'NONE',  ( 0.000000000000000000, 0.000000000000000000, -44.01574803149572546 ) ) ;
#504 =( NAMED_UNIT ( * ) SI_UNIT ( $, .STERADIAN. ) SOLID_ANGLE_UNIT ( ) );
#505 = B_SPLINE_CURVE_WITH_KNOTS ( 'NONE', 3,
 ( #1709, #1502, #2195, #1223 ),
 .UNSPECIFIED., .F., .F.,
 ( 4, 4 ),
 ( 0.000000000000000000, 1.000000000000000000 ),
 .UNSPECIFIED. ) ;
#506 = ORIENTED_EDGE ( 'NONE', *, *, #832, .T. ) ;
#507 = CARTESIAN_POINT ( 'NONE',  ( 28.00000000000000000, -0.005821613887625817253, -19.46728963045352501 ) ) ;
#508 = CARTESIAN_POINT ( 'NONE',  ( 0.000000000000000000, -0.3720858753608511371, -0.4887929111005407390 ) ) ;
#509 = CARTESIAN_POINT ( 'NONE',  ( -0.000000000000000000, 0.4005006476511570601, -24.64637520947005811 ) ) ;
#510 = CARTESIAN_POINT ( 'NONE',  ( -1.476789394375935149, -0.1760402283865967754, -30.83495773188474232 ) ) ;
#511 = CARTESIAN_POINT ( 'NONE',  ( 1.394317762300441688, -0.3690631442427907971, -31.22091759803835487 ) ) ;
#512 = CARTESIAN_POINT ( 'NONE',  ( -0.000000000000000000, 0.01854553342026400709, -13.43386267986349658 ) ) ;
#513 = CARTESIAN_POINT ( 'NONE',  ( 3.059624050762367986, -0.7913032348057609244, -13.65819035367949219 ) ) ;
#514 = CARTESIAN_POINT ( 'NONE',  ( 4.741474866814694877, 0.9535126472268289355, -11.74039919947150423 ) ) ;
#515 = CARTESIAN_POINT ( 'NONE',  ( -0.000000000000000000, 1.084526899857048310, -12.70462401757597704 ) ) ;
#516 = CARTESIAN_POINT ( 'NONE',  ( -3.987530531307037940, -0.6035232326219015508, -12.64756204579859933 ) ) ;
#517 = CARTESIAN_POINT ( 'NONE',  ( 0.7168974980580536949, 0.8841340953034259043, -42.50000000000004974 ) ) ;
#518 = FACE_OUTER_BOUND ( 'NONE', #5, .T. ) ;
#519 = VERTEX_POINT ( 'NONE', #1224 ) ;
#520 = CARTESIAN_POINT ( 'NONE',  ( -3.398454892146892004, -0.7339852980434564689, -16.99999999999997158 ) ) ;
#521 = CARTESIAN_POINT ( 'NONE',  ( -0.000000000000000000, 0.6045268609821432548, -23.18294457292071087 ) ) ;
#522 = CARTESIAN_POINT ( 'NONE',  ( -1.251386099475116254, -0.5533251020562641731, -42.49999999999998579 ) ) ;
#523 = CARTESIAN_POINT ( 'NONE',  ( 4.739710220946359520, -0.3195419698174900014, -23.15730872906221194 ) ) ;
#524 = CARTESIAN_POINT ( 'NONE',  ( -0.000000000000000000, 0.09305492075313888389, -12.79164737523008277 ) ) ;
#525 = CARTESIAN_POINT ( 'NONE',  ( 1.908091555104955761, -1.006864738450582886, -9.411958178891792315 ) ) ;
#526 = CARTESIAN_POINT ( 'NONE',  ( 4.819976859355767473, 0.7987262325998131240, -11.58077774465007970 ) ) ;
#527 = CARTESIAN_POINT ( 'NONE',  ( -0.000000000000000000, 1.199723370283504176, -13.61643637705113719 ) ) ;
#528 = CARTESIAN_POINT ( 'NONE',  ( -4.640440982924130431, -0.3731342616923054023, -11.92016052784990165 ) ) ;
#529 = CARTESIAN_POINT ( 'NONE',  ( 1.491500756324734001, 0.1295303839278837688, -42.50000000000001421 ) ) ;
#530 =( CONVERSION_BASED_UNIT ( 'INCH', #2461 ) LENGTH_UNIT ( ) NAMED_UNIT ( #703 ) );
#531 = EDGE_LOOP ( 'NONE', ( #1028, #2450, #1707, #506 ) ) ;
#532 = EDGE_CURVE ( 'NONE', #313, #718, #14, .T. ) ;
#533 = CARTESIAN_POINT ( 'NONE',  ( 0.000000000000000000, -1.010095414022058602, -14.82826268549843896 ) ) ;
#534 = CARTESIAN_POINT ( 'NONE',  ( -3.059624050762772551, -0.7913032348056989740, -16.99999999999998224 ) ) ;
#535 = CARTESIAN_POINT ( 'NONE',  ( -0.000000000000000000, 0.4145391697249445895, -24.54951157032814635 ) ) ;
#536 = CARTESIAN_POINT ( 'NONE',  ( -1.409331281405012515, -0.3427922972401790114, -42.49999999999997868 ) ) ;
#537 = CARTESIAN_POINT ( 'NONE',  ( 1.489769270014300373, -0.1178622971980567563, -30.72424291994658319 ) ) ;
#538 = CARTESIAN_POINT ( 'NONE',  ( -0.000000000000000000, 0.05607708210528458692, -13.04085869837062717 ) ) ;
#539 = CARTESIAN_POINT ( 'NONE',  ( -0.000000000000000000, -0.8863308062423218558, -4.844965702490965143 ) ) ;
#540 = CARTESIAN_POINT ( 'NONE',  ( 3.993627284703062497, 1.807134072676432668, -12.84133175597171217 ) ) ;
#541 = CARTESIAN_POINT ( 'NONE',  ( -0.000000000000000000, 1.177690861096479802, -13.37451416537606796 ) ) ;
#542 = CARTESIAN_POINT ( 'NONE',  ( -0.04548593761807005753, -1.000000000000000444, -16.81900953236623764 ) ) ;
#543 = B_SPLINE_SURFACE_WITH_KNOTS ( 'NONE', 3, 3, ( 
 ( #271, #1043, #2205, #103 ),
 ( #484, #635, #847, #1245 ),
 ( #2178, #1989, #1395, #1793 ),
 ( #1219, #60, #1232, #458 ),
 ( #833, #2167, #1607, #434 ),
 ( #2354, #1779, #447, #1206 ),
 ( #858, #249, #1626, #1616 ),
 ( #1032, #1962, #2391, #2403 ),
 ( #48, #2001, #260, #1444 ),
 ( #284, #1977, #1009, #819 ),
 ( #1580, #1593, #1021, #2368 ),
 ( #650, #2380, #1801, #662 ),
 ( #670, #2189, #684, #470 ),
 ( #1815, #90, #1429, #2013 ),
 ( #295, #1054, #1663, #329 ),
 ( #355, #511, #696, #1828 ),
 ( #920, #2072, #723, #1114 ),
 ( #1876, #2219, #1861, #931 ),
 ( #708, #1269, #1687, #1651 ),
 ( #172, #343, #1467, #117 ),
 ( #1480, #2455, #497, #2428 ),
 ( #306, #1258, #2061, #907 ),
 ( #2241, #2024, #883, #2037 ),
 ( #1639, #2416, #523, #1089 ),
 ( #1848, #537, #1455, #142 ),
 ( #2230, #2439, #2253, #1292 ),
 ( #1101, #155, #394, #972 ),
 ( #1727, #404, #1551, #993 ),
 ( #2325, #783, #1539, #2137 ),
 ( #2312, #1165, #35, #1931 ),
 ( #222, #1506, #981, #259 ),
 ( #1419, #1778, #2149, #457 ),
 ( #1997, #1041, #1591, #1230 ),
 ( #1812, #661, #1988, #1427 ),
 ( #1564, #1243, #1578, #88 ),
 ( #1008, #831, #1020, #2202 ),
 ( #1605, #282, #2352, #1961 ),
 ( #1799, #634, #1409, #2378 ),
 ( #2389, #1392, #1766, #668 ),
 ( #2187, #855, #480, #2177 ),
 ( #47, #1218, #1614, #1976 ),
 ( #2009, #291, #1051, #2166 ),
 ( #248, #446, #817, #1205 ),
 ( #807, #623, #2337, #1381 ) ),
 .UNSPECIFIED., .F., .F., .F.,
 ( 4, 1, 1, 1, 1, 1, 1, 1, 1, 1, 1, 1, 1, 1, 1, 1, 1, 1, 1, 1, 1, 1, 1, 1, 1, 1, 1, 1, 1, 2, 1, 1, 1, 1, 1, 1, 1, 1, 1, 1, 4 ),
 ( 4, 4 ),
 ( 0.000000000000000000, 0.05946713694594434052, 0.08920070541891650384, 0.1189342738918886810, 0.1486678423648608305, 0.1784014108378330077, 0.2081349793108051294, 0.2378685477837773621, 0.2676021162567494005, 0.2973356847297216610, 0.3270692532026938104, 0.3419360374391797741, 0.3568028216756660154, 0.3716696059121520901, 0.3791029980303949887, 0.3865363901486382203, 0.3939697822668812299, 0.4014031743851242395, 0.4088365665033672491, 0.4162699586216104253, 0.4237033507398534349, 0.4311367428580963890, 0.4385701349763394541, 0.4460035270945825192, 0.4534369192128254733, 0.4571536152719470891, 0.4608703113310685939, 0.4683037034493116035, 0.4720203995084332194, 0.4757370955675547242, 0.5085035270945825747, 0.5412699586216104253, 0.5740363901486381648, 0.6068028216756660154, 0.6395692532026939769, 0.6723356847297217165, 0.7378685477837771955, 0.8034014108378328967, 0.8689342738918885978, 0.9344671369459442989, 1.000000000000000000 ),
 ( 0.000000000000000000, 1.000000000000000000 ),
 .UNSPECIFIED. ) ;
#544 = CARTESIAN_POINT ( 'NONE',  ( 1.176217820502787781, -0.6233214901064177971, -42.49999999999997158 ) ) ;
#545 = CARTESIAN_POINT ( 'NONE',  ( 4.431915328394418374, -0.4633705935428318323, -17.00000000000003197 ) ) ;
#546 = ORIENTED_EDGE ( 'NONE', *, *, #941, .F. ) ;
#547 = CARTESIAN_POINT ( 'NONE',  ( 0.000000000000000000, -0.7167372867634747013, -2.452331768310797244 ) ) ;
#548 = CARTESIAN_POINT ( 'NONE',  ( -0.000000000000000000, 0.7229410905375075469, -22.26562143756453338 ) ) ;
#549 = CARTESIAN_POINT ( 'NONE',  ( -4.510616699087780290, -0.4319829482193561221, -23.08636711671681851 ) ) ;
#550 = CARTESIAN_POINT ( 'NONE',  ( -0.000000000000000000, 0.05067027300333690198, -13.08568330036621497 ) ) ;
#551 =( NAMED_UNIT ( * ) SI_UNIT ( $, .STERADIAN. ) SOLID_ANGLE_UNIT ( ) );
#552 = CARTESIAN_POINT ( 'NONE',  ( -4.893994097108457453, -0.2055844900781221563, -17.00000000000002132 ) ) ;
#553 = CARTESIAN_POINT ( 'NONE',  ( -0.000000000000000000, 1.154133778826829992, -13.16351659588616130 ) ) ;
#554 = CARTESIAN_POINT ( 'NONE',  ( -0.3966394490487798463, -0.9973035116644790588, -16.99999999999996447 ) ) ;
#555 = CARTESIAN_POINT ( 'NONE',  ( 4.103902002424547391, -0.3956424490387377979, -0.5620862988348347411 ) ) ;
#556 = CARTESIAN_POINT ( 'NONE',  ( 4.588416580139366374, -0.3979417668754152149, -17.00000000000006395 ) ) ;
#557 = EDGE_LOOP ( 'NONE', ( #1561, #44, #1241, #1074 ) ) ;
#558 = CARTESIAN_POINT ( 'NONE',  ( 0.000000000000000000, -0.7662236709387180156, -2.981705054452099102 ) ) ;
#559 = CARTESIAN_POINT ( 'NONE',  ( -1.176217820502787781, -0.6233214901064177971, -42.49999999999997158 ) ) ;
#560 = CARTESIAN_POINT ( 'NONE',  ( -1.373014292904055189, -0.4034176354197047676, -42.49999999999998579 ) ) ;
#561 = PRESENTATION_LAYER_ASSIGNMENT (  '', '', ( #72 ) ) ;
#562 = MECHANICAL_DESIGN_GEOMETRIC_PRESENTATION_REPRESENTATION (  '', ( #72 ), #1672 ) ;
#563 = CARTESIAN_POINT ( 'NONE',  ( 0.000000000000000000, 0.08234445965438523529, -12.85621776750023848 ) ) ;
#564 = PRESENTATION_STYLE_ASSIGNMENT (( #1878 ) ) ;
#565 = CARTESIAN_POINT ( 'NONE',  ( -5.000035008234274159, 0.002526046968012150579, -11.37104750519523755 ) ) ;
#566 = CARTESIAN_POINT ( 'NONE',  ( -0.000000000000000000, 1.155696225250525844, -13.17629703080510772 ) ) ;
#567 = CARTESIAN_POINT ( 'NONE',  ( 0.000000000000000000, -0.9244483450019499449, -5.736470805471513223 ) ) ;
#568 = CARTESIAN_POINT ( 'NONE',  ( 4.974724528789570499, -0.1029190018748266655, -11.47614386649041052 ) ) ;
#569 = DIRECTION ( 'NONE',  ( 0.000000000000000000, 0.000000000000000000, -1.000000000000000000 ) ) ;
#570 = ORIENTED_EDGE ( 'NONE', *, *, #1609, .F. ) ;
#571 = CARTESIAN_POINT ( 'NONE',  ( 0.000000000000000000, -0.9565038153281982813, -6.719668938052777207 ) ) ;
#572 = CARTESIAN_POINT ( 'NONE',  ( -2.889928260653442660, -0.8164005952399349120, -17.00000000000002132 ) ) ;
#573 = FACE_OUTER_BOUND ( 'NONE', #1985, .T. ) ;
#574 = CARTESIAN_POINT ( 'NONE',  ( -0.000000000000000000, 0.004716948155590187756, -13.70736200921624892 ) ) ;
#575 = CARTESIAN_POINT ( 'NONE',  ( 4.966114183466466159, 0.3510152023969992374, -17.00000000000001066 ) ) ;
#576 = FACE_OUTER_BOUND ( 'NONE', #853, .T. ) ;
#577 = CARTESIAN_POINT ( 'NONE',  ( -0.000000000000000000, 0.9837005196689994069, -12.27866436651681425 ) ) ;
#578 = CARTESIAN_POINT ( 'NONE',  ( -0.8186394459165846627, -1.015640011322150871, -13.74295651742133195 ) ) ;
#579 = EDGE_CURVE ( 'NONE', #1254, #2199, #1437, .T. ) ;
#580 = CARTESIAN_POINT ( 'NONE',  ( 4.995057487437451371, 0.1336740686578628268, -17.00000000000000711 ) ) ;
#581 = CARTESIAN_POINT ( 'NONE',  ( 4.947796571736404303, -0.1471235035225071652, -16.99999999999998224 ) ) ;
#582 = CARTESIAN_POINT ( 'NONE',  ( -2.289404015762327216, 2.670884480669269312, -16.99999999999997868 ) ) ;
#583 = CARTESIAN_POINT ( 'NONE',  ( 0.000000000000000000, -0.5583768851428400071, -1.270036451968503233 ) ) ;
#584 = DIRECTION ( 'NONE',  ( -0.000000000000000000, -0.000000000000000000, 1.000000000000000000 ) ) ;
#585 = CARTESIAN_POINT ( 'NONE',  ( -0.000000000000000000, 1.170922158333860041, -17.65096298417800114 ) ) ;
#586 = CARTESIAN_POINT ( 'NONE',  ( -4.909770759991974209, -0.1899935595992790494, -23.21625419672375656 ) ) ;
#587 = PLANE ( 'NONE',  #316 ) ;
#588 = CARTESIAN_POINT ( 'NONE',  ( 4.920621955695955840, 0.5339701485914604140, -17.00000000000002487 ) ) ;
#589 = CARTESIAN_POINT ( 'NONE',  ( -1.200000000000000178, -1.082986135603324546E-16, -42.00000000000000000 ) ) ;
#590 = CARTESIAN_POINT ( 'NONE',  ( -0.000000000000000000, 1.008915577431043875, -12.36753210603508712 ) ) ;
#591 = CARTESIAN_POINT ( 'NONE',  ( 0.000000000000000000, -0.9402607126372208857, -6.183042575692033971 ) ) ;
#592 = CARTESIAN_POINT ( 'NONE',  ( 4.990139728226227867, 0.1882044680890067601, -17.00000000000000355 ) ) ;
#593 = CARTESIAN_POINT ( 'NONE',  ( -4.785946621231181197, 0.8698788056089072906, -16.99999999999995381 ) ) ;
#594 = CARTESIAN_POINT ( 'NONE',  ( -10.00951109586823407, 7.392057511395214497, -42.00000000000000000 ) ) ;
#595 = CARTESIAN_POINT ( 'NONE',  ( 1.539769661204935414, 2.857530136666723841, -15.48371707073105519 ) ) ;
#596 = EDGE_LOOP ( 'NONE', ( #752, #1266 ) ) ;
#597 = CARTESIAN_POINT ( 'NONE',  ( -28.00000000000000000, 3.673940397442057896E-16, -20.00000000000000000 ) ) ;
#598 = AXIS2_PLACEMENT_3D ( 'NONE', #675, #1475, #1854 ) ;
#599 = CARTESIAN_POINT ( 'NONE',  ( -2.673178684938295468, 2.356947671906571173, -6.560959595839270797 ) ) ;
#600 = CARTESIAN_POINT ( 'NONE',  ( -0.000000000000000000, 0.9083246869103169807, -12.06680733829100483 ) ) ;
#601 = CARTESIAN_POINT ( 'NONE',  ( -0.5335320454750267505, -0.9959189773538508206, -21.99556080638073396 ) ) ;
#602 = CARTESIAN_POINT ( 'NONE',  ( 4.999812193998357301, 0.02803489687788599666, -16.99999999999999645 ) ) ;
#603 = CARTESIAN_POINT ( 'NONE',  ( -4.993300904049741362, 0.1555006581370368679, -17.00000000000000711 ) ) ;
#604 = DIRECTION ( 'NONE',  ( -0.000000000000000000, -0.000000000000000000, 1.000000000000000000 ) ) ;
#605 = CARTESIAN_POINT ( 'NONE',  ( -4.149711772867452630, 1.683542172782526603, -23.71592979312649518 ) ) ;
#606 = LINE ( 'NONE', #42, #757 ) ;
#607 = CARTESIAN_POINT ( 'NONE',  ( 0.000000000000000000, 2.646635231566404567, -9.311394566557501307 ) ) ;
#608 = ORIENTED_EDGE ( 'NONE', *, *, #952, .T. ) ;
#609 = EDGE_CURVE ( 'NONE', #1824, #2249, #2318, .T. ) ;
#610 = CARTESIAN_POINT ( 'NONE',  ( -1.199999999999999956, 0.000000000000000000, -36.00000000000000000 ) ) ;
#611 = CARTESIAN_POINT ( 'NONE',  ( 0.000000000000000000, 2.808263443050779351, -11.50991645908336203 ) ) ;
#612 = CARTESIAN_POINT ( 'NONE',  ( 0.000000000000000000, 1.000018479609505295, -12.33524914778215731 ) ) ;
#613 = CARTESIAN_POINT ( 'NONE',  ( -0.000000000000000000, -0.8259988769615455029, -3.778526268393984200 ) ) ;
#614 = CARTESIAN_POINT ( 'NONE',  ( -4.924416895573952679, -0.1742730662545399489, -16.99999999999996092 ) ) ;
#615 = DIRECTION ( 'NONE',  ( -1.000000000000000000, 0.000000000000000000, 0.000000000000000000 ) ) ;
#616 = CARTESIAN_POINT ( 'NONE',  ( 0.000000000000000000, 2.986230737967060733, -15.71920553349343841 ) ) ;
#617 = CARTESIAN_POINT ( 'NONE',  ( 3.010601022504235669, 2.399979885834044424, -16.99999999999999289 ) ) ;
#618 = VERTEX_POINT ( 'NONE', #1633 ) ;
#619 = CARTESIAN_POINT ( 'NONE',  ( 10.00951109586823229, 7.392057511395216274, -42.00000000000000000 ) ) ;
#620 = CARTESIAN_POINT ( 'NONE',  ( -4.168564078013485386, 0.4802502960085778816, -0.1728902592297870133 ) ) ;
#621 = EDGE_CURVE ( 'NONE', #1601, #1039, #148, .T. ) ;
#622 = CARTESIAN_POINT ( 'NONE',  ( -0.000000000000000000, 1.255806418487360743, -15.29686472024246413 ) ) ;
#623 = CARTESIAN_POINT ( 'NONE',  ( 0.000000000000000000, 0.9999999999999998890, -26.85251289956651632 ) ) ;
#624 = CARTESIAN_POINT ( 'NONE',  ( 0.000000000000000000, 0.002020822882741353781, -13.80936243035938915 ) ) ;
#625 = CARTESIAN_POINT ( 'NONE',  ( 0.000000000000000000, 2.986230737967060733, -15.71920553349343841 ) ) ;
#626 = CARTESIAN_POINT ( 'NONE',  ( 0.000000000000000000, 0.2729749877619597198, -12.11949191884797017 ) ) ;
#627 = CARTESIAN_POINT ( 'NONE',  ( -0.000000000000000000, -0.6389155647953508321, -1.793564675080913995 ) ) ;
#628 = CARTESIAN_POINT ( 'NONE',  ( -4.952966598878577820, 0.4124564580515904799, -17.00000000000001776 ) ) ;
#629 = CARTESIAN_POINT ( 'NONE',  ( -0.9421505137661927431, 0.7854437899936299594, -42.49999999999989342 ) ) ;
#630 = FILL_AREA_STYLE_COLOUR ( '', #2206 ) ;
#631 = CARTESIAN_POINT ( 'NONE',  ( 2.654541362091609180, 2.546574709826593619, -16.99999999999998224 ) ) ;
#632 = CARTESIAN_POINT ( 'NONE',  ( -4.845279499786301791, 0.7409858862953986325, -16.99999999999998579 ) ) ;
#633 = CARTESIAN_POINT ( 'NONE',  ( -0.000000000000000000, 1.206281395180953231, -17.02860264933316259 ) ) ;
#634 = CARTESIAN_POINT ( 'NONE',  ( 1.116359178619748649, 0.6738592290191465217, -29.06249660566293258 ) ) ;
#635 = CARTESIAN_POINT ( 'NONE',  ( 0.08463722156377120887, -0.9999999999999998890, -33.80978596068099051 ) ) ;
#636 = CARTESIAN_POINT ( 'NONE',  ( -3.841046272982358012, 1.922416115208227527, -16.99999999999998579 ) ) ;
#637 = PLANE ( 'NONE',  #1752 ) ;
#638 = CLOSED_SHELL ( 'NONE', ( #418, #849, #1086, #210, #1947 ) ) ;
#639 = CARTESIAN_POINT ( 'NONE',  ( 4.951739099177173031, -0.1401540970827911403, -11.51943057151410343 ) ) ;
#640 = CARTESIAN_POINT ( 'NONE',  ( -4.319061803185650028, -0.5041646310344135573, -16.99999999999997868 ) ) ;
#641 = VECTOR ( 'NONE', #1965, 39.37007874015748143 ) ;
#642 = CARTESIAN_POINT ( 'NONE',  ( 10.00951109586823229, 7.392057511395216274, -45.00000000000000000 ) ) ;
#643 = CARTESIAN_POINT ( 'NONE',  ( 0.000000000000000000, 2.962626241343990774, -14.80440713544642684 ) ) ;
#644 = CARTESIAN_POINT ( 'NONE',  ( 4.279345640064442513, 1.554217113579671405, -16.99999999999997513 ) ) ;
#645 = EDGE_LOOP ( 'NONE', ( #2462, #415 ) ) ;
#646 = CARTESIAN_POINT ( 'NONE',  ( -4.986455753938290769, 0.2208644962105154042, -11.19223325419844350 ) ) ;
#647 = CARTESIAN_POINT ( 'NONE',  ( 0.000000000000000000, 1.253598437603365756, -15.57711529923303395 ) ) ;
#648 = DIRECTION ( 'NONE',  ( -0.7660444431189769032, -0.6427876096865405842, -5.837140301133210765E-18 ) ) ;
#649 = CARTESIAN_POINT ( 'NONE',  ( 0.000000000000000000, 2.689734812850255175, -9.951125443511187996 ) ) ;
#650 = CARTESIAN_POINT ( 'NONE',  ( 1.251386099475116254, -0.5533251020562641731, -42.49999999999998579 ) ) ;
#651 = CARTESIAN_POINT ( 'NONE',  ( -0.3318470698936235586, 2.986230737967060733, -15.71920553349343841 ) ) ;
#652 = CARTESIAN_POINT ( 'NONE',  ( 14.00000000000000000, 0.1968503937007874127, -26.00000000000000355 ) ) ;
#653 = CARTESIAN_POINT ( 'NONE',  ( 4.008832306281126634, -0.5086798029333445825, -1.010232484287715504 ) ) ;
#654 = B_SPLINE_CURVE_WITH_KNOTS ( 'NONE', 2,
 ( #1383, #1154, #1919 ),
 .UNSPECIFIED., .F., .F.,
 ( 3, 3 ),
 ( 0.000000000000000000, 1.000000000000000000 ),
 .UNSPECIFIED. ) ;
#655 = DIRECTION ( 'NONE',  ( -0.7660444431189774583, 0.6427876096865400291, 0.000000000000000000 ) ) ;
#656 = CARTESIAN_POINT ( 'NONE',  ( 0.000000000000000000, 0.1968503937007874127, -26.00000000000000000 ) ) ;
#657 = CARTESIAN_POINT ( 'NONE',  ( -1.483911057643928055, -0.1470592923724791945, -42.49999999999997868 ) ) ;
#658 = CARTESIAN_POINT ( 'NONE',  ( 3.683054583722464415, 2.030581737118792418, -16.99999999999999289 ) ) ;
#659 = EDGE_LOOP ( 'NONE', ( #950, #1501, #1871 ) ) ;
#660 = CARTESIAN_POINT ( 'NONE',  ( 0.000000000000000000, -0.1133845601967969630, -0.03715061498937378276 ) ) ;
#661 = CARTESIAN_POINT ( 'NONE',  ( 1.455092417327132237, 0.2530407034408634903, -30.04587662444080465 ) ) ;
#662 = CARTESIAN_POINT ( 'NONE',  ( 3.490373944487823010, -0.7171822910863820955, -16.99999999999998224 ) ) ;
#663 = CARTESIAN_POINT ( 'NONE',  ( -4.741474866814648692, 0.9535126472268330433, -16.99999999999994671 ) ) ;
#664 = CARTESIAN_POINT ( 'NONE',  ( -0.000000000000000000, -0.7662236709387180156, -2.981705054452099102 ) ) ;
#665 = CARTESIAN_POINT ( 'NONE',  ( 0.08463722156377884165, -0.9999999999999996669, -42.50000000000000000 ) ) ;
#666 = VERTEX_POINT ( 'NONE', #1671 ) ;
#667 = CARTESIAN_POINT ( 'NONE',  ( -4.981510850082626618, 0.2581408897519603118, -11.18923073657758671 ) ) ;
#668 = CARTESIAN_POINT ( 'NONE',  ( 3.157829712261232213, 2.347994505956300326, -17.00000000000007105 ) ) ;
#669 = CARTESIAN_POINT ( 'NONE',  ( -7.779292587450334271E-15, -1.000000000000000000, -42.50000000000000000 ) ) ;
#670 = CARTESIAN_POINT ( 'NONE',  ( 1.306080392171999449, -0.4927514192638646207, -42.50000000000000711 ) ) ;
#671 = CARTESIAN_POINT ( 'NONE',  ( -4.551147909341682229, 1.244438435646098684, -12.07008744173034565 ) ) ;
#672 = CARTESIAN_POINT ( 'NONE',  ( 1.700131775689074365, -0.9413416835967466367, -17.00000000000003553 ) ) ;
#673 = LINE ( 'NONE', #169, #2039 ) ;
#674 = CARTESIAN_POINT ( 'NONE',  ( -4.704557513265394952, -0.3392520315956507604, -17.00000000000000711 ) ) ;
#675 = CARTESIAN_POINT ( 'NONE',  ( 0.000000000000000000, 0.000000000000000000, -44.01574803149572546 ) ) ;
#676 = DIRECTION ( 'NONE',  ( 0.7412378345855435979, 0.6219723936153775945, -0.2524218971470029715 ) ) ;
#677 = CLOSED_SHELL ( 'NONE', ( #499, #741, #1652, #1045 ) ) ;
#678 = ORIENTED_EDGE ( 'NONE', *, *, #952, .F. ) ;
#679 = CARTESIAN_POINT ( 'NONE',  ( -4.893994097104013008, -0.2055844900821945653, -11.60717542243896361 ) ) ;
#680 = AXIS2_PLACEMENT_3D ( 'NONE', #1892, #1156, #761 ) ;
#681 = LENGTH_MEASURE_WITH_UNIT ( LENGTH_MEASURE( 0.02539999999999999897 ), #1441 );
#682 = CARTESIAN_POINT ( 'NONE',  ( -1.390787066230594560, -0.2273711716008198491, -37.50000000000000000 ) ) ;
#683 = FACE_OUTER_BOUND ( 'NONE', #1310, .T. ) ;
#684 = CARTESIAN_POINT ( 'NONE',  ( 3.707010289721679452, -0.6716435071551950520, -22.85438056733281087 ) ) ;
#685 = CARTESIAN_POINT ( 'NONE',  ( 0.000000000000000000, 2.119444610576840748, -4.911854904339849170 ) ) ;
#686 = DIRECTION ( 'NONE',  ( -0.000000000000000000, -0.000000000000000000, 1.000000000000000000 ) ) ;
#687 = CARTESIAN_POINT ( 'NONE',  ( 3.903862137560486723, -0.6250053328557341192, -12.73905642871509691 ) ) ;
#688 = CARTESIAN_POINT ( 'NONE',  ( -0.000000000000000000, 1.242585091475124415, -16.11052641416967646 ) ) ;
#689 = CARTESIAN_POINT ( 'NONE',  ( 0.000000000000000000, -0.8077036514671622758, -3.512596957681179077 ) ) ;
#690 = CARTESIAN_POINT ( 'NONE',  ( 1.409331281405012515, -0.3427922972401790114, -42.49999999999997868 ) ) ;
#691 = CARTESIAN_POINT ( 'NONE',  ( 2.407683153559209366, 2.646665650389298019, -16.99999999999993250 ) ) ;
#692 = CARTESIAN_POINT ( 'NONE',  ( -1.499999999999998668, 0.04332095361466707650, -42.50000000000000000 ) ) ;
#693 = VERTEX_POINT ( 'NONE', #730 ) ;
#694 = CARTESIAN_POINT ( 'NONE',  ( 0.000000000000000000, -0.1774226262349141159, -0.09718002226612976191 ) ) ;
#695 = CARTESIAN_POINT ( 'NONE',  ( -4.588416580139366374, -0.3979417668754152149, -17.00000000000006395 ) ) ;
#696 = CARTESIAN_POINT ( 'NONE',  ( 4.111934455696824031, -0.5691638220163313111, -22.96942509583167435 ) ) ;
#697 = CARTESIAN_POINT ( 'NONE',  ( -0.000000000000000000, 0.03019319513837575783, -13.28443391903945425 ) ) ;
#698 = CARTESIAN_POINT ( 'NONE',  ( -0.000000000000000000, -1.015640011322151093, -13.74295651742133195 ) ) ;
#699 = CARTESIAN_POINT ( 'NONE',  ( 3.537097087436411158, 1.739712779365544471, -2.997587755747153970 ) ) ;
#700 = CARTESIAN_POINT ( 'NONE',  ( -0.000000000000000000, 1.215027060084156174, -16.84554423090235531 ) ) ;
#701 = CARTESIAN_POINT ( 'NONE',  ( -3.259259786253356772, -0.8428854871677142757, -4.044745339735704270 ) ) ;
#702 = CARTESIAN_POINT ( 'NONE',  ( 1.476789394375939368, -0.1760402283865966921, -42.49999999999998579 ) ) ;
#703 = DIMENSIONAL_EXPONENTS ( 1.000000000000000000, 0.000000000000000000, 0.000000000000000000, 0.000000000000000000, 0.000000000000000000, 0.000000000000000000, 0.000000000000000000 ) ;
#704 = VERTEX_POINT ( 'NONE', #1449 ) ;
#705 = CARTESIAN_POINT ( 'NONE',  ( 0.000000000000000000, -0.5583768851428400071, -1.270036451968503233 ) ) ;
#706 = CARTESIAN_POINT ( 'NONE',  ( -0.000000000000000000, 0.6035986368605660290, -23.18991182357119030 ) ) ;
#707 = CARTESIAN_POINT ( 'NONE',  ( -4.739710220946359520, -0.3195419698174900014, -23.15730872906221194 ) ) ;
#708 = CARTESIAN_POINT ( 'NONE',  ( 1.436286855325770606, -0.2888244549376524639, -42.49999999999998579 ) ) ;
#709 = B_SPLINE_CURVE_WITH_KNOTS ( 'NONE', 3,
 ( #2346, #825, #1213, #594 ),
 .UNSPECIFIED., .F., .F.,
 ( 4, 4 ),
 ( 0.000000000000000000, 1.000000000000000000 ),
 .UNSPECIFIED. ) ;
#710 = CARTESIAN_POINT ( 'NONE',  ( -0.000000000000000000, 0.07670538388361924920, -12.89220456028378692 ) ) ;
#711 = ADVANCED_FACE ( 'NONE', ( #2259 ), #2066, .T. ) ;
#712 = CARTESIAN_POINT ( 'NONE',  ( 3.192273388672795864, -0.8584966906836903888, -4.311235227228343625 ) ) ;
#713 = CARTESIAN_POINT ( 'NONE',  ( 3.989136984364988425, 1.078704641661028862, -1.005708350550309937 ) ) ;
#714 = CARTESIAN_POINT ( 'NONE',  ( -0.000000000000000000, 1.242283409206298650, -14.37044650975213678 ) ) ;
#715 = CARTESIAN_POINT ( 'NONE',  ( -4.481718907524320450, -0.4438524764689351088, -12.10101467911498929 ) ) ;
#716 = DIRECTION ( 'NONE',  ( -0.6791633947585394848, -0.5698857540510020581, 0.4625660066950199045 ) ) ;
#717 = CARTESIAN_POINT ( 'NONE',  ( 4.739710220946359520, -0.3195419698174900014, -17.00000000000003908 ) ) ;
#718 = VERTEX_POINT ( 'NONE', #2188 ) ;
#719 =( GEOMETRIC_REPRESENTATION_CONTEXT ( 3 ) GLOBAL_UNCERTAINTY_ASSIGNED_CONTEXT ( ( #2432 ) ) GLOBAL_UNIT_ASSIGNED_CONTEXT ( ( #25, #496, #1827 ) ) REPRESENTATION_CONTEXT ( 'NONE', 'WORKASPACE' ) );
#720 = CARTESIAN_POINT ( 'NONE',  ( -2.380265308824208947, -0.8805447255184710720, -17.00000000000003908 ) ) ;
#721 = VECTOR ( 'NONE', #604, 39.37007874015748143 ) ;
#722 = CARTESIAN_POINT ( 'NONE',  ( -4.192454321337493184, -0.5451809729877613586, -22.99265785203128232 ) ) ;
#723 = CARTESIAN_POINT ( 'NONE',  ( 4.192454321337493184, -0.5451809729877613586, -22.99265785203128232 ) ) ;
#724 = CARTESIAN_POINT ( 'NONE',  ( -0.000000000000000000, 0.1150118116194009804, -12.67284127481176981 ) ) ;
#725 = CARTESIAN_POINT ( 'NONE',  ( 2.663505286905392122, -0.8470594639168833595, -14.08912654177727752 ) ) ;
#726 = CARTESIAN_POINT ( 'NONE',  ( 0.000000000000000000, 1.158452499533254354, -1.175332908289907108 ) ) ;
#727 = DIRECTION ( 'NONE',  ( 0.000000000000000000, 0.000000000000000000, -1.000000000000000000 ) ) ;
#728 = CARTESIAN_POINT ( 'NONE',  ( 0.000000000000000000, 1.197273945201216216, -13.58677833932881640 ) ) ;
#729 = CARTESIAN_POINT ( 'NONE',  ( -2.990770000793965266, -0.8987359628879355578, -5.112180626881507095 ) ) ;
#730 = CARTESIAN_POINT ( 'NONE',  ( 28.00000000000000000, 3.673940397442057896E-16, -20.00000000000000000 ) ) ;
#731 = CARTESIAN_POINT ( 'NONE',  ( 3.490373944487823010, -0.7171822910863820955, -16.99999999999998224 ) ) ;
#732 = EDGE_LOOP ( 'NONE', ( #1916, #181, #1836, #2284 ) ) ;
#733 = CARTESIAN_POINT ( 'NONE',  ( 0.000000000000000000, -0.9703298802463813377, -7.256982549166410834 ) ) ;
#734 = CARTESIAN_POINT ( 'NONE',  ( -0.9716718043999178489, -0.7637811388722062222, -42.50000000000000711 ) ) ;
#735 = CARTESIAN_POINT ( 'NONE',  ( -0.000000000000000000, 1.105684604086996536, -12.82501485263768437 ) ) ;
#736 = CARTESIAN_POINT ( 'NONE',  ( -1.360044127602711317, -0.9631567063104252702, -15.51112118781451166 ) ) ;
#737 = CARTESIAN_POINT ( 'NONE',  ( 4.999949613062377729, 0.01345883918884526603, -11.36082905412261113 ) ) ;
#738 = ORIENTED_EDGE ( 'NONE', *, *, #2463, .F. ) ;
#739 = DIRECTION ( 'NONE',  ( 0.000000000000000000, 0.000000000000000000, -1.000000000000000000 ) ) ;
#740 = CARTESIAN_POINT ( 'NONE',  ( 0.000000000000000000, -0.8987359628879355578, -5.112180626881507095 ) ) ;
#741 = ADVANCED_FACE ( 'NONE', ( #1394 ), #1465, .T. ) ;
#742 = PRODUCT_DEFINITION ( 'UNKNOWN', '', #1516, #1893 ) ;
#743 = CARTESIAN_POINT ( 'NONE',  ( 0.000000000000000000, 0.7923476621826778254, -21.69670660600907652 ) ) ;
#744 = CARTESIAN_POINT ( 'NONE',  ( -4.004285108365669643, -0.5993435179749327935, -22.93855316814494927 ) ) ;
#745 = CARTESIAN_POINT ( 'NONE',  ( -0.000000000000000000, 0.1400223746417757764, -12.55508076581955912 ) ) ;
#746 = SURFACE_SIDE_STYLE ('',( #397 ) ) ;
#747 = CARTESIAN_POINT ( 'NONE',  ( -4.183205588692384680, -0.2111971254275382681, -0.1405575779286229454 ) ) ;
#748 = CARTESIAN_POINT ( 'NONE',  ( -0.000000000000000000, 1.216399194881346402, -13.84513316071876510 ) ) ;
#749 = CARTESIAN_POINT ( 'NONE',  ( -3.229152945543063424, -0.7639068868901682796, -17.00000000000000000 ) ) ;
#750 = CARTESIAN_POINT ( 'NONE',  ( -0.000000000000000000, -0.3857423641127137870, -0.5306096410528629015 ) ) ;
#751 = LINE ( 'NONE', #1513, #1237 ) ;
#752 = ORIENTED_EDGE ( 'NONE', *, *, #1999, .T. ) ;
#753 = CARTESIAN_POINT ( 'NONE',  ( 0.000000000000000000, -1.019133120498344924, -11.57484492995656744 ) ) ;
#754 = AXIS2_PLACEMENT_3D ( 'NONE', #955, #1464, #940 ) ;
#755 = CARTESIAN_POINT ( 'NONE',  ( -0.000000000000000000, 1.055653706589023910, -19.17355715920693271 ) ) ;
#756 = CARTESIAN_POINT ( 'NONE',  ( -4.996855251936172415, -0.04319899997878617892, -23.26168074826393450 ) ) ;
#757 = VECTOR ( 'NONE', #676, 39.37007874015748143 ) ;
#758 = LINE ( 'NONE', #1179, #1393 ) ;
#759 = CARTESIAN_POINT ( 'NONE',  ( -0.000000000000000000, -1.000000000000000444, -16.81900953236623764 ) ) ;
#760 = CARTESIAN_POINT ( 'NONE',  ( 4.110873323981532046, 0.7414874068328767276, -0.4429429513896855908 ) ) ;
#761 = DIRECTION ( 'NONE',  ( -1.000000000000000000, 0.000000000000000000, 0.000000000000000000 ) ) ;
#762 = CARTESIAN_POINT ( 'NONE',  ( 0.000000000000000000, -0.5805538350720302887, -1.400511057881878907 ) ) ;
#763 = CARTESIAN_POINT ( 'NONE',  ( -0.000000000000000000, 1.043110997466612622, -12.50513439625046885 ) ) ;
#764 = CARTESIAN_POINT ( 'NONE',  ( 0.000000000000000000, -0.9565038153281982813, -6.719668938052777207 ) ) ;
#765 = CARTESIAN_POINT ( 'NONE',  ( -0.000000000000000000, -0.3956424490387377979, -0.5620862988348347411 ) ) ;
#766 = PLANE ( 'NONE',  #158 ) ;
#767 = ORIENTED_EDGE ( 'NONE', *, *, #1579, .T. ) ;
#768 = CARTESIAN_POINT ( 'NONE',  ( -4.429170842568816546, 1.405207228723909241, -23.62900170255554144 ) ) ;
#769 = CARTESIAN_POINT ( 'NONE',  ( 0.000000000000000000, -0.9402607126372208857, -6.183042575692033971 ) ) ;
#770 = CARTESIAN_POINT ( 'NONE',  ( 0.000000000000000000, 0.000000000000000000, -44.01574803149572546 ) ) ;
#771 = CARTESIAN_POINT ( 'NONE',  ( -0.000000000000000000, 1.170623126502330580, -17.65572071102451801 ) ) ;
#772 = CARTESIAN_POINT ( 'NONE',  ( -0.000000000000000000, 0.002270650404616999987, -13.79803457409076373 ) ) ;
#773 = FILL_AREA_STYLE_COLOUR ( '', #2203 ) ;
#774 = CARTESIAN_POINT ( 'NONE',  ( 4.981510850082626618, 0.2581408897519603118, -11.18923073657758671 ) ) ;
#775 = CARTESIAN_POINT ( 'NONE',  ( 0.000000000000000000, 0.9926600453090148601, -12.30917001792392540 ) ) ;
#776 = CARTESIAN_POINT ( 'NONE',  ( 0.000000000000000000, -1.001009463467013916, -16.45702232659739650 ) ) ;
#777 = CARTESIAN_POINT ( 'NONE',  ( -0.000000000000000000, -0.2878108085740323507, -0.2739133861431103378 ) ) ;
#778 = CARTESIAN_POINT ( 'NONE',  ( -4.741474866814648692, 0.9535126472268330433, -16.99999999999994671 ) ) ;
#779 = LENGTH_MEASURE_WITH_UNIT ( LENGTH_MEASURE( 0.02539999999999999897 ), #2131 );
#780 = CARTESIAN_POINT ( 'NONE',  ( 0.000000000000000000, 2.922343199453087514, -13.70654662507891608 ) ) ;
#781 = ORIENTED_EDGE ( 'NONE', *, *, #2338, .F. ) ;
#782 = CARTESIAN_POINT ( 'NONE',  ( 0.000000000000000000, 1.032263063445472140, -19.43212675593012051 ) ) ;
#783 = CARTESIAN_POINT ( 'NONE',  ( 1.499235554190819109, -0.03442549914752063983, -30.56849009535289596 ) ) ;
#784 = LINE ( 'NONE', #2114, #1431 ) ;
#785 = CARTESIAN_POINT ( 'NONE',  ( 4.207880039121126181, -0.02194308099261393225, -5.393927668329330300E-60 ) ) ;
#786 = EDGE_CURVE ( 'NONE', #2083, #1039, #407, .T. ) ;
#787 = CARTESIAN_POINT ( 'NONE',  ( -0.05666245508686303806, -0.9999999999999998890, -16.93793674744230060 ) ) ;
#788 = CARTESIAN_POINT ( 'NONE',  ( 4.201928854645045064, -0.1133845601967969630, -0.03715061498937378276 ) ) ;
#789 = CARTESIAN_POINT ( 'NONE',  ( -4.990139728226227867, 0.1882044680890067601, -17.00000000000000355 ) ) ;
#790 = CARTESIAN_POINT ( 'NONE',  ( -1.241818196724794987, 0.5642491959185330641, -42.49999999999997868 ) ) ;
#791 = CARTESIAN_POINT ( 'NONE',  ( 0.000000000000000000, 2.284415941472057732, -6.010960228858891696 ) ) ;
#792 = CARTESIAN_POINT ( 'NONE',  ( 0.5687399793451772823, 2.962626241343990774, -14.80440713544642684 ) ) ;
#793 = ORIENTED_EDGE ( 'NONE', *, *, #2384, .T. ) ;
#794 = CARTESIAN_POINT ( 'NONE',  ( -0.000000000000000000, 0.003191480875477791836, -13.76016029736194035 ) ) ;
#795 = AXIS2_PLACEMENT_3D ( 'NONE', #1598, #655, #2182 ) ;
#796 = CARTESIAN_POINT ( 'NONE',  ( -0.1936418181119802795, 2.998504073855911667, -17.00000000000000000 ) ) ;
#797 = COLOUR_RGB ( '',0.7921568627450980005, 0.8196078431372548767, 0.9333333333333333481 ) ;
#798 = CARTESIAN_POINT ( 'NONE',  ( -4.826925967218135938, -0.2612901081784124169, -16.99999999999997868 ) ) ;
#799 = CARTESIAN_POINT ( 'NONE',  ( -0.000000000000000000, 0.3162662375713187202, -12.02359176536929652 ) ) ;
#800 = CARTESIAN_POINT ( 'NONE',  ( 4.640440982924130431, -0.3731342616923054023, -11.92016052784990165 ) ) ;
#801 = CARTESIAN_POINT ( 'NONE',  ( -4.999949613062414144, 0.01345883918478646239, -17.00000000000000000 ) ) ;
#802 = EDGE_CURVE ( 'NONE', #267, #327, #758, .T. ) ;
#803 = CARTESIAN_POINT ( 'NONE',  ( 1.917327079691433234, 2.774247168535563191, -15.10492069735141918 ) ) ;
#804 = ORIENTED_EDGE ( 'NONE', *, *, #1319, .T. ) ;
#805 = CARTESIAN_POINT ( 'NONE',  ( -0.000000000000000000, 1.255614064461580082, -15.05597967004021065 ) ) ;
#806 = CARTESIAN_POINT ( 'NONE',  ( -1.499999999999998668, -0.004913940794867761343, -42.50000000000000000 ) ) ;
#807 = CARTESIAN_POINT ( 'NONE',  ( 9.184850993605141042E-17, 1.000000000000000000, -42.50000000000000000 ) ) ;
#808 = CARTESIAN_POINT ( 'NONE',  ( 14.00000000000000000, 1.836970198721028948E-16, -17.00000000000000000 ) ) ;
#809 = CARTESIAN_POINT ( 'NONE',  ( -1.700404060830839281, 2.733871691145203009, -10.41091953868990494 ) ) ;
#810 = CARTESIAN_POINT ( 'NONE',  ( 4.070943249476221659, -0.5808343981452819271, -12.55616535897488717 ) ) ;
#811 = CARTESIAN_POINT ( 'NONE',  ( -4.625398993861614905, 1.141788119116746270, -17.00000000000000000 ) ) ;
#812 = CARTESIAN_POINT ( 'NONE',  ( -3.157829712261232213, 2.347994505956300326, -17.00000000000007105 ) ) ;
#813 = CARTESIAN_POINT ( 'NONE',  ( 0.000000000000000000, 1.349021003033914257, -1.653576031125504109 ) ) ;
#814 = CYLINDRICAL_SURFACE ( 'NONE', #199, 0.09842519685039370636 ) ;
#815 = CARTESIAN_POINT ( 'NONE',  ( -4.819976859355720400, 0.7987262325998935042, -16.99999999999997158 ) ) ;
#816 = CARTESIAN_POINT ( 'NONE',  ( -0.000000000000000000, 1.216412856280491006, -16.81524593994601702 ) ) ;
#817 = CARTESIAN_POINT ( 'NONE',  ( 0.2717866139329405684, 3.000000000000000444, -24.63057149270263224 ) ) ;
#818 = DIRECTION ( 'NONE',  ( 1.000000000000000000, 0.000000000000000000, 0.000000000000000000 ) ) ;
#819 = CARTESIAN_POINT ( 'NONE',  ( 2.894845122780451696, -0.8166367801241005697, -17.00000000000000000 ) ) ;
#820 = CARTESIAN_POINT ( 'NONE',  ( -3.683054583722464415, 2.030581737118792418, -16.99999999999999289 ) ) ;
#821 = CARTESIAN_POINT ( 'NONE',  ( -0.8603802722476463494, -0.8208840737600829884, -42.49999999999998579 ) ) ;
#822 = CARTESIAN_POINT ( 'NONE',  ( 4.826925967217813529, -0.2612901081788283064, -11.69592504630985275 ) ) ;
#823 = CARTESIAN_POINT ( 'NONE',  ( -0.7736707406356179151, 2.966936851779230278, -16.99999999999998579 ) ) ;
#824 = CARTESIAN_POINT ( 'NONE',  ( 0.000000000000000000, 0.9999999999999998890, -26.85251289956651632 ) ) ;
#825 = CARTESIAN_POINT ( 'NONE',  ( -10.18280810883834064, 7.185530173602244552, -43.00000000000000711 ) ) ;
#826 = CARTESIAN_POINT ( 'NONE',  ( 4.388741479597474182, 1.439128881092105239, -12.31471194009997383 ) ) ;
#827 = ORIENTED_EDGE ( 'NONE', *, *, #1057, .T. ) ;
#828 = CARTESIAN_POINT ( 'NONE',  ( -4.966114183466224574, 0.3510152023983414415, -11.21317110344634926 ) ) ;
#829 = B_SPLINE_CURVE_WITH_KNOTS ( 'NONE', 3,
 ( #1955, #1047, #2210, #1806 ),
 .UNSPECIFIED., .F., .F.,
 ( 4, 4 ),
 ( 0.000000000000000000, 1.000000000000000000 ),
 .UNSPECIFIED. ) ;
#830 = CARTESIAN_POINT ( 'NONE',  ( -0.000000000000000000, 1.255371923028050452, -15.38930848257233919 ) ) ;
#831 = CARTESIAN_POINT ( 'NONE',  ( 1.326362556006437377, 0.4714132014826350470, -29.59092172257593134 ) ) ;
#832 = EDGE_CURVE ( 'NONE', #1109, #313, #1332, .T. ) ;
#833 = CARTESIAN_POINT ( 'NONE',  ( 0.5032579845711906419, -0.9433743162569729890, -42.50000000000000000 ) ) ;
#834 = CARTESIAN_POINT ( 'NONE',  ( -0.5687399793451772823, 2.962626241343990774, -14.80440713544642684 ) ) ;
#835 = PRESENTATION_LAYER_ASSIGNMENT (  '', '', ( #1515 ) ) ;
#836 = CARTESIAN_POINT ( 'NONE',  ( -0.000000000000000000, -0.6618660404652105811, -1.968828162902690693 ) ) ;
#837 = PLANE ( 'NONE',  #795 ) ;
#838 = CARTESIAN_POINT ( 'NONE',  ( 4.853726600439864924, 0.7511061176704409981, -16.99999999999998224 ) ) ;
#839 = CARTESIAN_POINT ( 'NONE',  ( -1.499890687059615813, -0.01474718157750385360, -42.50000000000000000 ) ) ;
#840 = CARTESIAN_POINT ( 'NONE',  ( 0.000000000000000000, 1.824190891257946312, -3.360442954848546826 ) ) ;
#841 = ORIENTED_EDGE ( 'NONE', *, *, #2414, .T. ) ;
#842 = CARTESIAN_POINT ( 'NONE',  ( -4.191293152831671698, 0.3214352443238209789, -0.06809230858926101915 ) ) ;
#843 = CARTESIAN_POINT ( 'NONE',  ( -0.000000000000000000, 1.233319548262782339, -16.39969510918945161 ) ) ;
#844 = SURFACE_SIDE_STYLE ('',( #75 ) ) ;
#845 = DIMENSIONAL_EXPONENTS ( 1.000000000000000000, 0.000000000000000000, 0.000000000000000000, 0.000000000000000000, 0.000000000000000000, 0.000000000000000000, 0.000000000000000000 ) ;
#846 = CARTESIAN_POINT ( 'NONE',  ( -10.00951109586823407, 7.392057511395214497, -42.00000000000000000 ) ) ;
#847 = CARTESIAN_POINT ( 'NONE',  ( 0.2134130468397171521, -1.000000000000000000, -21.91175175138112508 ) ) ;
#848 = CARTESIAN_POINT ( 'NONE',  ( -2.809591195290875643, 2.284415941472057732, -6.010960228858891696 ) ) ;
#849 = ADVANCED_FACE ( 'NONE', ( #2477 ), #587, .T. ) ;
#850 = CARTESIAN_POINT ( 'NONE',  ( 3.525910424469166582, -0.7662236709387180156, -2.981705054452099102 ) ) ;
#851 = CARTESIAN_POINT ( 'NONE',  ( -4.572961502667136933E-15, -0.9999999999999998890, -42.50000000000000000 ) ) ;
#852 = CARTESIAN_POINT ( 'NONE',  ( 5.000000000000000888, 0.1270727495919225236, -17.00000000000000000 ) ) ;
#853 = EDGE_LOOP ( 'NONE', ( #915, #546 ) ) ;
#854 = CARTESIAN_POINT ( 'NONE',  ( -4.991617500727711487, 0.1736750940554905309, -17.00000000000000711 ) ) ;
#855 = CARTESIAN_POINT ( 'NONE',  ( 0.7168974980580520295, 0.8841340953034259043, -28.23066822708704748 ) ) ;
#856 = B_SPLINE_CURVE_WITH_KNOTS ( 'NONE', 3,
 ( #2313, #994, #1520, #597 ),
 .UNSPECIFIED., .F., .F.,
 ( 4, 4 ),
 ( 0.000000000000000000, 1.000000000000000000 ),
 .UNSPECIFIED. ) ;
#857 = CARTESIAN_POINT ( 'NONE',  ( -1.924965061967903512, -0.9237972195996941860, -16.99999999999994316 ) ) ;
#858 = CARTESIAN_POINT ( 'NONE',  ( 0.7445917667907703263, -0.8696543738919658706, -42.49999999999996447 ) ) ;
#859 = CARTESIAN_POINT ( 'NONE',  ( -4.279345640064931899, 1.554217113579203557, -12.46878748608830989 ) ) ;
#860 = CARTESIAN_POINT ( 'NONE',  ( 1.636126420888594168, -1.015384271521324377, -10.49260397829176128 ) ) ;
#861 = CARTESIAN_POINT ( 'NONE',  ( 0.000000000000000000, 0.000000000000000000, -9.951125443511187996 ) ) ;
#862 = EDGE_CURVE ( 'NONE', #2083, #111, #784, .T. ) ;
#863 = CARTESIAN_POINT ( 'NONE',  ( -3.903862137560705659, -0.6250053328556882670, -17.00000000000001776 ) ) ;
#864 = EDGE_LOOP ( 'NONE', ( #892, #793 ) ) ;
#865 = CARTESIAN_POINT ( 'NONE',  ( -4.924416895573952679, -0.1742730662545399489, -16.99999999999996092 ) ) ;
#866 = FILL_AREA_STYLE ('',( #1064 ) ) ;
#867 = FACE_OUTER_BOUND ( 'NONE', #531, .T. ) ;
#868 = CARTESIAN_POINT ( 'NONE',  ( -3.704512688368403861, 1.550750481544767467, -2.275842429413998946 ) ) ;
#869 = CARTESIAN_POINT ( 'NONE',  ( -0.2116546013181556940, -0.9928506906314253921, -42.50000000000002132 ) ) ;
#870 = CARTESIAN_POINT ( 'NONE',  ( -0.000000000000000000, -0.8987359628879355578, -5.112180626881507095 ) ) ;
#871 = AXIS2_PLACEMENT_3D ( 'NONE', #682, #2437, #1826 ) ;
#872 = CARTESIAN_POINT ( 'NONE',  ( -4.400757325589244928, -0.4751027534923534246, -17.00000000000006395 ) ) ;
#873 = CARTESIAN_POINT ( 'NONE',  ( 5.604755547934115789, 3.696028755697608137, -39.00000000000000000 ) ) ;
#874 = DIMENSIONAL_EXPONENTS ( 1.000000000000000000, 0.000000000000000000, 0.000000000000000000, 0.000000000000000000, 0.000000000000000000, 0.000000000000000000, 0.000000000000000000 ) ;
#875 = CARTESIAN_POINT ( 'NONE',  ( -1.200000000000000400, -3.102447814381146463E-16, -42.00000000000000000 ) ) ;
#876 = EDGE_CURVE ( 'NONE', #1254, #338, #2057, .T. ) ;
#877 = AXIS2_PLACEMENT_3D ( 'NONE', #379, #1900, #739 ) ;
#878 = ORIENTED_EDGE ( 'NONE', *, *, #1932, .T. ) ;
#879 = CARTESIAN_POINT ( 'NONE',  ( -4.951739099177173031, -0.1401540970827911403, -11.51943057151410343 ) ) ;
#880 = EDGE_CURVE ( 'NONE', #969, #2199, #654, .T. ) ;
#881 = CARTESIAN_POINT ( 'NONE',  ( 28.00000000000000000, 0.1968503937007873850, -26.00000000000000355 ) ) ;
#882 = CARTESIAN_POINT ( 'NONE',  ( -1.409331281405007408, -0.3427922972401791224, -31.16600494491060758 ) ) ;
#883 = CARTESIAN_POINT ( 'NONE',  ( 4.664962915901908147, -0.3607039848344939514, -23.13362568348841108 ) ) ;
#884 = CARTESIAN_POINT ( 'NONE',  ( -0.000000000000000000, 0.03079456411068018720, -13.27766405713944309 ) ) ;
#885 = CARTESIAN_POINT ( 'NONE',  ( 1.019986702797707201, -0.9797944838271077650, -16.99999999999997513 ) ) ;
#886 = CARTESIAN_POINT ( 'NONE',  ( 3.841046272982358012, 1.922416115208227527, -16.99999999999998579 ) ) ;
#887 = CARTESIAN_POINT ( 'NONE',  ( 0.000000000000000000, 1.249120601428442390, -14.60148731561364599 ) ) ;
#888 = CARTESIAN_POINT ( 'NONE',  ( 0.000000000000000000, -0.6012584479101690249, -1.531284289178709068 ) ) ;
#889 = CARTESIAN_POINT ( 'NONE',  ( 1.373014292904055189, -0.4034176354197047676, -42.49999999999998579 ) ) ;
#890 = LENGTH_MEASURE_WITH_UNIT ( LENGTH_MEASURE( 0.02539999999999999897 ), #1611 );
#891 = CARTESIAN_POINT ( 'NONE',  ( -1.497926778000247872, -0.05410716957436902813, -42.49999999999997868 ) ) ;
#892 = ORIENTED_EDGE ( 'NONE', *, *, #880, .T. ) ;
#893 = CARTESIAN_POINT ( 'NONE',  ( -4.065815455416238677, -0.4495862643491814192, -0.7526416229798017499 ) ) ;
#894 = CARTESIAN_POINT ( 'NONE',  ( -0.000000000000000000, 0.5989500710790515159, -23.22476625932550931 ) ) ;
#895 = CARTESIAN_POINT ( 'NONE',  ( -1.483911057643928055, -0.1470592923724791945, -42.49999999999997868 ) ) ;
#896 = B_SPLINE_SURFACE_WITH_KNOTS ( 'NONE', 2, 1, ( 
 ( #2087, #2140 ),
 ( #1908, #1755 ),
 ( #589, #80 ) ),
 .UNSPECIFIED., .F., .F., .F.,
 ( 3, 3 ),
 ( 2, 2 ),
 ( 0.000000000000000000, 1.000000000000000000 ),
 ( 0.000000000000000000, 1.000000000000000000 ),
 .UNSPECIFIED. ) ;
#897 = CARTESIAN_POINT ( 'NONE',  ( -0.000000000000000000, 0.2092896890004032062, -12.29662330386748259 ) ) ;
#898 = CARTESIAN_POINT ( 'NONE',  ( -0.000000000000000000, -0.9102360105637486987, -5.379614057201767885 ) ) ;
#899 = CARTESIAN_POINT ( 'NONE',  ( 4.551147909341682229, 1.244438435646098684, -12.07008744173034565 ) ) ;
#900 = CARTESIAN_POINT ( 'NONE',  ( 0.000000000000000000, 1.060860683962394413, -12.58564758330342137 ) ) ;
#901 = CARTESIAN_POINT ( 'NONE',  ( -3.777976205875253068, -0.6618660404652105811, -1.968828162902690471 ) ) ;
#902 = CARTESIAN_POINT ( 'NONE',  ( 1.493572879722556257, -0.09339304447790713892, -42.49999999999996447 ) ) ;
#903 = CARTESIAN_POINT ( 'NONE',  ( 0.8184258675388107473, 0.4547423432016396427, -36.00000000000000000 ) ) ;
#904 = EDGE_LOOP ( 'NONE', ( #1797, #2398, #1856, #366 ) ) ;
#905 = CARTESIAN_POINT ( 'NONE',  ( -0.6799653292108236435, -0.9914972496121110535, -17.00000000000003908 ) ) ;
#906 = CARTESIAN_POINT ( 'NONE',  ( -1.176217820502787781, -0.6233214901064177971, -42.49999999999997158 ) ) ;
#907 = CARTESIAN_POINT ( 'NONE',  ( 4.588416580139366374, -0.3979417668754152149, -17.00000000000006395 ) ) ;
#908 = EDGE_CURVE ( 'NONE', #111, #1601, #856, .T. ) ;
#909 = CARTESIAN_POINT ( 'NONE',  ( 0.000000000000000000, 0.06528981663683590397, -12.97163717372312597 ) ) ;
#910 = CARTESIAN_POINT ( 'NONE',  ( 3.229152945543063424, -0.7639068868901682796, -17.00000000000000000 ) ) ;
#911 = CARTESIAN_POINT ( 'NONE',  ( 4.471602892857942102, 1.343106124686381575, -17.00000000000003908 ) ) ;
#912 = CARTESIAN_POINT ( 'NONE',  ( -0.000000000000000000, 1.126865895277450846, -12.96051541348008662 ) ) ;
#913 = CARTESIAN_POINT ( 'NONE',  ( 0.000000000000000000, -0.8863308062423218558, -4.844965702490965143 ) ) ;
#914 = DIRECTION ( 'NONE',  ( 0.9778024140774095319, -1.282995639212629026E-17, 0.2095290887308735306 ) ) ;
#915 = ORIENTED_EDGE ( 'NONE', *, *, #1182, .F. ) ;
#916 = AXIS2_PLACEMENT_3D ( 'NONE', #960, #1753, #2138 ) ;
#917 = CARTESIAN_POINT ( 'NONE',  ( 0.000000000000000000, -0.3229964528616423580, -0.3545696408358990359 ) ) ;
#918 = B_SPLINE_CURVE_WITH_KNOTS ( 'NONE', 2,
 ( #1117, #226, #984 ),
 .UNSPECIFIED., .F., .F.,
 ( 3, 3 ),
 ( 0.000000000000000000, 1.000000000000000000 ),
 .UNSPECIFIED. ) ;
#919 = CARTESIAN_POINT ( 'NONE',  ( -3.490373944487823010, -0.7171822910863820955, -16.99999999999998224 ) ) ;
#920 = CARTESIAN_POINT ( 'NONE',  ( 1.409331281405012515, -0.3427922972401790114, -42.49999999999997868 ) ) ;
#921 = CARTESIAN_POINT ( 'NONE',  ( -0.9716718043999178489, -0.7637811388722062222, -42.50000000000000711 ) ) ;
#922 = CARTESIAN_POINT ( 'NONE',  ( 0.000000000000000000, 0.4802502960085778816, -0.1728902592297870133 ) ) ;
#923 = CARTESIAN_POINT ( 'NONE',  ( -0.000000000000000000, 1.129732962662845397, -12.98015282752265165 ) ) ;
#924 = CARTESIAN_POINT ( 'NONE',  ( -2.380265308824208947, -0.8805447255184710720, -17.00000000000003908 ) ) ;
#925 = CARTESIAN_POINT ( 'NONE',  ( 4.196853261859599726, -0.1467618487982143838, -0.06561341721281854777 ) ) ;
#926 = DIRECTION ( 'NONE',  ( -0.6427876096865400291, 0.7660444431189774583, 0.000000000000000000 ) ) ;
#927 = VERTEX_POINT ( 'NONE', #1715 ) ;
#928 = CARTESIAN_POINT ( 'NONE',  ( 0.000000000000000000, -1.018958968937477616, -12.65839062615290445 ) ) ;
#929 = CARTESIAN_POINT ( 'NONE',  ( -0.000000000000000000, 1.170173994675900220, -17.66285893638796267 ) ) ;
#930 = CARTESIAN_POINT ( 'NONE',  ( -2.894845122780451696, -0.8166367801241005697, -17.00000000000000000 ) ) ;
#931 = CARTESIAN_POINT ( 'NONE',  ( 4.272689946788247539, -0.5196930224232231277, -17.00000000000001776 ) ) ;
#932 = CARTESIAN_POINT ( 'NONE',  ( 0.000000000000000000, 0.3214352443238209789, -0.06809230858926101915 ) ) ;
#933 = CARTESIAN_POINT ( 'NONE',  ( -4.097834700574278344, -0.4052229930036406191, -0.5936662704819418712 ) ) ;
#934 = CARTESIAN_POINT ( 'NONE',  ( -0.000000000000000000, 1.098269537869442480, -12.78157315809921002 ) ) ;
#935 = CARTESIAN_POINT ( 'NONE',  ( -2.663505286905115454, -0.8470594639169161111, -16.99999999999996092 ) ) ;
#936 = CARTESIAN_POINT ( 'NONE',  ( 4.085415610030656453, -0.4237904803647085106, -0.6570112486012418263 ) ) ;
#937 = CARTESIAN_POINT ( 'NONE',  ( -0.6889763779521065334, 8.437527159471842617E-17, -42.49999999999966604 ) ) ;
#938 = ORIENTED_EDGE ( 'NONE', *, *, #2154, .F. ) ;
#939 = CARTESIAN_POINT ( 'NONE',  ( 0.000000000000000000, -0.8077036514671622758, -3.512596957681179077 ) ) ;
#940 = DIRECTION ( 'NONE',  ( 0.000000000000000000, 1.000000000000000000, 0.000000000000000000 ) ) ;
#941 = EDGE_CURVE ( 'NONE', #2387, #618, #1708, .T. ) ;
#942 = CARTESIAN_POINT ( 'NONE',  ( -4.978977685378947804, -0.09823786536375732348, -23.24697381820114828 ) ) ;
#943 = ADVANCED_BREP_SHAPE_REPRESENTATION ( 'mastermodel', ( #2004, #304, #314, #2035, #1152, #367, #115 ), #2404 ) ;
#944 = CARTESIAN_POINT ( 'NONE',  ( 0.000000000000000000, 0.01715047937156343599, -13.45496730974508459 ) ) ;
#945 = CARTESIAN_POINT ( 'NONE',  ( -4.997049157069537451, 0.1045529974457648920, -11.27765737359025167 ) ) ;
#946 = CARTESIAN_POINT ( 'NONE',  ( -0.000000000000000000, 1.070807569652059144, -12.63434046261438404 ) ) ;
#947 = CARTESIAN_POINT ( 'NONE',  ( 0.000000000000000000, -0.9820035808656387699, -7.794935118243097705 ) ) ;
#948 = CARTESIAN_POINT ( 'NONE',  ( 4.993300904049741362, 0.1555006581370469154, -11.23464184730357474 ) ) ;
#949 = CARTESIAN_POINT ( 'NONE',  ( 2.247542661599893687, -0.8942487155240368413, -17.00000000000003553 ) ) ;
#950 = ORIENTED_EDGE ( 'NONE', *, *, #1442, .T. ) ;
#951 = LINE ( 'NONE', #95, #1913 ) ;
#952 = EDGE_CURVE ( 'NONE', #1601, #2309, #1061, .T. ) ;
#953 = CARTESIAN_POINT ( 'NONE',  ( 0.000000000000000000, -0.4495862643491814192, -0.7526416229798017499 ) ) ;
#954 = CARTESIAN_POINT ( 'NONE',  ( -1.251386099475116254, -0.5533251020562641731, -42.49999999999998579 ) ) ;
#955 = CARTESIAN_POINT ( 'NONE',  ( 0.000000000000000000, 0.000000000000000000, -26.00000000000000000 ) ) ;
#956 = CLOSED_SHELL ( 'NONE', ( #377, #326, #1116, #297, #196 ) ) ;
#957 = CARTESIAN_POINT ( 'NONE',  ( 0.000000000000000000, 0.9038042869769309373, -20.71347158500037011 ) ) ;
#958 = CARTESIAN_POINT ( 'NONE',  ( -4.739710220946359520, -0.3195419698174900014, -17.00000000000003908 ) ) ;
#959 = VECTOR ( 'NONE', #238, 39.37007874015748143 ) ;
#960 = CARTESIAN_POINT ( 'NONE',  ( 0.000000000000000000, 0.000000000000000000, -42.49999999999966604 ) ) ;
#961 = CARTESIAN_POINT ( 'NONE',  ( 4.920621955696319993, 0.5339701485902236255, -11.33760364116386476 ) ) ;
#962 = CARTESIAN_POINT ( 'NONE',  ( -0.000000000000000000, 0.9467081782809079193, -12.16570661308293566 ) ) ;
#963 = CARTESIAN_POINT ( 'NONE',  ( 0.000000000000000000, -1.004606118803729853, -15.73307305570234860 ) ) ;
#964 = CARTESIAN_POINT ( 'NONE',  ( 4.951739099174833569, -0.1401540970855187640, -17.00000000000001066 ) ) ;
#965 = PRODUCT_CONTEXT ( 'NONE', #2190, 'mechanical' ) ;
#966 = CARTESIAN_POINT ( 'NONE',  ( -4.279345640064442513, 1.554217113579671405, -16.99999999999997513 ) ) ;
#967 = CARTESIAN_POINT ( 'NONE',  ( 0.000000000000000000, -0.6389155647953508321, -1.793564675080913995 ) ) ;
#968 = CARTESIAN_POINT ( 'NONE',  ( 0.000000000000000000, 2.986230737967060733, -15.71920553349343841 ) ) ;
#969 = VERTEX_POINT ( 'NONE', #2326 ) ;
#970 = CARTESIAN_POINT ( 'NONE',  ( -0.000000000000000000, 0.8995382420019288894, -20.75288798604278284 ) ) ;
#971 = CARTESIAN_POINT ( 'NONE',  ( -1.499235554190823105, -0.03442549914752053575, -42.50000000000000000 ) ) ;
#972 = CARTESIAN_POINT ( 'NONE',  ( 4.909770759991974209, -0.1899935595992790494, -17.00000000000000000 ) ) ;
#973 = CARTESIAN_POINT ( 'NONE',  ( -0.000000000000000000, 0.008273750665786536868, -13.61798372922569555 ) ) ;
#974 = CARTESIAN_POINT ( 'NONE',  ( -0.000000000000000000, -1.001009463467013916, -16.45702232659739650 ) ) ;
#975 = CARTESIAN_POINT ( 'NONE',  ( -3.059624050762772551, -0.7913032348056989740, -16.99999999999998224 ) ) ;
#976 = CARTESIAN_POINT ( 'NONE',  ( -3.841046272982358012, 1.922416115208227527, -16.99999999999998579 ) ) ;
#977 = CARTESIAN_POINT ( 'NONE',  ( 0.000000000000000000, 0.7414874068328767276, -0.4429429513896855908 ) ) ;
#978 = CARTESIAN_POINT ( 'NONE',  ( 0.000000000000000000, 2.997563291180005862, -16.45107171167897775 ) ) ;
#979 = CARTESIAN_POINT ( 'NONE',  ( -0.000000000000000000, 1.135025143944760284, -18.18664169291849930 ) ) ;
#980 = CARTESIAN_POINT ( 'NONE',  ( -1.493572879722552038, -0.09339304447790723607, -30.67818457620036909 ) ) ;
#981 = CARTESIAN_POINT ( 'NONE',  ( 4.999999999999999112, -0.01441343945001346931, -23.26872879848687248 ) ) ;
#982 = CARTESIAN_POINT ( 'NONE',  ( -0.8184258675388107473, 0.4547423432016396427, -36.00000000000000000 ) ) ;
#983 = CARTESIAN_POINT ( 'NONE',  ( -3.079399202567367322, 2.119444610576840748, -4.911854904339849170 ) ) ;
#984 = CARTESIAN_POINT ( 'NONE',  ( -1.199999999999999956, 0.000000000000000000, -36.00000000000000000 ) ) ;
#985 = CARTESIAN_POINT ( 'NONE',  ( -0.000000000000000000, 0.7762711468526175551, -11.83657070941948852 ) ) ;
#986 = CARTESIAN_POINT ( 'NONE',  ( 4.861304993401002861, -0.2344812797816232530, -17.00000000000000355 ) ) ;
#987 = CARTESIAN_POINT ( 'NONE',  ( -2.654541362091609180, 2.546574709826593619, -16.99999999999998224 ) ) ;
#988 = CARTESIAN_POINT ( 'NONE',  ( -0.6889763779521065334, 8.437527159471842617E-17, -44.01574803149572546 ) ) ;
#989 = CARTESIAN_POINT ( 'NONE',  ( 0.000000000000000000, 2.808263443050779351, -11.50991645908336203 ) ) ;
#990 = CARTESIAN_POINT ( 'NONE',  ( -4.988574822647340312, 0.2027265451507805349, -17.00000000000000355 ) ) ;
#991 = CARTESIAN_POINT ( 'NONE',  ( 0.000000000000000000, 1.256003923051432603, -15.23402680847616786 ) ) ;
#992 = CARTESIAN_POINT ( 'NONE',  ( -4.811763095965809534, -0.2733866468416010220, -16.99999999999995737 ) ) ;
#993 = CARTESIAN_POINT ( 'NONE',  ( 4.947796571736404303, -0.1471235035225071652, -16.99999999999998224 ) ) ;
#994 = CARTESIAN_POINT ( 'NONE',  ( -28.00000000000000000, 1.787763642392416585, -19.44768880900623031 ) ) ;
#995 = COLOUR_RGB ( '',0.7921568627450980005, 0.8196078431372548767, 0.9333333333333333481 ) ;
#996 = CARTESIAN_POINT ( 'NONE',  ( -1.158190867628432930, 2.921600748304097106, -15.86264035873115574 ) ) ;
#997 = CIRCLE ( 'NONE', #2480, 0.09842519685039370636 ) ;
#998 = CARTESIAN_POINT ( 'NONE',  ( -0.000000000000000000, 1.038906572646280946, -12.48712530941288001 ) ) ;
#999 = CARTESIAN_POINT ( 'NONE',  ( -0.6253129059279357582, -0.9104041722114945001, -32.89266302244068640 ) ) ;
#1000 = CARTESIAN_POINT ( 'NONE',  ( 4.154053903096862399, -0.5568234183416528316, -12.46487432481566948 ) ) ;
#1001 = CARTESIAN_POINT ( 'NONE',  ( -4.999441446436190262, 0.04625705447602835446, -16.99999999999999289 ) ) ;
#1002 = DIRECTION ( 'NONE',  ( 1.000000000000000000, 0.000000000000000000, -3.122111992759157964E-16 ) ) ;
#1003 = CARTESIAN_POINT ( 'NONE',  ( 0.000000000000000000, 2.544906296202407159, -8.211385715652477657 ) ) ;
#1004 = PRODUCT_RELATED_PRODUCT_CATEGORY ( 'part', '', ( #382 ) ) ;
#1005 = CARTESIAN_POINT ( 'NONE',  ( 0.000000000000000000, 2.544906296202407159, -8.211385715652477657 ) ) ;
#1006 = CARTESIAN_POINT ( 'NONE',  ( -4.896718546594206245, 0.6089324855910807077, -17.00000000000002132 ) ) ;
#1007 = CARTESIAN_POINT ( 'NONE',  ( -0.000000000000000000, 1.245302700085483272, -16.00811108960917295 ) ) ;
#1008 = CARTESIAN_POINT ( 'NONE',  ( 1.326362556006440263, 0.4714132014826352135, -42.49999999999992895 ) ) ;
#1009 = CARTESIAN_POINT ( 'NONE',  ( 2.894845122780452584, -0.8166367801241005697, -22.62930117088899706 ) ) ;
#1010 = CARTESIAN_POINT ( 'NONE',  ( -0.1422353977868335007, 2.997563291180005862, -16.45107171167897775 ) ) ;
#1011 = CARTESIAN_POINT ( 'NONE',  ( 10.26945661532339749, 7.082266504705756027, -42.00000000000000000 ) ) ;
#1012 = CARTESIAN_POINT ( 'NONE',  ( 0.000000000000000000, 0.7480083640363855979, -11.80702807694277645 ) ) ;
#1013 = CARTESIAN_POINT ( 'NONE',  ( 3.723677313010895773, -0.6882188965688003091, -2.188342823531936876 ) ) ;
#1014 = CARTESIAN_POINT ( 'NONE',  ( -4.896718546594206245, 0.6089324855910807077, -17.00000000000002132 ) ) ;
#1015 = CARTESIAN_POINT ( 'NONE',  ( -0.7168974980580536949, 0.8841340953034259043, -42.50000000000004974 ) ) ;
#1016 = SURFACE_STYLE_USAGE ( .BOTH. , #1972 ) ;
#1017 = DIRECTION ( 'NONE',  ( 1.000000000000000000, 0.000000000000000000, 0.000000000000000000 ) ) ;
#1018 = CARTESIAN_POINT ( 'NONE',  ( -4.207939324268542336, 0.04709266566879742599, -3.755168179617177410E-17 ) ) ;
#1019 = CARTESIAN_POINT ( 'NONE',  ( 0.000000000000000000, 1.247054581130577988, -15.93844852914186738 ) ) ;
#1020 = CARTESIAN_POINT ( 'NONE',  ( 4.429170842568816546, 1.405207228723909241, -23.62900170255554144 ) ) ;
#1021 = CARTESIAN_POINT ( 'NONE',  ( 3.219492597875211803, -0.7666661273606343308, -22.71856097988037249 ) ) ;
#1022 = CARTESIAN_POINT ( 'NONE',  ( 0.000000000000000000, 3.000000000000000444, -17.00000000000000000 ) ) ;
#1023 = CARTESIAN_POINT ( 'NONE',  ( 4.791241046752192645, -0.2863023893477734672, -11.74055508525316327 ) ) ;
#1024 = CARTESIAN_POINT ( 'NONE',  ( -4.861304993401002861, -0.2344812797816232530, -17.00000000000000355 ) ) ;
#1025 = CARTESIAN_POINT ( 'NONE',  ( 10.00951109586823407, 7.392057511395214497, -42.00000000000000000 ) ) ;
#1026 = SURFACE_STYLE_USAGE ( .BOTH. , #442 ) ;
#1027 = CARTESIAN_POINT ( 'NONE',  ( 0.000000000000000000, 1.078704641661029084, -1.005708350550309937 ) ) ;
#1028 = ORIENTED_EDGE ( 'NONE', *, *, #532, .T. ) ;
#1029 = CARTESIAN_POINT ( 'NONE',  ( 0.000000000000000000, 1.254451254646707259, -14.90890952481465526 ) ) ;
#1030 = CARTESIAN_POINT ( 'NONE',  ( -1.491500756324730226, 0.1295303839278836855, -30.27526095489089997 ) ) ;
#1031 = CARTESIAN_POINT ( 'NONE',  ( 28.00000000000000000, -0.005821613887625817253, -19.46728963045352501 ) ) ;
#1032 = CARTESIAN_POINT ( 'NONE',  ( 0.8603802722476463494, -0.8208840737600829884, -42.49999999999998579 ) ) ;
#1033 = CARTESIAN_POINT ( 'NONE',  ( -3.841046272982246546, 1.922416115208300802, -13.02857411198167803 ) ) ;
#1034 = DIRECTION ( 'NONE',  ( -1.000000000000000000, 0.000000000000000000, -0.000000000000000000 ) ) ;
#1035 = CARTESIAN_POINT ( 'NONE',  ( 3.885169654542995676, -0.6012584479101691359, -1.531284289178709068 ) ) ;
#1036 = CIRCLE ( 'NONE', #1434, 0.6889763779521065334 ) ;
#1037 = CARTESIAN_POINT ( 'NONE',  ( -0.9421505137661907447, 0.7854437899936298484, -28.68504473726992288 ) ) ;
#1038 = CARTESIAN_POINT ( 'NONE',  ( -0.09842519685039370636, 1.205361022782828035E-17, -44.01574803149572546 ) ) ;
#1039 = VERTEX_POINT ( 'NONE', #2125 ) ;
#1040 = CARTESIAN_POINT ( 'NONE',  ( -4.819976859355767473, 0.7987262325998131240, -11.58077774465007970 ) ) ;
#1041 = CARTESIAN_POINT ( 'NONE',  ( 1.491500756324730226, 0.1295303839278836855, -30.27526095489089997 ) ) ;
#1042 = CARTESIAN_POINT ( 'NONE',  ( -1.603049446489940077, -0.9480219227840590568, -17.00000000000005684 ) ) ;
#1043 = CARTESIAN_POINT ( 'NONE',  ( -0.000000000000000000, -1.000000000000000000, -33.95013838915571114 ) ) ;
#1044 = CARTESIAN_POINT ( 'NONE',  ( -3.343860753801326968, 1.920798756836002763, -3.815516159102938509 ) ) ;
#1045 = ADVANCED_FACE ( 'NONE', ( #405 ), #2038, .F. ) ;
#1046 = CARTESIAN_POINT ( 'NONE',  ( 3.651721914262088475, -0.6832271439097722388, -13.01406047244184094 ) ) ;
#1047 = CARTESIAN_POINT ( 'NONE',  ( 0.000000000000000000, 0.000000000000000000, -17.99999999999999645 ) ) ;
#1048 = CARTESIAN_POINT ( 'NONE',  ( 0.000000000000000000, -0.7426174996563577047, -2.716806701331475615 ) ) ;
#1049 = ORIENTED_EDGE ( 'NONE', *, *, #908, .F. ) ;
#1050 = CARTESIAN_POINT ( 'NONE',  ( -4.993300904049741362, 0.1555006581370368679, -17.00000000000000711 ) ) ;
#1051 = CARTESIAN_POINT ( 'NONE',  ( 0.8155851064175357878, 2.973470175668034621, -24.50837707901566631 ) ) ;
#1052 = CARTESIAN_POINT ( 'NONE',  ( -0.000000000000000000, 0.3852745779336105292, -24.75094738889275092 ) ) ;
#1053 = CARTESIAN_POINT ( 'NONE',  ( 9.184850993605147944E-16, -0.9999999999999998890, -17.00000000000000000 ) ) ;
#1054 = CARTESIAN_POINT ( 'NONE',  ( 1.373014292904050304, -0.4034176354197048231, -31.29402938829590042 ) ) ;
#1055 = CARTESIAN_POINT ( 'NONE',  ( -4.388741479596766304, 1.439128881092873513, -17.00000000000001776 ) ) ;
#1056 = CARTESIAN_POINT ( 'NONE',  ( 4.986455753938290769, 0.2208644962105154042, -11.19223325419844350 ) ) ;
#1057 = EDGE_CURVE ( 'NONE', #693, #1425, #419, .T. ) ;
#1058 = CARTESIAN_POINT ( 'NONE',  ( 2.315218320178252576, -0.9820035808656389920, -7.794935118243097705 ) ) ;
#1059 = CARTESIAN_POINT ( 'NONE',  ( -3.592122068732380491, -0.7426174996563577047, -2.716806701331475615 ) ) ;
#1060 = ORIENTED_EDGE ( 'NONE', *, *, #1884, .T. ) ;
#1061 = B_SPLINE_CURVE_WITH_KNOTS ( 'NONE', 3,
 ( #2150, #211, #1355, #1126 ),
 .UNSPECIFIED., .F., .F.,
 ( 4, 4 ),
 ( 0.000000000000000000, 1.000000000000000000 ),
 .UNSPECIFIED. ) ;
#1062 = CARTESIAN_POINT ( 'NONE',  ( -4.998417235169831940, -0.03022612973511518836, -16.99999999999996447 ) ) ;
#1063 = DIMENSIONAL_EXPONENTS ( 1.000000000000000000, 0.000000000000000000, 0.000000000000000000, 0.000000000000000000, 0.000000000000000000, 0.000000000000000000, 0.000000000000000000 ) ;
#1064 = FILL_AREA_STYLE_COLOUR ( '', #1068 ) ;
#1065 = CARTESIAN_POINT ( 'NONE',  ( -0.000000000000000000, 0.2432950645656199729, -12.19623410403441532 ) ) ;
#1066 = CARTESIAN_POINT ( 'NONE',  ( -0.000000000000000000, -1.018958968937477616, -12.65839062615290445 ) ) ;
#1067 = CARTESIAN_POINT ( 'NONE',  ( 0.000000000000000000, 1.739712779365544471, -2.997587755747153970 ) ) ;
#1068 = COLOUR_RGB ( '',0.7921568627450980005, 0.8196078431372548767, 0.9333333333333333481 ) ;
#1069 = CARTESIAN_POINT ( 'NONE',  ( -0.000000000000000000, 1.251088957645657640, -15.74073323849739481 ) ) ;
#1070 = CARTESIAN_POINT ( 'NONE',  ( 0.000000000000000000, -0.7167372867634747013, -2.452331768310797244 ) ) ;
#1071 = CARTESIAN_POINT ( 'NONE',  ( 1.448147997414926502, -0.2611871707616383320, -42.50000000000000000 ) ) ;
#1072 = DIRECTION ( 'NONE',  ( 0.000000000000000000, 0.000000000000000000, 1.000000000000000000 ) ) ;
#1073 = AXIS2_PLACEMENT_3D ( 'NONE', #2292, #727, #481 ) ;
#1074 = ORIENTED_EDGE ( 'NONE', *, *, #1396, .F. ) ;
#1075 = CARTESIAN_POINT ( 'NONE',  ( -4.999927771431977419, -0.008402744818462842824, -17.00000000000002842 ) ) ;
#1076 = CARTESIAN_POINT ( 'NONE',  ( 0.000000000000000000, 0.4153525411688102631, -24.54388628883625856 ) ) ;
#1077 = CARTESIAN_POINT ( 'NONE',  ( -4.004285108365668755, -0.5993435179749326824, -17.00000000000001066 ) ) ;
#1078 = CARTESIAN_POINT ( 'NONE',  ( -0.000000000000000000, 0.1849685629988963853, -12.37772061677642732 ) ) ;
#1079 = CARTESIAN_POINT ( 'NONE',  ( 3.819984457206082595, -0.6453961099313691996, -12.83064134445098503 ) ) ;
#1080 = CARTESIAN_POINT ( 'NONE',  ( 3.785731988146119775, 1.439593008670458474, -1.919053465475974773 ) ) ;
#1081 = CARTESIAN_POINT ( 'NONE',  ( -0.000000000000000000, 1.067479360103695818, -12.61791170701557974 ) ) ;
#1082 = CARTESIAN_POINT ( 'NONE',  ( 1.241818196724794987, 0.5642491959185330641, -42.49999999999997868 ) ) ;
#1083 = CARTESIAN_POINT ( 'NONE',  ( 4.667987110103672954, 1.093983691032113015, -17.00000000000000000 ) ) ;
#1084 = ORIENTED_EDGE ( 'NONE', *, *, #1698, .F. ) ;
#1085 = CARTESIAN_POINT ( 'NONE',  ( 28.00000000000000000, 3.673940397442057896E-16, -20.00000000000000000 ) ) ;
#1086 = ADVANCED_FACE ( 'NONE', ( #2339 ), #1410, .T. ) ;
#1087 = CARTESIAN_POINT ( 'NONE',  ( -0.000000000000000000, 0.2915741611677759026, -25.38398655238120938 ) ) ;
#1088 = CARTESIAN_POINT ( 'NONE',  ( -1.176217820502782230, -0.6233214901064177971, -31.82026058019886250 ) ) ;
#1089 = CARTESIAN_POINT ( 'NONE',  ( 4.739710220946359520, -0.3195419698174900014, -17.00000000000003908 ) ) ;
#1090 = CARTESIAN_POINT ( 'NONE',  ( -0.000000000000000000, 0.1929706434624479106, -12.35012193528441493 ) ) ;
#1091 = CARTESIAN_POINT ( 'NONE',  ( -0.000000000000000000, -0.9949875858359171765, -8.512998273233991497 ) ) ;
#1092 = CARTESIAN_POINT ( 'NONE',  ( 3.904269457170155277, 1.249857830344573317, -1.390923807459694572 ) ) ;
#1093 = CARTESIAN_POINT ( 'NONE',  ( -0.000000000000000000, 1.197690279005755309, -13.59177282988275159 ) ) ;
#1094 = CARTESIAN_POINT ( 'NONE',  ( -3.192273388672795864, -0.8584966906836903888, -4.311235227228343625 ) ) ;
#1095 = CARTESIAN_POINT ( 'NONE',  ( 1.495966592808405382, -0.07376339055747918594, -42.49999999999997158 ) ) ;
#1096 = DIRECTION ( 'NONE',  ( 0.000000000000000000, 0.000000000000000000, -1.000000000000000000 ) ) ;
#1097 = ORIENTED_EDGE ( 'NONE', *, *, #621, .F. ) ;
#1098 = CARTESIAN_POINT ( 'NONE',  ( 0.000000000000000000, -0.8729458641656651086, -4.577979925972419650 ) ) ;
#1099 = CARTESIAN_POINT ( 'NONE',  ( -1.019986702797707201, -0.9797944838271077650, -16.99999999999997513 ) ) ;
#1100 = CARTESIAN_POINT ( 'NONE',  ( -1.306080392171999449, -0.4927514192638646207, -42.50000000000000711 ) ) ;
#1101 = CARTESIAN_POINT ( 'NONE',  ( 1.495966592808405382, -0.07376339055747918594, -42.49999999999997158 ) ) ;
#1102 = CARTESIAN_POINT ( 'NONE',  ( 0.000000000000000000, 0.02719413457314834651, -13.31872962808063932 ) ) ;
#1103 = FILL_AREA_STYLE_COLOUR ( '', #2402 ) ;
#1104 = CARTESIAN_POINT ( 'NONE',  ( 4.279345640064931899, 1.554217113579203557, -12.46878748608830989 ) ) ;
#1105 = CARTESIAN_POINT ( 'NONE',  ( -0.000000000000000000, 1.242596033934104893, -14.37941640850104363 ) ) ;
#1106 = CARTESIAN_POINT ( 'NONE',  ( -3.229152945542943076, -0.7639068868901888187, -13.47383355849596676 ) ) ;
#1107 = CARTESIAN_POINT ( 'NONE',  ( 0.5032579845711906419, -0.9433743162569729890, -42.50000000000000000 ) ) ;
#1108 = CARTESIAN_POINT ( 'NONE',  ( 3.219492597875211359, -0.7666661273606343308, -16.99999999999999645 ) ) ;
#1109 = VERTEX_POINT ( 'NONE', #1194 ) ;
#1110 = CARTESIAN_POINT ( 'NONE',  ( 0.000000000000000000, 0.4802502960085778816, -0.1728902592297870133 ) ) ;
#1111 = AXIS2_PLACEMENT_3D ( 'NONE', #1450, #83, #2197 ) ;
#1112 = CARTESIAN_POINT ( 'NONE',  ( -0.000000000000000000, 0.9028151303972942188, -20.72262284131028309 ) ) ;
#1113 = CARTESIAN_POINT ( 'NONE',  ( -4.431915328394418374, -0.4633705935428318323, -17.00000000000003197 ) ) ;
#1114 = CARTESIAN_POINT ( 'NONE',  ( 4.192454321337493184, -0.5451809729877611366, -17.00000000000000000 ) ) ;
#1115 = CARTESIAN_POINT ( 'NONE',  ( -0.000000000000000000, 0.1260473883028746245, -12.61838499923094226 ) ) ;
#1116 = ADVANCED_FACE ( 'NONE', ( #867 ), #543, .T. ) ;
#1117 = CARTESIAN_POINT ( 'NONE',  ( -1.200000000000000400, -3.102447814381146463E-16, -42.00000000000000000 ) ) ;
#1118 = CARTESIAN_POINT ( 'NONE',  ( -4.993300904049741362, 0.1555006581370469154, -11.23464184730357474 ) ) ;
#1119 = CARTESIAN_POINT ( 'NONE',  ( -0.000000000000000000, 1.099514511441890496, -12.78877074904817768 ) ) ;
#1120 = CARTESIAN_POINT ( 'NONE',  ( -2.833606372403307816, -0.9244483450019499449, -5.736470805471513223 ) ) ;
#1121 = CARTESIAN_POINT ( 'NONE',  ( 4.127765675769454745, -0.3541027086344613606, -0.4368342655859517309 ) ) ;
#1122 = CARTESIAN_POINT ( 'NONE',  ( 1.580481662973754058E-15, -1.000000000000000222, -16.99999999999999289 ) ) ;
#1123 = ORIENTED_EDGE ( 'NONE', *, *, #340, .F. ) ;
#1124 = CARTESIAN_POINT ( 'NONE',  ( 0.000000000000000000, -0.1467618487982143838, -0.06561341721281854777 ) ) ;
#1125 = CARTESIAN_POINT ( 'NONE',  ( -4.352550580498808053, -0.4925034915519493350, -16.99999999999999289 ) ) ;
#1126 = CARTESIAN_POINT ( 'NONE',  ( -28.00000000000000000, 0.000000000000000000, -26.00000000000000355 ) ) ;
#1127 = FILL_AREA_STYLE ('',( #1103 ) ) ;
#1128 = CARTESIAN_POINT ( 'NONE',  ( -4.974724528790113176, -0.1029190018765963055, -17.00000000000000711 ) ) ;
#1129 = CARTESIAN_POINT ( 'NONE',  ( 0.000000000000000000, 1.092086355065003067, -12.74617283973568860 ) ) ;
#1130 = CARTESIAN_POINT ( 'NONE',  ( -1.636126420888594168, -1.015384271521324377, -10.49260397829176128 ) ) ;
#1131 = CARTESIAN_POINT ( 'NONE',  ( 4.183205588692384680, -0.2111971254275382681, -0.1405575779286229454 ) ) ;
#1132 = CARTESIAN_POINT ( 'NONE',  ( 4.111934455696824031, -0.5691638220163312001, -16.99999999999998934 ) ) ;
#1133 = CARTESIAN_POINT ( 'NONE',  ( 0.000000000000000000, 1.033256854031444183, -12.46334408263339100 ) ) ;
#1134 = CARTESIAN_POINT ( 'NONE',  ( 0.000000000000000000, -0.8584966906836903888, -4.311235227228343625 ) ) ;
#1135 = DIRECTION ( 'NONE',  ( 0.000000000000000000, -1.000000000000000000, 3.668290094488976590E-12 ) ) ;
#1136 = CARTESIAN_POINT ( 'NONE',  ( -0.000000000000000000, 1.153820654889089914, -17.91447090075335780 ) ) ;
#1137 = CARTESIAN_POINT ( 'NONE',  ( 0.09842519685039370636, 0.000000000000000000, -44.68503937007839966 ) ) ;
#1138 = DIRECTION ( 'NONE',  ( -1.000000000000000000, 0.000000000000000000, 0.000000000000000000 ) ) ;
#1139 = CARTESIAN_POINT ( 'NONE',  ( 4.966114183466224574, 0.3510152023983414415, -11.21317110344634926 ) ) ;
#1140 = CARTESIAN_POINT ( 'NONE',  ( 0.000000000000000000, 0.000000000000000000, -42.49999999999966604 ) ) ;
#1141 = CARTESIAN_POINT ( 'NONE',  ( -2.889928260653442660, -0.8164005952399349120, -17.00000000000002132 ) ) ;
#1142 = CARTESIAN_POINT ( 'NONE',  ( -0.000000000000000000, -0.4805289292544994706, -0.8810896319428145329 ) ) ;
#1143 = DIRECTION ( 'NONE',  ( -0.7412378345855435979, 0.6219723936153775945, -0.2524218971470029715 ) ) ;
#1144 = CARTESIAN_POINT ( 'NONE',  ( -4.429170842568816546, 1.405207228723909241, -17.00000000000000000 ) ) ;
#1145 = CARTESIAN_POINT ( 'NONE',  ( 0.000000000000000000, -0.9244483450019499449, -5.736470805471513223 ) ) ;
#1146 = CARTESIAN_POINT ( 'NONE',  ( 0.000000000000000000, 2.962626241343990774, -14.80440713544642684 ) ) ;
#1147 = ADVANCED_FACE ( 'NONE', ( #59 ), #2367, .T. ) ;
#1148 = AXIS2_PLACEMENT_3D ( 'NONE', #770, #1163, #1526 ) ;
#1149 = CARTESIAN_POINT ( 'NONE',  ( -0.000000000000000000, 1.008404241494374798, -19.68536902588052229 ) ) ;
#1150 = CARTESIAN_POINT ( 'NONE',  ( -4.811763095965809534, -0.2733866468416010220, -23.18098070157039814 ) ) ;
#1151 =( GEOMETRIC_REPRESENTATION_CONTEXT ( 3 ) GLOBAL_UNCERTAINTY_ASSIGNED_CONTEXT ( ( #1472 ) ) GLOBAL_UNIT_ASSIGNED_CONTEXT ( ( #1927, #255, #1200 ) ) REPRESENTATION_CONTEXT ( 'NONE', 'WORKASPACE' ) );
#1152 = MANIFOLD_SOLID_BREP ( 'Mirror5', #677 ) ;
#1153 = B_SPLINE_CURVE_WITH_KNOTS ( 'NONE', 3,
 ( #294, #1814, #2156, #1443 ),
 .UNSPECIFIED., .F., .F.,
 ( 4, 4 ),
 ( 0.000000000000000000, 1.000000000000000000 ),
 .UNSPECIFIED. ) ;
#1154 = CARTESIAN_POINT ( 'NONE',  ( 1.581574132461189386, -0.4547423432016396427, -36.00000000000000000 ) ) ;
#1155 = CARTESIAN_POINT ( 'NONE',  ( 4.937541170123955325, 0.4733972265783873978, -17.00000000000002132 ) ) ;
#1156 = DIRECTION ( 'NONE',  ( 0.000000000000000000, 0.000000000000000000, -1.000000000000000000 ) ) ;
#1157 = CARTESIAN_POINT ( 'NONE',  ( 0.000000000000000000, 0.9637275357740779924, -12.21579286053500013 ) ) ;
#1158 = CARTESIAN_POINT ( 'NONE',  ( 0.000000000000000000, -1.006864738450582886, -9.411958178891792315 ) ) ;
#1159 = CARTESIAN_POINT ( 'NONE',  ( 4.172900082842638803, -0.2463812810521625873, -0.1963545759330582452 ) ) ;
#1160 = DIRECTION ( 'NONE',  ( 1.000000000000000000, 0.000000000000000000, 0.000000000000000000 ) ) ;
#1161 = CARTESIAN_POINT ( 'NONE',  ( -4.471602892857942102, 1.343106124686381575, -17.00000000000003908 ) ) ;
#1162 = CARTESIAN_POINT ( 'NONE',  ( 0.000000000000000000, 2.025012656014277379, -4.363173122409775395 ) ) ;
#1163 = DIRECTION ( 'NONE',  ( 0.000000000000000000, 0.000000000000000000, -1.000000000000000000 ) ) ;
#1164 = CARTESIAN_POINT ( 'NONE',  ( 0.000000000000000000, 0.9244859153968140175, -20.52197840986365662 ) ) ;
#1165 = CARTESIAN_POINT ( 'NONE',  ( 1.499890687059611816, -0.01474718157750395421, -30.53266323400470483 ) ) ;
#1166 = CARTESIAN_POINT ( 'NONE',  ( -1.200000000000000400, -3.102447814381146463E-16, -42.00000000000000000 ) ) ;
#1167 = CARTESIAN_POINT ( 'NONE',  ( -2.259627212165241428, 2.544906296202407159, -8.211385715652477657 ) ) ;
#1168 = CARTESIAN_POINT ( 'NONE',  ( -0.000000000000000000, 0.8588516591124926158, -11.95981624943186183 ) ) ;
#1169 = CARTESIAN_POINT ( 'NONE',  ( -0.2116546013181556940, -0.9928506906314253921, -42.50000000000002132 ) ) ;
#1170 = CARTESIAN_POINT ( 'NONE',  ( -0.000000000000000000, -0.1774226262349141159, -0.09718002226612976191 ) ) ;
#1171 = CARTESIAN_POINT ( 'NONE',  ( -5.000035008234195999, 0.002526046979124608755, -16.99999999999998934 ) ) ;
#1172 = CARTESIAN_POINT ( 'NONE',  ( -1.116359178619751091, 0.6738592290191466327, -42.50000000000004974 ) ) ;
#1173 = CARTESIAN_POINT ( 'NONE',  ( 0.000000000000000000, 1.078704641661029084, -1.005708350550309937 ) ) ;
#1174 = CARTESIAN_POINT ( 'NONE',  ( -1.448147997414926502, -0.2611871707616383320, -42.50000000000000000 ) ) ;
#1175 = CARTESIAN_POINT ( 'NONE',  ( 0.4516862250229732867, 2.989503054816243566, -16.99999999999999289 ) ) ;
#1176 = EDGE_LOOP ( 'NONE', ( #1377, #1227, #1123, #1550 ) ) ;
#1177 = CARTESIAN_POINT ( 'NONE',  ( -4.207029217317629133, -0.06575736241383074721, -0.008619413769239019085 ) ) ;
#1178 = CARTESIAN_POINT ( 'NONE',  ( -0.000000000000000000, 1.196455299254419069, -17.21494896255676110 ) ) ;
#1179 = CARTESIAN_POINT ( 'NONE',  ( 0.000000000000000000, 0.000000000000000000, -26.00000000000000000 ) ) ;
#1180 = CARTESIAN_POINT ( 'NONE',  ( -0.06454632509124458295, 3.000000000000000444, -16.93679765731264553 ) ) ;
#1181 = EDGE_CURVE ( 'NONE', #1724, #125, #918, .T. ) ;
#1182 = EDGE_CURVE ( 'NONE', #618, #2387, #1278, .T. ) ;
#1183 = CARTESIAN_POINT ( 'NONE',  ( 0.000000000000000000, 0.3548693466729107571, -11.95150934115968333 ) ) ;
#1184 = CARTESIAN_POINT ( 'NONE',  ( -0.7445917667907703263, -0.8696543738919658706, -42.49999999999996447 ) ) ;
#1185 = CARTESIAN_POINT ( 'NONE',  ( 28.00000000000000000, 1.787763642392416585, -19.44768880900623031 ) ) ;
#1186 = CARTESIAN_POINT ( 'NONE',  ( 3.853252189149148244, -0.6206641212005495900, -1.662313511265053778 ) ) ;
#1187 = CARTESIAN_POINT ( 'NONE',  ( -4.845279499786301791, 0.7409858862953986325, -16.99999999999998579 ) ) ;
#1188 = CARTESIAN_POINT ( 'NONE',  ( 3.297970921105247477, 2.258131679737291897, -13.65547217770070354 ) ) ;
#1189 = CARTESIAN_POINT ( 'NONE',  ( 10.26945661532339749, 7.082266504705756027, -42.00000000000000000 ) ) ;
#1190 = CARTESIAN_POINT ( 'NONE',  ( -3.951930231903909796, 1.158452499533254132, -1.175332908289907108 ) ) ;
#1191 = CARTESIAN_POINT ( 'NONE',  ( -0.000000000000000000, 1.212193912302173437, -16.90632205177115210 ) ) ;
#1192 = CARTESIAN_POINT ( 'NONE',  ( -4.999999999999999112, -0.01441343945001346931, -17.00000000000000000 ) ) ;
#1193 = FILL_AREA_STYLE ('',( #1791 ) ) ;
#1194 = CARTESIAN_POINT ( 'NONE',  ( 1.580481662973754058E-15, -1.000000000000000222, -16.99999999999999289 ) ) ;
#1195 = CARTESIAN_POINT ( 'NONE',  ( -1.136042482874007886, 2.870884290402958339, -12.60842700149184914 ) ) ;
#1196 = CARTESIAN_POINT ( 'NONE',  ( -0.08463722156377884165, -0.9999999999999996669, -42.50000000000000000 ) ) ;
#1197 = CARTESIAN_POINT ( 'NONE',  ( 4.070943249476033365, -0.5808343981453154559, -16.99999999999998934 ) ) ;
#1198 = CARTESIAN_POINT ( 'NONE',  ( -4.988574822647340312, 0.2027265451507805349, -17.00000000000000355 ) ) ;
#1199 = FACE_OUTER_BOUND ( 'NONE', #1575, .T. ) ;
#1200 =( NAMED_UNIT ( * ) SI_UNIT ( $, .STERADIAN. ) SOLID_ANGLE_UNIT ( ) );
#1201 = FACE_OUTER_BOUND ( 'NONE', #1489, .T. ) ;
#1202 = CARTESIAN_POINT ( 'NONE',  ( -4.966114183466466159, 0.3510152023969992374, -17.00000000000001066 ) ) ;
#1203 = CARTESIAN_POINT ( 'NONE',  ( -0.000000000000000000, 1.189946260779798370, -17.33287386094883331 ) ) ;
#1204 = CARTESIAN_POINT ( 'NONE',  ( -1.455092417327135790, 0.2530407034408636013, -42.49999999999998579 ) ) ;
#1205 = CARTESIAN_POINT ( 'NONE',  ( 0.2717866139329414565, 3.000000000000000444, -17.00000000000000000 ) ) ;
#1206 = CARTESIAN_POINT ( 'NONE',  ( 1.603049446489940077, -0.9480219227840590568, -17.00000000000005684 ) ) ;
#1207 = CARTESIAN_POINT ( 'NONE',  ( -3.010601022504172608, 2.399979885834080839, -13.96997101958146992 ) ) ;
#1208 = CARTESIAN_POINT ( 'NONE',  ( 0.000000000000000000, 0.000000000000000000, -14.00000000000000000 ) ) ;
#1209 = CARTESIAN_POINT ( 'NONE',  ( -0.000000000000000000, -0.6882188965688003091, -2.188342823531936876 ) ) ;
#1210 = CARTESIAN_POINT ( 'NONE',  ( -4.826925967218135938, -0.2612901081784124169, -16.99999999999997868 ) ) ;
#1211 = EDGE_CURVE ( 'NONE', #693, #1406, #2291, .T. ) ;
#1212 = CARTESIAN_POINT ( 'NONE',  ( -2.407683153559209366, 2.646665650389298019, -16.99999999999993250 ) ) ;
#1213 = CARTESIAN_POINT ( 'NONE',  ( -10.18280810883834064, 7.185530173602244552, -42.00000000000000000 ) ) ;
#1214 = CARTESIAN_POINT ( 'NONE',  ( 4.819976859355720400, 0.7987262325998935042, -16.99999999999997158 ) ) ;
#1215 = ORIENTED_EDGE ( 'NONE', *, *, #786, .T. ) ;
#1216 = CARTESIAN_POINT ( 'NONE',  ( -4.920621955696319993, 0.5339701485902236255, -11.33760364116386476 ) ) ;
#1217 = CARTESIAN_POINT ( 'NONE',  ( -0.000000000000000000, 1.251956818659553550, -15.68818880215110489 ) ) ;
#1218 = CARTESIAN_POINT ( 'NONE',  ( 0.4822262244064516867, 0.9517998921818373592, -27.77407554601338546 ) ) ;
#1219 = CARTESIAN_POINT ( 'NONE',  ( 0.3791412976325432838, -0.9688056535667063374, -42.50000000000001421 ) ) ;
#1220 = CARTESIAN_POINT ( 'NONE',  ( -0.06454632509124659523, 3.000000000000000444, -17.00000000000000000 ) ) ;
#1221 = DIRECTION ( 'NONE',  ( 0.000000000000000000, 0.000000000000000000, -1.000000000000000000 ) ) ;
#1222 = CARTESIAN_POINT ( 'NONE',  ( 4.561721594960038040, -0.4100317718258146282, -12.01047144833437663 ) ) ;
#1223 = CARTESIAN_POINT ( 'NONE',  ( -1.530808498934191817E-16, 3.000000000000000444, -17.00000000000000000 ) ) ;
#1224 = CARTESIAN_POINT ( 'NONE',  ( 28.00000000000000000, 0.1968503937007874127, -26.00000000000000355 ) ) ;
#1225 = CARTESIAN_POINT ( 'NONE',  ( 0.000000000000000000, 0.000000000000000000, -44.68503937007839966 ) ) ;
#1226 = CARTESIAN_POINT ( 'NONE',  ( 3.841046272982246546, 1.922416115208300802, -13.02857411198167803 ) ) ;
#1227 = ORIENTED_EDGE ( 'NONE', *, *, #93, .T. ) ;
#1228 = CARTESIAN_POINT ( 'NONE',  ( -4.896718546594326149, 0.6089324855907440881, -11.40116097445077514 ) ) ;
#1229 = CARTESIAN_POINT ( 'NONE',  ( -4.972811803799165098, 0.3822305255690504611, -17.00000000000002132 ) ) ;
#1230 = CARTESIAN_POINT ( 'NONE',  ( 4.972811803799165098, 0.3822305255690504611, -17.00000000000002132 ) ) ;
#1231 = CARTESIAN_POINT ( 'NONE',  ( -0.08463722156377884165, -0.9999999999999996669, -42.50000000000000000 ) ) ;
#1232 = CARTESIAN_POINT ( 'NONE',  ( 0.9608547297678988741, -0.9820882749485965180, -22.10864154602640497 ) ) ;
#1233 = CARTESIAN_POINT ( 'NONE',  ( -3.845607587605282429, 1.349021003033914257, -1.653576031125504109 ) ) ;
#1234 = CARTESIAN_POINT ( 'NONE',  ( -4.572961502667136933E-15, -0.9999999999999998890, -42.50000000000000000 ) ) ;
#1235 = AXIS2_PLACEMENT_3D ( 'NONE', #2465, #1313, #1135 ) ;
#1236 = CARTESIAN_POINT ( 'NONE',  ( 4.893994097104013008, -0.2055844900821945653, -11.60717542243896361 ) ) ;
#1237 = VECTOR ( 'NONE', #569, 39.37007874015748143 ) ;
#1238 = CARTESIAN_POINT ( 'NONE',  ( -4.754559971693449683, -0.3097741240717875599, -17.00000000000000711 ) ) ;
#1239 = CARTESIAN_POINT ( 'NONE',  ( -28.00000000000000000, 0.6928345599018950196, -20.34311691479740958 ) ) ;
#1240 = CARTESIAN_POINT ( 'NONE',  ( -1.495966592808405382, -0.07376339055747918594, -42.49999999999997158 ) ) ;
#1241 = ORIENTED_EDGE ( 'NONE', *, *, #1442, .F. ) ;
#1242 = CARTESIAN_POINT ( 'NONE',  ( -4.191137807707263185, -0.1774226262349141159, -0.09718002226612976191 ) ) ;
#1243 = CARTESIAN_POINT ( 'NONE',  ( 1.398761063582708575, 0.3674914599863755571, -29.81799596076278291 ) ) ;
#1244 = ADVANCED_FACE ( 'NONE', ( #576 ), #385, .F. ) ;
#1245 = CARTESIAN_POINT ( 'NONE',  ( 0.2134130468397162639, -1.000000000000000000, -17.00000000000000000 ) ) ;
#1246 = CARTESIAN_POINT ( 'NONE',  ( -4.388741479597474182, 1.439128881092105239, -12.31471194009997383 ) ) ;
#1247 = EDGE_CURVE ( 'NONE', #1958, #2309, #2372, .T. ) ;
#1248 = CARTESIAN_POINT ( 'NONE',  ( 0.000000000000000000, 0.000000000000000000, -44.01574803149572546 ) ) ;
#1249 = CARTESIAN_POINT ( 'NONE',  ( 0.000000000000000000, 0.2346601684391412812, -12.22036978130578433 ) ) ;
#1250 = CARTESIAN_POINT ( 'NONE',  ( 3.539277227844308982, -0.7066751016655605788, -17.00000000000000711 ) ) ;
#1251 = CARTESIAN_POINT ( 'NONE',  ( 0.000000000000000000, -0.8584966906836903888, -4.311235227228343625 ) ) ;
#1252 = CARTESIAN_POINT ( 'NONE',  ( 0.3791412976325432838, -0.9688056535667063374, -42.50000000000001421 ) ) ;
#1253 = CYLINDRICAL_SURFACE ( 'NONE', #2441, 0.09842519685039370636 ) ;
#1254 = VERTEX_POINT ( 'NONE', #472 ) ;
#1255 = CARTESIAN_POINT ( 'NONE',  ( 0.000000000000000000, -0.3541027086344613606, -0.4368342655859517309 ) ) ;
#1256 =( NAMED_UNIT ( * ) PLANE_ANGLE_UNIT ( ) SI_UNIT ( $, .RADIAN. ) );
#1257 = CARTESIAN_POINT ( 'NONE',  ( -0.000000000000000000, -1.000000000000000222, -16.99999999999997158 ) ) ;
#1258 = CARTESIAN_POINT ( 'NONE',  ( 1.468434710033196700, -0.2047551541698611477, -30.89029238692774726 ) ) ;
#1259 = CARTESIAN_POINT ( 'NONE',  ( -4.279345640064442513, 1.554217113579671405, -16.99999999999997513 ) ) ;
#1260 = DIMENSIONAL_EXPONENTS ( 1.000000000000000000, 0.000000000000000000, 0.000000000000000000, 0.000000000000000000, 0.000000000000000000, 0.000000000000000000, 0.000000000000000000 ) ;
#1261 = CARTESIAN_POINT ( 'NONE',  ( 1.363852463716197061, -1.019133120498344924, -11.57484492995656744 ) ) ;
#1262 = CARTESIAN_POINT ( 'NONE',  ( -0.000000000000000000, 1.250478101686554488, -14.66404401699299243 ) ) ;
#1263 = CARTESIAN_POINT ( 'NONE',  ( -4.754559971692692066, -0.3097741240721965661, -11.78531452529102452 ) ) ;
#1264 = DIRECTION ( 'NONE',  ( -0.000000000000000000, -0.000000000000000000, 1.000000000000000000 ) ) ;
#1265 = CARTESIAN_POINT ( 'NONE',  ( -28.00000000000000000, 0.1968503937007873850, -26.00000000000000355 ) ) ;
#1266 = ORIENTED_EDGE ( 'NONE', *, *, #340, .T. ) ;
#1267 = CARTESIAN_POINT ( 'NONE',  ( -4.995057487437451371, 0.1336740686578628268, -17.00000000000000711 ) ) ;
#1268 = CARTESIAN_POINT ( 'NONE',  ( -1.468434710033196700, -0.2047551541698611477, -30.89029238692774726 ) ) ;
#1269 = CARTESIAN_POINT ( 'NONE',  ( 1.436286855325766165, -0.2888244549376525194, -31.05594235788249335 ) ) ;
#1270 = CARTESIAN_POINT ( 'NONE',  ( -0.000000000000000000, 0.06785312202378479540, -12.95324552864939349 ) ) ;
#1271 = CARTESIAN_POINT ( 'NONE',  ( 2.134407266245109902, -0.9949875858359171765, -8.512998273233991497 ) ) ;
#1272 = CARTESIAN_POINT ( 'NONE',  ( 0.000000000000000000, 1.920798756836002763, -3.815516159102938509 ) ) ;
#1273 = CARTESIAN_POINT ( 'NONE',  ( -0.000000000000000000, 1.068812645080555290, -12.62447330360686415 ) ) ;
#1274 = CARTESIAN_POINT ( 'NONE',  ( 0.000000000000000000, -0.6389155647953508321, -1.793564675080913995 ) ) ;
#1275 = CARTESIAN_POINT ( 'NONE',  ( 1.489769270014304814, -0.1178622971980566453, -42.49999999999997158 ) ) ;
#1276 = CARTESIAN_POINT ( 'NONE',  ( 0.000000000000000000, 0.000000000000000000, -14.00000000000000000 ) ) ;
#1277 = B_SPLINE_CURVE_WITH_KNOTS ( 'NONE', 3,
 ( #168, #1477, #1872, #2250, #533, #352, #928, #753, #2487, #1289, #2058, #2262, #733, #571, #769, #1145, #339, #740, #2299, #1098, #1134, #2274, #2474, #939, #1312, #558, #2110, #547, #2451, #1857, #967, #194, #390, #2285, #583, #1901, #1914, #151, #953, #208, #1503, #2084, #1684, #1721, #1696, #917, #2, #2100, #2464, #1490, #1124, #1329, #1711, #1299, #1886, #2069, #182, #1110, #380, #977, #265, #426, #1173, #1350, #231, #813, #17, #1983, #1536, #1941, #2172, #2321, #1162, #413, #1747, #791, #1573, #1548, #1003, #30, #1587, #2360, #1362, #1734, #643, #616, #1388, #54, #453 ),
 .UNSPECIFIED., .F., .F.,
 ( 4, 1, 1, 1, 1, 1, 1, 1, 1, 1, 1, 1, 1, 1, 1, 1, 1, 1, 1, 1, 1, 1, 1, 1, 1, 1, 1, 1, 1, 1, 1, 1, 1, 1, 1, 1, 1, 1, 1, 1, 1, 1, 1, 1, 1, 1, 1, 1, 1, 1, 1, 1, 2, 1, 1, 1, 1, 1, 1, 1, 1, 1, 1, 1, 1, 1, 1, 1, 1, 1, 1, 1, 1, 1, 1, 1, 1, 1, 1, 1, 1, 1, 1, 1, 1, 4 ),
 ( 0.000000000000000000, 0.01507393571114024056, 0.03014787142228070316, 0.06029574284456129529, 0.09044361426684188743, 0.1205914856891224796, 0.1507393571114030717, 0.1808872285336834418, 0.2110350999559642560, 0.2411829713782449591, 0.2562569070893851997, 0.2713308428005254402, 0.2864047785116657918, 0.3014787142228061434, 0.3165526499339464950, 0.3240896177895165042, 0.3316265856450868466, 0.3391635535006567448, 0.3467005213562270871, 0.3542374892117972074, 0.3617744570673673277, 0.3693114249229374479, 0.3768483927785075682, 0.3843853606340776885, 0.3919223284896480308, 0.3994592963452182621, 0.4069962642007883824, 0.4145332320563585027, 0.4220701999119286230, 0.4258386838397136831, 0.4296071677674987432, 0.4333756516952838034, 0.4371441356230688635, 0.4409126195508539237, 0.4446811034786389838, 0.4484495874064240439, 0.4522180713342092151, 0.4559865552619942752, 0.4597550391897793354, 0.4606971601717255727, 0.4616392811536718099, 0.4625814021356180472, 0.4635235231175643955, 0.4654077650814569811, 0.4672920070453494557, 0.4710604909731345158, 0.4729447329370271014, 0.4748289749009195759, 0.4767132168648121615, 0.4776553378467585098, 0.4785974588287047471, 0.4804817007925972216, 0.4823659427564898072, 0.4864099588287047471, 0.4904539749009196870, 0.4985420070453495667, 0.5025860231175646176, 0.5066300391897793354, 0.5147180713342092151, 0.5228061034786390948, 0.5268501195508539237, 0.5308941356230688635, 0.5389821677674988543, 0.5470701999119285119, 0.5551582320563586137, 0.5632462642007882714, 0.5794223284896480308, 0.5875103606340779105, 0.5955983927785077903, 0.6117744570673673277, 0.6279505213562270871, 0.6441265856450867355, 0.6603026499339464950, 0.6764787142228061434, 0.6926547785116659028, 0.7088308428005255513, 0.7411829713782449591, 0.7735350999559642560, 0.8058872285336836638, 0.8382393571114030717, 0.8705914856891224796, 0.9029436142668418874, 0.9352957428445611843, 0.9676478714222805921, 0.9838239357111403516, 1.000000000000000000 ),
 .UNSPECIFIED. ) ;
#1278 = CIRCLE ( 'NONE', #680, 0.6889763779521065334 ) ;
#1279 = ORIENTED_EDGE ( 'NONE', *, *, #2074, .T. ) ;
#1280 = CARTESIAN_POINT ( 'NONE',  ( 0.000000000000000000, 0.6050019803463442258, -23.17937705160406026 ) ) ;
#1281 = CARTESIAN_POINT ( 'NONE',  ( -3.219492597875211359, -0.7666661273606343308, -16.99999999999999645 ) ) ;
#1282 = CARTESIAN_POINT ( 'NONE',  ( -0.000000000000000000, 0.07045893035164711715, -12.93483618340817642 ) ) ;
#1283 = CARTESIAN_POINT ( 'NONE',  ( 1.700131775688799918, -0.9413416835967656215, -15.13947776328235229 ) ) ;
#1284 = CARTESIAN_POINT ( 'NONE',  ( 4.140037463097554493, 1.684479565870014905, -12.65467768206145216 ) ) ;
#1285 = CARTESIAN_POINT ( 'NONE',  ( -0.000000000000000000, 1.182299679645302026, -13.42064047961192941 ) ) ;
#1286 = CARTESIAN_POINT ( 'NONE',  ( -3.525910424469166582, -0.7662236709387180156, -2.981705054452099102 ) ) ;
#1287 = CARTESIAN_POINT ( 'NONE',  ( 1.077459745348932296, -0.6980334362846966068, -42.49999999999998579 ) ) ;
#1288 = ORIENTED_EDGE ( 'NONE', *, *, #802, .T. ) ;
#1289 = CARTESIAN_POINT ( 'NONE',  ( 0.000000000000000000, -1.006864738450582886, -9.411958178891792315 ) ) ;
#1290 = CARTESIAN_POINT ( 'NONE',  ( -0.000000000000000000, 0.7455824649667567305, -22.08205854344462793 ) ) ;
#1291 = CARTESIAN_POINT ( 'NONE',  ( -1.423334464534626864, -0.3160361156178160269, -42.49999999999997868 ) ) ;
#1292 = CARTESIAN_POINT ( 'NONE',  ( 4.868243622386855485, -0.2295148313337402601, -17.00000000000002132 ) ) ;
#1293 = CARTESIAN_POINT ( 'NONE',  ( -0.000000000000000000, 0.03838389918967861220, -13.19697724222003110 ) ) ;
#1294 = CARTESIAN_POINT ( 'NONE',  ( 3.451845984491058505, 1.824190891257946312, -3.360442954848546382 ) ) ;
#1295 = CARTESIAN_POINT ( 'NONE',  ( 0.000000000000000000, 1.172102952958086863, -13.32018797725007886 ) ) ;
#1296 = CARTESIAN_POINT ( 'NONE',  ( 0.000000000000000000, -1.000000000000000444, -16.81900953236623764 ) ) ;
#1297 = CARTESIAN_POINT ( 'NONE',  ( 0.000000000000000000, 0.000000000000000000, -44.01574803149572546 ) ) ;
#1298 = EDGE_LOOP ( 'NONE', ( #84, #2021, #378, #2412 ) ) ;
#1299 = CARTESIAN_POINT ( 'NONE',  ( 0.000000000000000000, -0.02194308099261393225, -5.393927668329330300E-60 ) ) ;
#1300 = CARTESIAN_POINT ( 'NONE',  ( -4.588416580139366374, -0.3979417668754152149, -23.10997092537369824 ) ) ;
#1301 = B_SPLINE_CURVE_WITH_KNOTS ( 'NONE', 2,
 ( #448, #1011, #1795 ),
 .UNSPECIFIED., .F., .F.,
 ( 3, 3 ),
 ( 0.000000000000000000, 1.000000000000000000 ),
 .UNSPECIFIED. ) ;
#1302 = CARTESIAN_POINT ( 'NONE',  ( 1.200000000000000178, -1.082986135603324546E-16, -42.00000000000000000 ) ) ;
#1303 = CARTESIAN_POINT ( 'NONE',  ( 0.000000000000000000, 0.04622889811893837742, -13.12432783573359174 ) ) ;
#1304 = SURFACE_STYLE_FILL_AREA ( #344 ) ;
#1305 = CARTESIAN_POINT ( 'NONE',  ( -4.861304993404976571, -0.2344812797781912483, -11.65145321509297283 ) ) ;
#1306 = CARTESIAN_POINT ( 'NONE',  ( -0.000000000000000000, 1.231190033535781936, -14.10530291153227544 ) ) ;
#1307 = CARTESIAN_POINT ( 'NONE',  ( -0.1699872508843751628, -0.9996161910187383315, -16.81381024232689114 ) ) ;
#1308 = CARTESIAN_POINT ( 'NONE',  ( 4.097834700574278344, -0.4052229930036406191, -0.5936662704819418712 ) ) ;
#1309 = CARTESIAN_POINT ( 'NONE',  ( 1.603049446489940077, -0.9480219227840590568, -17.00000000000005684 ) ) ;
#1310 = EDGE_LOOP ( 'NONE', ( #1084, #2133, #70, #1462 ) ) ;
#1311 = AXIS2_PLACEMENT_3D ( 'NONE', #503, #1264, #818 ) ;
#1312 = CARTESIAN_POINT ( 'NONE',  ( 0.000000000000000000, -0.7878417983130477920, -3.246980445251593572 ) ) ;
#1313 = DIRECTION ( 'NONE',  ( 1.184019365198275556E-26, 3.668290094488976590E-12, 1.000000000000000000 ) ) ;
#1314 = PRODUCT_DEFINITION_SHAPE ( 'NONE', 'NONE',  #742 ) ;
#1315 = FACE_OUTER_BOUND ( 'NONE', #2215, .T. ) ;
#1316 = MECHANICAL_DESIGN_GEOMETRIC_PRESENTATION_REPRESENTATION (  '', ( #1594 ), #1151 ) ;
#1317 = CARTESIAN_POINT ( 'NONE',  ( -0.000000000000000000, 1.012131169774946882, -19.64603733435429334 ) ) ;
#1318 = CARTESIAN_POINT ( 'NONE',  ( -1.077459745348932296, -0.6980334362846966068, -42.49999999999998579 ) ) ;
#1319 = EDGE_CURVE ( 'NONE', #1824, #2387, #92, .T. ) ;
#1320 = CARTESIAN_POINT ( 'NONE',  ( 0.3184019154313897371, -1.004606118803729853, -15.73307305570234860 ) ) ;
#1321 = DIRECTION ( 'NONE',  ( 0.000000000000000000, 1.000000000000000000, 0.000000000000000000 ) ) ;
#1322 = UNCERTAINTY_MEASURE_WITH_UNIT (LENGTH_MEASURE( 1.000000000000000082E-05 ), #1541, 'distance_accuracy_value', 'NONE');
#1323 = CARTESIAN_POINT ( 'NONE',  ( 0.000000000000000000, -0.2878108085740323507, -0.2739133861431103378 ) ) ;
#1324 = CARTESIAN_POINT ( 'NONE',  ( -0.000000000000000000, 1.128014957793638029, -12.96836045435907714 ) ) ;
#1325 = CARTESIAN_POINT ( 'NONE',  ( -3.651721914263528213, -0.6832271439094650400, -16.99999999999998224 ) ) ;
#1326 = CARTESIAN_POINT ( 'NONE',  ( 4.999812193998455001, 0.02803489686967749681, -11.34725602204069972 ) ) ;
#1327 = CARTESIAN_POINT ( 'NONE',  ( 4.978977685378947804, -0.09823786536375732348, -17.00000000000002132 ) ) ;
#1328 = EDGE_LOOP ( 'NONE', ( #1995, #2174 ) ) ;
#1329 = CARTESIAN_POINT ( 'NONE',  ( 0.000000000000000000, -0.1133845601967969630, -0.03715061498937378276 ) ) ;
#1330 = CARTESIAN_POINT ( 'NONE',  ( -0.000000000000000000, 1.098614541933598643, -18.65863235330749959 ) ) ;
#1331 = CARTESIAN_POINT ( 'NONE',  ( -5.000000000000000888, 0.1270727495919225236, -23.30322092246393240 ) ) ;
#1332 = LINE ( 'NONE', #1891, #1998 ) ;
#1333 =( NAMED_UNIT ( * ) PLANE_ANGLE_UNIT ( ) SI_UNIT ( $, .RADIAN. ) );
#1334 = CARTESIAN_POINT ( 'NONE',  ( 4.976909592574335406, 0.2891760248999342142, -11.19412609185342689 ) ) ;
#1335 = CARTESIAN_POINT ( 'NONE',  ( -0.000000000000000000, 0.9653015934444226787, -12.22058006760366133 ) ) ;
#1336 = CARTESIAN_POINT ( 'NONE',  ( -1.363852463716197061, -1.019133120498344924, -11.57484492995656744 ) ) ;
#1337 = CARTESIAN_POINT ( 'NONE',  ( -0.000000000000000000, -0.4237904803647084551, -0.6570112486012418263 ) ) ;
#1338 = DIRECTION ( 'NONE',  ( 0.000000000000000000, 0.000000000000000000, -1.000000000000000000 ) ) ;
#1339 = CARTESIAN_POINT ( 'NONE',  ( 0.000000000000000000, 0.000000000000000000, -14.00000000000000000 ) ) ;
#1340 = CARTESIAN_POINT ( 'NONE',  ( -3.520412372711535287, 2.131886982060646307, -16.99999999999999645 ) ) ;
#1341 = CARTESIAN_POINT ( 'NONE',  ( 0.000000000000000000, 0.000000000000000000, -26.00000000000000000 ) ) ;
#1342 = CARTESIAN_POINT ( 'NONE',  ( 0.000000000000000000, 0.000000000000000000, -26.00000000000000000 ) ) ;
#1343 = CARTESIAN_POINT ( 'NONE',  ( -0.000000000000000000, -1.230532116285468481E-17, -13.93720554468441719 ) ) ;
#1344 = CARTESIAN_POINT ( 'NONE',  ( 0.3966394490487798463, -0.9973035116644790588, -16.99999999999996447 ) ) ;
#1345 = CARTESIAN_POINT ( 'NONE',  ( 0.000000000000000000, 0.8771988159392433149, -0.6348504921941225954 ) ) ;
#1346 = CARTESIAN_POINT ( 'NONE',  ( 0.000000000000000000, 0.4909911935810506445, -11.78583044992392459 ) ) ;
#1347 = CARTESIAN_POINT ( 'NONE',  ( 0.000000000000000000, -1.015640011322151093, -13.74295651742133195 ) ) ;
#1348 = CARTESIAN_POINT ( 'NONE',  ( -0.000000000000000000, -0.1467618487982143838, -0.06561341721281854777 ) ) ;
#1349 = CARTESIAN_POINT ( 'NONE',  ( -4.920621955695955840, 0.5339701485914604140, -17.00000000000002487 ) ) ;
#1350 = CARTESIAN_POINT ( 'NONE',  ( 0.000000000000000000, 1.158452499533254354, -1.175332908289907108 ) ) ;
#1351 = CARTESIAN_POINT ( 'NONE',  ( 1.136042482874007886, 2.870884290402958339, -12.60842700149184914 ) ) ;
#1352 = VECTOR ( 'NONE', #716, 39.37007874015748143 ) ;
#1353 = CARTESIAN_POINT ( 'NONE',  ( -1.495966592808405382, -0.07376339055747918594, -42.49999999999997158 ) ) ;
#1354 = CIRCLE ( 'NONE', #281, 0.09842519685039370636 ) ;
#1355 = CARTESIAN_POINT ( 'NONE',  ( -28.00000000000000000, 3.673940397442057403E-16, -24.00000000000000355 ) ) ;
#1356 = FACE_OUTER_BOUND ( 'NONE', #1612, .T. ) ;
#1357 = CARTESIAN_POINT ( 'NONE',  ( 0.000000000000000000, 0.8885648555370346813, -12.02265694314354327 ) ) ;
#1358 = PRESENTATION_STYLE_ASSIGNMENT (( #1757 ) ) ;
#1359 = CARTESIAN_POINT ( 'NONE',  ( -0.000000000000000000, -0.2111971254275382681, -0.1405575779286229177 ) ) ;
#1360 = LINE ( 'NONE', #217, #2440 ) ;
#1361 = CARTESIAN_POINT ( 'NONE',  ( -4.149711772867453519, 1.683542172782526825, -16.99999999999998934 ) ) ;
#1362 = CARTESIAN_POINT ( 'NONE',  ( 0.000000000000000000, 2.870884290402958339, -12.60842700149184914 ) ) ;
#1363 = CARTESIAN_POINT ( 'NONE',  ( 3.010601022504172608, 2.399979885834080839, -13.96997101958146992 ) ) ;
#1364 = ORIENTED_EDGE ( 'NONE', *, *, #532, .F. ) ;
#1365 = CARTESIAN_POINT ( 'NONE',  ( 0.000000000000000000, 0.7674262571733874161, -21.90269913611777497 ) ) ;
#1366 = CARTESIAN_POINT ( 'NONE',  ( -4.996855251936172415, -0.04319899997878617892, -16.99999999999997868 ) ) ;
#1367 = CARTESIAN_POINT ( 'NONE',  ( -10.00951109586823407, 7.392057511395214497, -42.00000000000000000 ) ) ;
#1368 = CARTESIAN_POINT ( 'NONE',  ( -2.289404015762250388, 2.670884480669298178, -14.72630574632737854 ) ) ;
#1369 = B_SPLINE_SURFACE_WITH_KNOTS ( 'NONE', 2, 1, ( 
 ( #425, #642 ),
 ( #452, #1414 ),
 ( #2006, #1025 ) ),
 .UNSPECIFIED., .F., .F., .F.,
 ( 3, 3 ),
 ( 2, 2 ),
 ( 0.000000000000000000, 1.000000000000000000 ),
 ( 0.000000000000000000, 1.000000000000000000 ),
 .UNSPECIFIED. ) ;
#1370 = CARTESIAN_POINT ( 'NONE',  ( 0.000000000000000000, 0.3099866091978717431, -12.03642944283241256 ) ) ;
#1371 = CARTESIAN_POINT ( 'NONE',  ( -0.2134130468397162639, -1.000000000000000000, -17.00000000000000000 ) ) ;
#1372 = CARTESIAN_POINT ( 'NONE',  ( -0.000000000000000000, -0.7167372867634747013, -2.452331768310797244 ) ) ;
#1373 = LINE ( 'NONE', #1771, #2362 ) ;
#1374 = CARTESIAN_POINT ( 'NONE',  ( -0.2422917796673222102, 0.9913307927955331555, -42.50000000000004974 ) ) ;
#1375 = SURFACE_STYLE_FILL_AREA ( #1403 ) ;
#1376 = CARTESIAN_POINT ( 'NONE',  ( 0.06454632509124458295, 3.000000000000000444, -16.93679765731264553 ) ) ;
#1377 = ORIENTED_EDGE ( 'NONE', *, *, #2338, .T. ) ;
#1378 = CARTESIAN_POINT ( 'NONE',  ( -4.845279499786995459, 0.7409858862937848123, -11.52432804929629206 ) ) ;
#1379 = CARTESIAN_POINT ( 'NONE',  ( -0.000000000000000000, 1.232877740093635488, -16.41206434358605293 ) ) ;
#1380 = CARTESIAN_POINT ( 'NONE',  ( -4.999999999999999112, -0.01441343945001346931, -23.26872879848687248 ) ) ;
#1381 = CARTESIAN_POINT ( 'NONE',  ( 9.184850993605149917E-16, 3.000000000000000444, -17.00000000000000000 ) ) ;
#1382 = ADVANCED_FACE ( 'NONE', ( #273 ), #637, .T. ) ;
#1383 = CARTESIAN_POINT ( 'NONE',  ( 1.200000000000000400, -3.102447814381146463E-16, -42.00000000000000000 ) ) ;
#1384 = CARTESIAN_POINT ( 'NONE',  ( 0.000000000000000000, 2.544906296202407159, -8.211385715652477657 ) ) ;
#1385 = CARTESIAN_POINT ( 'NONE',  ( 4.704557513265394952, -0.3392520315956507604, -17.00000000000000711 ) ) ;
#1386 = CARTESIAN_POINT ( 'NONE',  ( -4.991617500727711487, 0.1736750940554905309, -17.00000000000000711 ) ) ;
#1387 = CARTESIAN_POINT ( 'NONE',  ( 0.000000000000000000, 3.000000000000000444, -24.69166869954611698 ) ) ;
#1388 = CARTESIAN_POINT ( 'NONE',  ( 0.000000000000000000, 2.997563291180005862, -16.45107171167897775 ) ) ;
#1389 = CARTESIAN_POINT ( 'NONE',  ( 3.520412372711314575, 2.131886982060775981, -13.40433757753493715 ) ) ;
#1390 = CARTESIAN_POINT ( 'NONE',  ( -4.869266501592346863, 0.6827187930924357717, -17.00000000000000355 ) ) ;
#1391 = CARTESIAN_POINT ( 'NONE',  ( -0.000000000000000000, 1.229680132473167209, -16.49896446103717196 ) ) ;
#1392 = CARTESIAN_POINT ( 'NONE',  ( 0.9421505137661907447, 0.7854437899936298484, -28.68504473726992288 ) ) ;
#1393 = VECTOR ( 'NONE', #2288, 39.37007874015748143 ) ;
#1394 = FACE_OUTER_BOUND ( 'NONE', #1417, .T. ) ;
#1395 = CARTESIAN_POINT ( 'NONE',  ( 0.5335320454750267505, -0.9959189773538508206, -21.99556080638073396 ) ) ;
#1396 = EDGE_CURVE ( 'NONE', #327, #519, #436, .T. ) ;
#1397 = AXIS2_PLACEMENT_3D ( 'NONE', #1248, #2371, #1629 ) ;
#1398 = CARTESIAN_POINT ( 'NONE',  ( -1.418711774866020958, 2.808263443050779351, -11.50991645908336203 ) ) ;
#1399 = EDGE_CURVE ( 'NONE', #338, #1254, #1301, .T. ) ;
#1400 = CARTESIAN_POINT ( 'NONE',  ( 4.861304993404976571, -0.2344812797781912483, -11.65145321509297283 ) ) ;
#1401 = CARTESIAN_POINT ( 'NONE',  ( -4.236785688789477256, -0.5313226952821678006, -17.00000000000002132 ) ) ;
#1402 = CARTESIAN_POINT ( 'NONE',  ( -1.621951223733731018, 2.852673572684373493, -24.32868666177221328 ) ) ;
#1403 = FILL_AREA_STYLE ('',( #2333 ) ) ;
#1404 = CARTESIAN_POINT ( 'NONE',  ( -1.458877434438575982, -0.2331541186517243625, -42.50000000000000000 ) ) ;
#1405 = CARTESIAN_POINT ( 'NONE',  ( 4.785946621231181197, 0.8698788056089072906, -16.99999999999995381 ) ) ;
#1406 = VERTEX_POINT ( 'NONE', #1582 ) ;
#1407 = CARTESIAN_POINT ( 'NONE',  ( 0.000000000000000000, -0.06575736241383074721, -0.008619413769239019085 ) ) ;
#1408 = CARTESIAN_POINT ( 'NONE',  ( -0.000000000000000000, 1.239358330252674500, -16.22174195774869432 ) ) ;
#1409 = CARTESIAN_POINT ( 'NONE',  ( 3.735177278315815919, 2.012161619296839898, -23.83158813107607088 ) ) ;
#1410 = PLANE ( 'NONE',  #476 ) ;
#1411 = CARTESIAN_POINT ( 'NONE',  ( 0.000000000000000000, 2.870884290402958339, -12.60842700149184914 ) ) ;
#1412 = CARTESIAN_POINT ( 'NONE',  ( 0.000000000000000000, 0.1968503937007874127, -26.00000000000000000 ) ) ;
#1413 = CARTESIAN_POINT ( 'NONE',  ( 4.924416895573952679, -0.1742730662545399489, -16.99999999999996092 ) ) ;
#1414 = CARTESIAN_POINT ( 'NONE',  ( 9.749565576413068868, 7.701848518084674744, -42.00000000000000000 ) ) ;
#1415 = CARTESIAN_POINT ( 'NONE',  ( -1.199999999999999956, 0.000000000000000000, -36.00000000000000000 ) ) ;
#1416 = CARTESIAN_POINT ( 'NONE',  ( 0.000000000000000000, 1.249857830344573317, -1.390923807459694572 ) ) ;
#1417 = EDGE_LOOP ( 'NONE', ( #1660, #781 ) ) ;
#1418 = CARTESIAN_POINT ( 'NONE',  ( -4.990139728226227867, 0.1882044680890067601, -17.00000000000000355 ) ) ;
#1419 = CARTESIAN_POINT ( 'NONE',  ( 1.499999999999998668, 0.04332095361466707650, -42.50000000000000000 ) ) ;
#1420 = DIRECTION ( 'NONE',  ( 0.000000000000000000, 0.000000000000000000, -1.000000000000000000 ) ) ;
#1421 = CARTESIAN_POINT ( 'NONE',  ( -4.140037463097554493, 1.684479565870014905, -12.65467768206145216 ) ) ;
#1422 = CARTESIAN_POINT ( 'NONE',  ( 4.319061803185650028, -0.5041646310344135573, -16.99999999999997868 ) ) ;
#1423 = PLANE ( 'NONE',  #2319 ) ;
#1424 = EDGE_CURVE ( 'NONE', #1958, #2083, #293, .T. ) ;
#1425 = VERTEX_POINT ( 'NONE', #1208 ) ;
#1426 = CARTESIAN_POINT ( 'NONE',  ( 0.000000000000000000, -0.3229964528616423580, -0.3545696408358990359 ) ) ;
#1427 = CARTESIAN_POINT ( 'NONE',  ( 4.853726600439864924, 0.7511061176704409981, -16.99999999999998224 ) ) ;
#1428 = CARTESIAN_POINT ( 'NONE',  ( -0.8603802722476400211, -0.8208840737600829884, -32.46580072901251413 ) ) ;
#1429 = CARTESIAN_POINT ( 'NONE',  ( 3.869318192871006534, -0.6340361899274971069, -22.90015767528828050 ) ) ;
#1430 = CARTESIAN_POINT ( 'NONE',  ( -3.621502043649964087, 1.649784658173946594, -2.635773231136221195 ) ) ;
#1431 = VECTOR ( 'NONE', #1906, 39.37007874015748143 ) ;
#1432 = CARTESIAN_POINT ( 'NONE',  ( -0.000000000000000000, 0.2520274202429827470, -12.17241236529095438 ) ) ;
#1433 = CARTESIAN_POINT ( 'NONE',  ( 3.539277227844853879, -0.7066751016654408968, -13.13649336537220691 ) ) ;
#1434 = AXIS2_PLACEMENT_3D ( 'NONE', #1297, #1338, #2248 ) ;
#1435 = CARTESIAN_POINT ( 'NONE',  ( 0.000000000000000000, 2.689734812850255175, -9.951125443511187996 ) ) ;
#1436 = CARTESIAN_POINT ( 'NONE',  ( 0.000000000000000000, -0.6206641212005495900, -1.662313511265054000 ) ) ;
#1437 = LINE ( 'NONE', #873, #1352 ) ;
#1438 = DIRECTION ( 'NONE',  ( 0.6791633947585394848, -0.5698857540510020581, 0.4625660066950199045 ) ) ;
#1439 = ORIENTED_EDGE ( 'NONE', *, *, #1181, .T. ) ;
#1440 = CARTESIAN_POINT ( 'NONE',  ( -3.948028650770739389, -0.5583768851428401181, -1.270036451968503233 ) ) ;
#1441 =( LENGTH_UNIT ( ) NAMED_UNIT ( * ) SI_UNIT ( $, .METRE. ) );
#1442 = EDGE_CURVE ( 'NONE', #519, #693, #2214, .T. ) ;
#1443 = CARTESIAN_POINT ( 'NONE',  ( -10.00951109586823229, 7.392057511395216274, -45.00000000000000000 ) ) ;
#1444 = CARTESIAN_POINT ( 'NONE',  ( 2.570834062920611007, -0.8587914304460256831, -16.99999999999998224 ) ) ;
#1445 = CARTESIAN_POINT ( 'NONE',  ( -3.451845984491058505, 1.824190891257946312, -3.360442954848546382 ) ) ;
#1446 = CARTESIAN_POINT ( 'NONE',  ( 2.040224183724980822, -0.9139718838508068544, -14.76825066749320925 ) ) ;
#1447 = CARTESIAN_POINT ( 'NONE',  ( -0.000000000000000000, 1.251995609520437869, -14.74047362076525758 ) ) ;
#1448 = CARTESIAN_POINT ( 'NONE',  ( -4.154053903094734324, -0.5568234183423113048, -17.00000000000001066 ) ) ;
#1449 = CARTESIAN_POINT ( 'NONE',  ( -10.00951109586823229, 7.392057511395216274, -45.00000000000000000 ) ) ;
#1450 = CARTESIAN_POINT ( 'NONE',  ( 0.000000000000000000, 0.000000000000000000, -44.68503937007839966 ) ) ;
#1451 = CARTESIAN_POINT ( 'NONE',  ( -1.491500756324734001, 0.1295303839278837688, -42.50000000000001421 ) ) ;
#1452 = ORIENTED_EDGE ( 'NONE', *, *, #802, .F. ) ;
#1453 = CARTESIAN_POINT ( 'NONE',  ( -4.999441446436158287, 0.04625705447875168297, -11.33040441745485083 ) ) ;
#1454 = CARTESIAN_POINT ( 'NONE',  ( -2.247542661599893687, -0.8942487155240368413, -17.00000000000003553 ) ) ;
#1455 = CARTESIAN_POINT ( 'NONE',  ( 4.811763095965809534, -0.2733866468416010220, -23.18098070157039814 ) ) ;
#1456 = CARTESIAN_POINT ( 'NONE',  ( -0.000000000000000000, 0.02380608290842184740, -13.36028411638938707 ) ) ;
#1457 = CARTESIAN_POINT ( 'NONE',  ( 2.450690526311196216, -0.9703298802463813377, -7.256982549166410834 ) ) ;
#1458 = CARTESIAN_POINT ( 'NONE',  ( 4.551147909342446063, 1.244438435645148777, -17.00000000000004263 ) ) ;
#1459 = CARTESIAN_POINT ( 'NONE',  ( -0.000000000000000000, 1.101376670973098770, -12.79959192406950486 ) ) ;
#1460 = CARTESIAN_POINT ( 'NONE',  ( 0.000000000000000000, -0.8428854871677142757, -4.044745339735704270 ) ) ;
#1461 = CARTESIAN_POINT ( 'NONE',  ( 0.000000000000000000, 0.000000000000000000, -9.951125443511187996 ) ) ;
#1462 = ORIENTED_EDGE ( 'NONE', *, *, #1530, .F. ) ;
#1463 = CARTESIAN_POINT ( 'NONE',  ( -4.861304993401002861, -0.2344812797816232530, -17.00000000000000355 ) ) ;
#1464 = DIRECTION ( 'NONE',  ( -1.561055996379578982E-16, 0.000000000000000000, -1.000000000000000000 ) ) ;
#1465 = PLANE ( 'NONE',  #871 ) ;
#1466 = CARTESIAN_POINT ( 'NONE',  ( -3.707010289721679452, -0.6716435071551950520, -17.00000000000001066 ) ) ;
#1467 = CARTESIAN_POINT ( 'NONE',  ( 4.431915328394418374, -0.4633705935428319433, -23.06282780795301335 ) ) ;
#1468 = ADVANCED_FACE ( 'NONE', ( #2180 ), #1683, .T. ) ;
#1469 = CARTESIAN_POINT ( 'NONE',  ( 0.000000000000000000, 0.2011172322378261823, -12.32301553407937078 ) ) ;
#1470 = CARTESIAN_POINT ( 'NONE',  ( -0.000000000000000000, -0.8584966906836903888, -4.311235227228343625 ) ) ;
#1471 = CARTESIAN_POINT ( 'NONE',  ( 4.869266501592346863, 0.6827187930924357717, -17.00000000000000355 ) ) ;
#1472 = UNCERTAINTY_MEASURE_WITH_UNIT (LENGTH_MEASURE( 1.000000000000000082E-05 ), #1927, 'distance_accuracy_value', 'NONE');
#1473 = CARTESIAN_POINT ( 'NONE',  ( 0.000000000000000000, 1.193621168023204726, -13.54325432323679124 ) ) ;
#1474 = CARTESIAN_POINT ( 'NONE',  ( -3.392884807000873248, -0.8077036514671622758, -3.512596957681179077 ) ) ;
#1475 = DIRECTION ( 'NONE',  ( 0.000000000000000000, 0.000000000000000000, -1.000000000000000000 ) ) ;
#1476 = ORIENTED_EDGE ( 'NONE', *, *, #2417, .T. ) ;
#1477 = CARTESIAN_POINT ( 'NONE',  ( 0.000000000000000000, -1.000000000000000444, -16.81900953236623764 ) ) ;
#1478 = CARTESIAN_POINT ( 'NONE',  ( -0.000000000000000000, 0.4981578252008377339, -23.96445691559195268 ) ) ;
#1479 = CARTESIAN_POINT ( 'NONE',  ( -4.192454321337493184, -0.5451809729877611366, -17.00000000000000000 ) ) ;
#1480 = CARTESIAN_POINT ( 'NONE',  ( 1.458877434438575982, -0.2331541186517243625, -42.50000000000000000 ) ) ;
#1481 = B_SPLINE_CURVE_WITH_KNOTS ( 'NONE', 2,
 ( #2260, #903, #1869 ),
 .UNSPECIFIED., .F., .F.,
 ( 3, 3 ),
 ( 0.000000000000000000, 1.000000000000000000 ),
 .UNSPECIFIED. ) ;
#1482 = CARTESIAN_POINT ( 'NONE',  ( 0.000000000000000000, 0.06101134488632185826, -13.00294710958218758 ) ) ;
#1483 = CARTESIAN_POINT ( 'NONE',  ( 2.721153852159117648, -0.9402607126372208857, -6.183042575692033971 ) ) ;
#1484 = CARTESIAN_POINT ( 'NONE',  ( 3.951930231903909796, 1.158452499533254132, -1.175332908289907108 ) ) ;
#1485 = CARTESIAN_POINT ( 'NONE',  ( 0.000000000000000000, 1.212262272928849249, -13.78264357735686119 ) ) ;
#1486 = CARTESIAN_POINT ( 'NONE',  ( 0.000000000000000000, -0.8987359628879355578, -5.112180626881507095 ) ) ;
#1487 = CARTESIAN_POINT ( 'NONE',  ( 0.7445917667907703263, -0.8696543738919658706, -42.49999999999996447 ) ) ;
#1488 = CARTESIAN_POINT ( 'NONE',  ( 2.570834062920611007, -0.8587914304460256831, -16.99999999999998224 ) ) ;
#1489 = EDGE_LOOP ( 'NONE', ( #1810, #2261 ) ) ;
#1490 = CARTESIAN_POINT ( 'NONE',  ( 0.000000000000000000, -0.1774226262349141159, -0.09718002226612976191 ) ) ;
#1491 = CARTESIAN_POINT ( 'NONE',  ( -3.819984457204271600, -0.6453961099317999661, -17.00000000000000000 ) ) ;
#1492 = CARTESIAN_POINT ( 'NONE',  ( -0.000000000000000000, 0.5526668530401518398, -23.56811586689176607 ) ) ;
#1493 = CARTESIAN_POINT ( 'NONE',  ( -1.448147997414926502, -0.2611871707616383320, -42.50000000000000000 ) ) ;
#1494 = CARTESIAN_POINT ( 'NONE',  ( 0.000000000000000000, 0.02989889762988417327, -13.28777393546551799 ) ) ;
#1495 = CARTESIAN_POINT ( 'NONE',  ( 0.3966394490488105440, -0.9973035116644789477, -16.56555968748443419 ) ) ;
#1496 = CARTESIAN_POINT ( 'NONE',  ( 4.141024535349790092, 0.6168991959751968235, -0.3018589953099787282 ) ) ;
#1497 = CARTESIAN_POINT ( 'NONE',  ( -0.000000000000000000, 1.188554452671733985, -13.48601945995859808 ) ) ;
#1498 = CARTESIAN_POINT ( 'NONE',  ( 0.000000000000000000, -1.015384271521324377, -10.49260397829176128 ) ) ;
#1499 = CARTESIAN_POINT ( 'NONE',  ( 4.997049157069537451, 0.1045529974457648920, -11.27765737359025167 ) ) ;
#1500 =( LENGTH_UNIT ( ) NAMED_UNIT ( * ) SI_UNIT ( $, .METRE. ) );
#1501 = ORIENTED_EDGE ( 'NONE', *, *, #1211, .T. ) ;
#1502 = CARTESIAN_POINT ( 'NONE',  ( 0.000000000000000000, 0.9999999999999998890, -26.85251289956651632 ) ) ;
#1503 = CARTESIAN_POINT ( 'NONE',  ( 0.000000000000000000, -0.4052229930036406191, -0.5936662704819418712 ) ) ;
#1504 = CARTESIAN_POINT ( 'NONE',  ( 1.580481662973754058E-15, -1.000000000000000222, -16.99999999999999289 ) ) ;
#1505 = CARTESIAN_POINT ( 'NONE',  ( -2.570834062920611895, -0.8587914304460256831, -22.54087081456489727 ) ) ;
#1506 = CARTESIAN_POINT ( 'NONE',  ( 1.499999999999994671, -0.004913940794867872365, -30.51505521813907507 ) ) ;
#1507 = CARTESIAN_POINT ( 'NONE',  ( -0.000000000000000000, 0.1182782836147855954, -12.65639117577515016 ) ) ;
#1508 = CARTESIAN_POINT ( 'NONE',  ( -0.000000000000000000, -1.004606118803729853, -15.73307305570234860 ) ) ;
#1509 = CARTESIAN_POINT ( 'NONE',  ( 0.000000000000000000, -0.3857423641127137870, -0.5306096410528629015 ) ) ;
#1510 = CARTESIAN_POINT ( 'NONE',  ( -0.000000000000000000, 1.215709616749832023, -13.83458465548079985 ) ) ;
#1511 = CARTESIAN_POINT ( 'NONE',  ( -1.908091555104955761, -1.006864738450582886, -9.411958178891792315 ) ) ;
#1512 = CARTESIAN_POINT ( 'NONE',  ( 4.974724528790113176, -0.1029190018765963055, -17.00000000000000711 ) ) ;
#1513 = CARTESIAN_POINT ( 'NONE',  ( 0.000000000000000000, 0.000000000000000000, -14.00000000000000000 ) ) ;
#1514 = ORIENTED_EDGE ( 'NONE', *, *, #609, .T. ) ;
#1515 = STYLED_ITEM ( 'NONE', ( #564 ), #314 ) ;
#1516 = PRODUCT_DEFINITION_FORMATION_WITH_SPECIFIED_SOURCE ( 'ANY', '', #382, .NOT_KNOWN. ) ;
#1517 = CARTESIAN_POINT ( 'NONE',  ( 28.00000000000000000, 3.670920741486353638E-16, -20.00000000000000000 ) ) ;
#1518 = CARTESIAN_POINT ( 'NONE',  ( -0.000000000000000000, 1.092751283231431891, -18.73145086153634864 ) ) ;
#1519 = CARTESIAN_POINT ( 'NONE',  ( -1.499999999999998668, 0.04332095361466707650, -42.50000000000000000 ) ) ;
#1520 = CARTESIAN_POINT ( 'NONE',  ( -28.00000000000000000, -0.005821613887625817253, -19.46728963045352501 ) ) ;
#1521 = CARTESIAN_POINT ( 'NONE',  ( 4.937541170123941114, 0.4733972265784021083, -11.29089264147825844 ) ) ;
#1522 = CARTESIAN_POINT ( 'NONE',  ( -1.360044127602381137, -0.9631567063104444770, -16.99999999999998934 ) ) ;
#1523 = CARTESIAN_POINT ( 'NONE',  ( 4.999927771431660339, -0.008402744818606484867, -11.38131117167814566 ) ) ;
#1524 = ORIENTED_EDGE ( 'NONE', *, *, #1579, .F. ) ;
#1525 = DIRECTION ( 'NONE',  ( 0.000000000000000000, 0.000000000000000000, -1.000000000000000000 ) ) ;
#1526 = DIRECTION ( 'NONE',  ( -1.000000000000000000, 0.000000000000000000, -0.000000000000000000 ) ) ;
#1527 = CARTESIAN_POINT ( 'NONE',  ( -0.000000000000000000, 0.8949291462754931370, -20.79531409218675364 ) ) ;
#1528 = CARTESIAN_POINT ( 'NONE',  ( -4.868243622386855485, -0.2295148313337402601, -23.20063913120989696 ) ) ;
#1529 = CARTESIAN_POINT ( 'NONE',  ( -0.000000000000000000, 0.002101650859612796355, -13.80562391531130118 ) ) ;
#1530 = EDGE_CURVE ( 'NONE', #718, #927, #505, .T. ) ;
#1531 =( LENGTH_UNIT ( ) NAMED_UNIT ( * ) SI_UNIT ( $, .METRE. ) );
#1532 = CARTESIAN_POINT ( 'NONE',  ( 0.000000000000000000, 0.04709266566879742599, -3.755168179617177410E-17 ) ) ;
#1533 = CARTESIAN_POINT ( 'NONE',  ( -0.000000000000000000, 0.6627478834391755669, -11.74378657852085439 ) ) ;
#1534 = CARTESIAN_POINT ( 'NONE',  ( -1.019986702797707201, -0.9797944838271077650, -16.99999999999997513 ) ) ;
#1535 = CARTESIAN_POINT ( 'NONE',  ( -3.297970921104945941, 2.258131679737461539, -16.99999999999999645 ) ) ;
#1536 = CARTESIAN_POINT ( 'NONE',  ( 0.000000000000000000, 1.649784658173946816, -2.635773231136221195 ) ) ;
#1537 = FACE_OUTER_BOUND ( 'NONE', #477, .T. ) ;
#1538 = ORIENTED_EDGE ( 'NONE', *, *, #1648, .F. ) ;
#1539 = CARTESIAN_POINT ( 'NONE',  ( 4.978977685378947804, -0.09823786536375732348, -23.24697381820114828 ) ) ;
#1540 = DIRECTION ( 'NONE',  ( -9.098735092487818517E-16, -0.000000000000000000, -1.000000000000000000 ) ) ;
#1541 =( CONVERSION_BASED_UNIT ( 'INCH', #200 ) LENGTH_UNIT ( ) NAMED_UNIT ( #874 ) );
#1542 = CARTESIAN_POINT ( 'NONE',  ( -0.000000000000000000, 1.052789865484202281, -12.54784826588338831 ) ) ;
#1543 = CARTESIAN_POINT ( 'NONE',  ( 9.184850993605147944E-16, -1.000000000000000000, -17.00000000000000000 ) ) ;
#1544 = CARTESIAN_POINT ( 'NONE',  ( 4.998516503244523790, 0.07540960326686733939, -16.99999999999999289 ) ) ;
#1545 = CARTESIAN_POINT ( 'NONE',  ( -4.937541170123955325, 0.4733972265783873978, -17.00000000000002132 ) ) ;
#1546 = B_SPLINE_SURFACE_WITH_KNOTS ( 'NONE', 3, 3, ( 
 ( #2115, #2457, #1740, #1022 ),
 ( #1220, #1180, #237, #23 ),
 ( #796, #1554, #1010, #1780 ),
 ( #1794, #61, #651, #625 ),
 ( #2327, #2151, #834, #2168 ),
 ( #1595, #996, #2370, #1754 ),
 ( #406, #37, #1195, #1411 ),
 ( #435, #1978, #1398, #611 ),
 ( #261, #1368, #809, #2179 ),
 ( #78, #1566, #2340, #1990 ),
 ( #272, #1207, #1167, #1384 ),
 ( #2139, #420, #459, #1963 ),
 ( #250, #1768, #599, #49 ),
 ( #820, #1581, #848, #2355 ),
 ( #636, #1033, #1608, #2126 ),
 ( #1934, #224, #983, #685 ),
 ( #1617, #1421, #2207, #2014 ),
 ( #1259, #859, #1044, #485 ),
 ( #1055, #1246, #1445, #91 ),
 ( #498, #285, #2405, #2220 ),
 ( #2392, #671, #1430, #2025 ),
 ( #296, #1816, #868, #2381 ),
 ( #1802, #104, #2191, #1627 ),
 ( #663, #471, #1233, #2002 ),
 ( #1576, #1749, #2388, #1562 ),
 ( #815, #1040, #1190, #32 ),
 ( #632, #1378, #2175, #2147 ),
 ( #1390, #467, #246, #2163 ),
 ( #1006, #1228, #455, #57 ),
 ( #430, #1216, #1943, #257 ),
 ( #1959, #1764, #2335, #71 ),
 ( #45, #2349, #620, #444 ),
 ( #1202, #828, #842, #234 ),
 ( #1602, #2186, #1974, #2134 ),
 ( #1798, #667, #1018, #1986 ),
 ( #416, #1589, #268, #1775 ),
 ( #2364, #646, #1177, #1407 ),
 ( #990, #1788, #2376, #660 ),
 ( #1418, #1996, #280, #86 ),
 ( #854, #1613, #1242, #694 ),
 ( #1050, #1118, #747, #2216 ),
 ( #1267, #2227, #2094, #493 ),
 ( #1811, #945, #176, #1323 ),
 ( #2279, #1879, #373, #1426 ),
 ( #188, #1453, #2413, #1255 ),
 ( #1702, #2022, #478, #508 ),
 ( #303, #2034, #113, #1509 ),
 ( #2008, #565, #2078, #315 ),
 ( #1075, #2425, #933, #2481 ),
 ( #1062, #1837, #290, #360 ),
 ( #2200, #126, #893, #1825 ),
 ( #1128, #1894, #1623, #1647 ),
 ( #100, #879, #2268, #1690 ),
 ( #865, #2399, #2468, #1637 ),
 ( #552, #679, #1440, #705 ),
 ( #1463, #1305, #1567, #762 ),
 ( #798, #2323, #138, #888 ),
 ( #1632, #2223, #2029, #1436 ),
 ( #1238, #1263, #108, #1274 ),
 ( #674, #1643, #901, #287 ),
 ( #1657, #528, #502, #2005 ),
 ( #310, #2434, #2043, #1070 ),
 ( #1821, #715, #1059, #1048 ),
 ( #872, #1833, #1286, #1807 ),
 ( #1843, #323, #2211, #2395 ),
 ( #489, #2409, #1474, #689 ),
 ( #1448, #2422, #1853, #134 ),
 ( #2246, #96, #701, #1460 ),
 ( #2235, #516, #1094, #1251 ),
 ( #863, #2446, #2053, #334 ),
 ( #147, #2017, #299, #913 ),
 ( #1670, #1620, #729, #1486 ),
 ( #1325, #2096, #1731, #362 ),
 ( #2281, #178, #1120, #567 ),
 ( #2305, #1704, #2065, #591 ),
 ( #749, #1106, #1896, #764 ),
 ( #975, #2470, #1881, #190 ),
 ( #1141, #2459, #12, #947 ),
 ( #935, #348, #1692, #1867 ),
 ( #924, #162, #1511, #1158 ),
 ( #1680, #375, #1130, #1498 ),
 ( #2080, #2483, #1336, #2270 ),
 ( #1522, #736, #2118, #2294 ),
 ( #1534, #1924, #578, #1347 ),
 ( #2106, #399, #387, #1910 ),
 ( #554, #204, #2258, #963 ),
 ( #1718, #1307, #2493, #776 ),
 ( #214, #787, #542, #1296 ),
 ( #1543, #1053, #1257, #116 ) ),
 .UNSPECIFIED., .F., .F., .F.,
 ( 4, 1, 1, 1, 1, 1, 1, 1, 1, 1, 1, 1, 1, 1, 1, 1, 1, 1, 1, 1, 1, 1, 1, 1, 1, 1, 1, 1, 1, 1, 1, 1, 1, 2, 1, 1, 1, 1, 1, 1, 1, 1, 1, 1, 1, 1, 1, 1, 1, 1, 1, 1, 1, 1, 1, 1, 1, 1, 1, 1, 1, 1, 1, 1, 1, 1, 1, 1, 1, 1, 1, 1, 1, 1, 1, 1, 1, 1, 1, 1, 1, 1, 1, 1, 1, 4 ),
 ( 4, 4 ),
 ( 0.000000000000000000, 0.01617606428885969352, 0.03235212857771938705, 0.06470425715543877410, 0.09705638573315812645, 0.1294085143108775482, 0.1617606428885969005, 0.1941127714663163362, 0.2264649000440356885, 0.2588170286217550964, 0.2911691571994744487, 0.3073452214883340416, 0.3235212857771938566, 0.3396973500660535050, 0.3558734143549132645, 0.3720494786437729684, 0.3882255429326326723, 0.4044016072214922652, 0.4124896393659221450, 0.4205776715103520247, 0.4367537357992116731, 0.4448417679436414418, 0.4529298000880714326, 0.4610178322325012013, 0.4691058643769311365, 0.4731498804491460208, 0.4771938965213609607, 0.4852819286657907294, 0.4933699608102206091, 0.4974139768824353824, 0.5014579929546504333, 0.5095460250990803130, 0.5135900411712952529, 0.5176340572435101928, 0.5195182992074027784, 0.5214025411712952529, 0.5223446621532414902, 0.5232867831351878385, 0.5251710250990804241, 0.5270552670629728986, 0.5289395090268654842, 0.5327079929546505443, 0.5345922349185430189, 0.5364764768824356045, 0.5374185978643819528, 0.5383607188463281901, 0.5393028398282744273, 0.5402449608102206646, 0.5440134447380057248, 0.5477819286657907849, 0.5515504125935759561, 0.5553188965213610162, 0.5590873804491460763, 0.5628558643769311365, 0.5666243483047161966, 0.5703928322325012568, 0.5741613161602863169, 0.5779298000880713770, 0.5854667679436414973, 0.5930037357992116176, 0.6005407036547817379, 0.6080776715103519692, 0.6156146393659223115, 0.6231516072214924318, 0.6306885750770625521, 0.6382255429326326723, 0.6457625107882027926, 0.6532994786437729129, 0.6608364464993432552, 0.6683734143549131534, 0.6759103822104834958, 0.6834473500660535050, 0.6985212857771938566, 0.7135952214883342082, 0.7286691571994745598, 0.7437430929106148003, 0.7588170286217550409, 0.7889649000440357440, 0.8191127714663165582, 0.8492606428885969283, 0.8794085143108775204, 0.9095563857331581126, 0.9397042571554387047, 0.9698521285777192968, 0.9849260642888597594, 1.000000000000000000 ),
 ( 0.000000000000000000, 1.000000000000000000 ),
 .UNSPECIFIED. ) ;
#1547 = CARTESIAN_POINT ( 'NONE',  ( -1.326362556006437377, 0.4714132014826350470, -29.59092172257593134 ) ) ;
#1548 = CARTESIAN_POINT ( 'NONE',  ( 0.000000000000000000, 2.446107705055035275, -7.294453626849343841 ) ) ;
#1549 = CARTESIAN_POINT ( 'NONE',  ( 1.418711774866020958, 2.808263443050779351, -11.50991645908336203 ) ) ;
#1550 = ORIENTED_EDGE ( 'NONE', *, *, #2263, .T. ) ;
#1551 = CARTESIAN_POINT ( 'NONE',  ( 4.947796571736404303, -0.1471235035225071652, -23.23174865724360316 ) ) ;
#1552 = VECTOR ( 'NONE', #2192, 39.37007874015748143 ) ;
#1553 = CARTESIAN_POINT ( 'NONE',  ( 0.000000000000000000, 1.033256854031444183, -12.46334408263339100 ) ) ;
#1554 = CARTESIAN_POINT ( 'NONE',  ( -0.1936418181119742288, 2.998504073855911667, -16.81039297193793658 ) ) ;
#1555 = CARTESIAN_POINT ( 'NONE',  ( -0.000000000000000000, 0.5192419573951649880, -11.76741929971708345 ) ) ;
#1556 = CARTESIAN_POINT ( 'NONE',  ( -0.5032579845711906419, -0.9433743162569729890, -42.50000000000000000 ) ) ;
#1557 = CARTESIAN_POINT ( 'NONE',  ( 3.392884807000873248, -0.8077036514671622758, -3.512596957681179077 ) ) ;
#1558 = CARTESIAN_POINT ( 'NONE',  ( -1.199999999999999956, 0.000000000000000000, -36.00000000000000000 ) ) ;
#1559 = FACE_OUTER_BOUND ( 'NONE', #732, .T. ) ;
#1560 = CARTESIAN_POINT ( 'NONE',  ( 2.654541362091771273, 2.546574709826529670, -14.34794249077081929 ) ) ;
#1561 = ORIENTED_EDGE ( 'NONE', *, *, #1609, .T. ) ;
#1562 = CARTESIAN_POINT ( 'NONE',  ( 0.000000000000000000, 1.249857830344573317, -1.390923807459694572 ) ) ;
#1563 = CARTESIAN_POINT ( 'NONE',  ( -0.000000000000000000, 1.255037568626762967, -14.97511948042806118 ) ) ;
#1564 = CARTESIAN_POINT ( 'NONE',  ( 1.398761063582711683, 0.3674914599863756681, -42.50000000000002132 ) ) ;
#1565 = DIRECTION ( 'NONE',  ( -0.9778024140774095319, -1.282995639212629026E-17, 0.2095290887308735306 ) ) ;
#1566 = CARTESIAN_POINT ( 'NONE',  ( -2.654541362091771273, 2.546574709826529670, -14.34794249077081929 ) ) ;
#1567 = CARTESIAN_POINT ( 'NONE',  ( -3.916788925078595440, -0.5805538350720303997, -1.400511057881878907 ) ) ;
#1568 = CARTESIAN_POINT ( 'NONE',  ( 0.000000000000000000, 0.2912562966244660601, -12.07684113679661131 ) ) ;
#1569 = CARTESIAN_POINT ( 'NONE',  ( -0.5032579845711837585, -0.9433743162569731000, -33.10521604669158791 ) ) ;
#1570 = CARTESIAN_POINT ( 'NONE',  ( 4.826925967218135938, -0.2612901081784124169, -16.99999999999997868 ) ) ;
#1571 = CARTESIAN_POINT ( 'NONE',  ( -4.869266501592346863, 0.6827187930924357717, -17.00000000000000355 ) ) ;
#1572 = CARTESIAN_POINT ( 'NONE',  ( -2.407683153559208922, 2.646665650389298019, -24.15138428503500023 ) ) ;
#1573 = CARTESIAN_POINT ( 'NONE',  ( 0.000000000000000000, 2.356947671906570729, -6.560959595839270797 ) ) ;
#1574 = CARTESIAN_POINT ( 'NONE',  ( 0.06454632509124659523, 3.000000000000000444, -17.00000000000000000 ) ) ;
#1575 = EDGE_LOOP ( 'NONE', ( #289, #1636, #2226, #19 ) ) ;
#1576 = CARTESIAN_POINT ( 'NONE',  ( -4.785946621231181197, 0.8698788056089072906, -16.99999999999995381 ) ) ;
#1577 = CARTESIAN_POINT ( 'NONE',  ( -0.000000000000000000, 1.217000173715779621, -16.80228037656716822 ) ) ;
#1578 = CARTESIAN_POINT ( 'NONE',  ( 4.667987110103672954, 1.093983691032113015, -23.54157261653707423 ) ) ;
#1579 = EDGE_CURVE ( 'NONE', #1039, #1958, #829, .T. ) ;
#1580 = CARTESIAN_POINT ( 'NONE',  ( 1.176217820502787781, -0.6233214901064177971, -42.49999999999997158 ) ) ;
#1581 = CARTESIAN_POINT ( 'NONE',  ( -3.683054583722548792, 2.030581737118740460, -13.21627744638669455 ) ) ;
#1582 = CARTESIAN_POINT ( 'NONE',  ( 28.00000000000000000, 0.000000000000000000, -26.00000000000000355 ) ) ;
#1583 = CARTESIAN_POINT ( 'NONE',  ( -0.000000000000000000, 0.2175709159546682092, -12.27050935306263035 ) ) ;
#1584 = CARTESIAN_POINT ( 'NONE',  ( 3.592122068732380491, -0.7426174996563577047, -2.716806701331475615 ) ) ;
#1585 = CARTESIAN_POINT ( 'NONE',  ( -4.791241046754886490, -0.2863023893459940017, -16.99999999999999645 ) ) ;
#1586 = CARTESIAN_POINT ( 'NONE',  ( 28.00000000000000000, 0.6928345599018950196, -20.34311691479740958 ) ) ;
#1587 = CARTESIAN_POINT ( 'NONE',  ( 0.000000000000000000, 2.733871691145203009, -10.41091953868990494 ) ) ;
#1588 = CARTESIAN_POINT ( 'NONE',  ( 3.683054583722548792, 2.030581737118740460, -13.21627744638669455 ) ) ;
#1589 = CARTESIAN_POINT ( 'NONE',  ( -4.984586973297941981, 0.2353572401806382497, -11.19023482547495973 ) ) ;
#1590 = CARTESIAN_POINT ( 'NONE',  ( -0.000000000000000000, 1.254620548764455057, -15.48977816930680618 ) ) ;
#1591 = CARTESIAN_POINT ( 'NONE',  ( 4.972811803799165098, 0.3822305255690504611, -23.36359792674554114 ) ) ;
#1592 = STYLED_ITEM ( 'NONE', ( #10 ), #304 ) ;
#1593 = CARTESIAN_POINT ( 'NONE',  ( 1.176217820502782230, -0.6233214901064177971, -31.82026058019886250 ) ) ;
#1594 = STYLED_ITEM ( 'NONE', ( #1785 ), #2004 ) ;
#1595 = CARTESIAN_POINT ( 'NONE',  ( -1.158190867628374088, 2.921600748304105544, -17.00000000000000000 ) ) ;
#1596 = EDGE_CURVE ( 'NONE', #1406, #519, #951, .T. ) ;
#1597 = CARTESIAN_POINT ( 'NONE',  ( 4.791241046754886490, -0.2863023893459940017, -16.99999999999999645 ) ) ;
#1598 = CARTESIAN_POINT ( 'NONE',  ( -10.13948385559581489, 7.237162008050487039, -42.75000000000000000 ) ) ;
#1599 = CARTESIAN_POINT ( 'NONE',  ( -1.530808498934191817E-16, 3.000000000000000444, -17.00000000000000000 ) ) ;
#1600 = CARTESIAN_POINT ( 'NONE',  ( 0.000000000000000000, 1.649784658173946816, -2.635773231136221195 ) ) ;
#1601 = VERTEX_POINT ( 'NONE', #2394 ) ;
#1602 = CARTESIAN_POINT ( 'NONE',  ( -4.976909592574288332, 0.2891760249001964489, -17.00000000000000711 ) ) ;
#1603 = CARTESIAN_POINT ( 'NONE',  ( -0.000000000000000000, 1.245102794361411469, -16.01596110421145980 ) ) ;
#1604 = CARTESIAN_POINT ( 'NONE',  ( -1.398761063582711683, 0.3674914599863756681, -42.50000000000002132 ) ) ;
#1605 = CARTESIAN_POINT ( 'NONE',  ( 1.241818196724794987, 0.5642491959185330641, -42.49999999999997868 ) ) ;
#1606 = LINE ( 'NONE', #1137, #29 ) ;
#1607 = CARTESIAN_POINT ( 'NONE',  ( 1.281712559406312790, -0.9673443211213563764, -22.19392303966230173 ) ) ;
#1608 = CARTESIAN_POINT ( 'NONE',  ( -2.945058696569637480, 2.205543681844515547, -5.461199791152905547 ) ) ;
#1609 = EDGE_CURVE ( 'NONE', #327, #1425, #1964, .T. ) ;
#1610 = CARTESIAN_POINT ( 'NONE',  ( 3.777976205875253068, -0.6618660404652105811, -1.968828162902690471 ) ) ;
#1611 =( LENGTH_UNIT ( ) NAMED_UNIT ( * ) SI_UNIT ( $, .METRE. ) );
#1612 = EDGE_LOOP ( 'NONE', ( #166, #278 ) ) ;
#1613 = CARTESIAN_POINT ( 'NONE',  ( -4.991617500727711487, 0.1736750940554858680, -11.22070292803370961 ) ) ;
#1614 = CARTESIAN_POINT ( 'NONE',  ( 1.621951223733731018, 2.852673572684373493, -24.32868666177221328 ) ) ;
#1615 = CARTESIAN_POINT ( 'NONE',  ( -0.8603802722476463494, -0.8208840737600829884, -42.49999999999998579 ) ) ;
#1616 = CARTESIAN_POINT ( 'NONE',  ( 1.924965061967903512, -0.9237972195996941860, -16.99999999999994316 ) ) ;
#1617 = CARTESIAN_POINT ( 'NONE',  ( -4.140037463097601567, 1.684479565869957396, -16.99999999999996447 ) ) ;
#1618 = CARTESIAN_POINT ( 'NONE',  ( 3.819984457204271600, -0.6453961099317999661, -17.00000000000000000 ) ) ;
#1619 = DIRECTION ( 'NONE',  ( 0.000000000000000000, 1.000000000000000000, 0.000000000000000000 ) ) ;
#1620 = CARTESIAN_POINT ( 'NONE',  ( -3.735927659638938358, -0.6647764261747203252, -12.92231110407539596 ) ) ;
#1621 = CARTESIAN_POINT ( 'NONE',  ( 1.251386099475116254, -0.5533251020562641731, -42.49999999999998579 ) ) ;
#1622 = ORIENTED_EDGE ( 'NONE', *, *, #609, .F. ) ;
#1623 = CARTESIAN_POINT ( 'NONE',  ( -4.037964688274287894, -0.4805289292544995261, -0.8810896319428145329 ) ) ;
#1624 = PRESENTATION_STYLE_ASSIGNMENT (( #468 ) ) ;
#1625 = CARTESIAN_POINT ( 'NONE',  ( -0.000000000000000000, 0.4118469499874248818, -24.56812126512027916 ) ) ;
#1626 = CARTESIAN_POINT ( 'NONE',  ( 1.924965061967903956, -0.9237972195996944080, -22.36615996082928604 ) ) ;
#1627 = CARTESIAN_POINT ( 'NONE',  ( 0.000000000000000000, 1.439593008670458474, -1.919053465475974773 ) ) ;
#1628 = MECHANICAL_DESIGN_GEOMETRIC_PRESENTATION_REPRESENTATION (  '', ( #1865 ), #1870 ) ;
#1629 = DIRECTION ( 'NONE',  ( 1.000000000000000000, 0.000000000000000000, 0.000000000000000000 ) ) ;
#1630 = PRESENTATION_LAYER_ASSIGNMENT (  '', '', ( #1594 ) ) ;
#1631 = CARTESIAN_POINT ( 'NONE',  ( 3.398454892146967499, -0.7339852980434488083, -13.28971247688607349 ) ) ;
#1632 = CARTESIAN_POINT ( 'NONE',  ( -4.791241046754886490, -0.2863023893459940017, -16.99999999999999645 ) ) ;
#1633 = CARTESIAN_POINT ( 'NONE',  ( 0.6889763779521065334, 0.000000000000000000, -42.49999999999966604 ) ) ;
#1634 = CARTESIAN_POINT ( 'NONE',  ( 0.8155851064175366760, 2.973470175668034621, -16.99999999999997868 ) ) ;
#1635 = CARTESIAN_POINT ( 'NONE',  ( -1.499999999999998668, -0.004913940794867761343, -42.50000000000000000 ) ) ;
#1636 = ORIENTED_EDGE ( 'NONE', *, *, #579, .F. ) ;
#1637 = CARTESIAN_POINT ( 'NONE',  ( 0.000000000000000000, -0.5345099757846247801, -1.139918272079017525 ) ) ;
#1638 = CARTESIAN_POINT ( 'NONE',  ( -1.423334464534622201, -0.3160361156178160824, -31.11101295096448993 ) ) ;
#1639 = CARTESIAN_POINT ( 'NONE',  ( 1.483911057643928055, -0.1470592923724791945, -42.49999999999997868 ) ) ;
#1640 = CARTESIAN_POINT ( 'NONE',  ( 1.019986702797510469, -0.9797944838271172019, -15.88308631091803491 ) ) ;
#1641 = CARTESIAN_POINT ( 'NONE',  ( 0.000000000000000000, 2.356947671906570729, -6.560959595839270797 ) ) ;
#1642 = CARTESIAN_POINT ( 'NONE',  ( -0.000000000000000000, 1.182611986734506182, -17.46080691946845320 ) ) ;
#1643 = CARTESIAN_POINT ( 'NONE',  ( -4.704557513267907609, -0.3392520315942592068, -11.84514188428081738 ) ) ;
#1644 = CARTESIAN_POINT ( 'NONE',  ( 1.458877434438575982, -0.2331541186517243625, -42.50000000000000000 ) ) ;
#1645 = CARTESIAN_POINT ( 'NONE',  ( -28.00000000000000000, 1.787763642392416585, -19.44768880900623031 ) ) ;
#1646 = ORIENTED_EDGE ( 'NONE', *, *, #2463, .T. ) ;
#1647 = CARTESIAN_POINT ( 'NONE',  ( 0.000000000000000000, -0.4805289292544994706, -0.8810896319428145329 ) ) ;
#1648 = EDGE_CURVE ( 'NONE', #267, #1406, #673, .T. ) ;
#1649 = CARTESIAN_POINT ( 'NONE',  ( -0.000000000000000000, 0.4137318962141454115, -24.55509354024676227 ) ) ;
#1650 = CARTESIAN_POINT ( 'NONE',  ( -1.077459745348926523, -0.6980334362846967178, -32.03623997690268510 ) ) ;
#1651 = CARTESIAN_POINT ( 'NONE',  ( 4.352550580498808053, -0.4925034915519493350, -16.99999999999999289 ) ) ;
#1652 = ADVANCED_FACE ( 'NONE', ( #1315 ), #896, .F. ) ;
#1653 = CARTESIAN_POINT ( 'NONE',  ( -0.000000000000000000, 0.1720472236228126617, -12.42513372508818570 ) ) ;
#1654 = CARTESIAN_POINT ( 'NONE',  ( 2.833606372403307816, -0.9244483450019499449, -5.736470805471513223 ) ) ;
#1655 = CARTESIAN_POINT ( 'NONE',  ( 4.741474866814648692, 0.9535126472268330433, -16.99999999999994671 ) ) ;
#1656 = CARTESIAN_POINT ( 'NONE',  ( 0.000000000000000000, 1.215357267496017801, -13.82923833336115393 ) ) ;
#1657 = CARTESIAN_POINT ( 'NONE',  ( -4.640440982927762192, -0.3731342616904684828, -16.99999999999996092 ) ) ;
#1658 = CARTESIAN_POINT ( 'NONE',  ( -3.061616997868380553E-17, 0.9999999999999998890, -42.50000000000000000 ) ) ;
#1659 = DIRECTION ( 'NONE',  ( 0.7660444431189774583, 0.6427876096865400291, -0.000000000000000000 ) ) ;
#1660 = ORIENTED_EDGE ( 'NONE', *, *, #1181, .F. ) ;
#1661 = CARTESIAN_POINT ( 'NONE',  ( -0.000000000000000000, 0.7622916927941361109, -21.94506517878750884 ) ) ;
#1662 = CARTESIAN_POINT ( 'NONE',  ( -4.111934455696824031, -0.5691638220163313111, -22.96942509583167435 ) ) ;
#1663 = CARTESIAN_POINT ( 'NONE',  ( 4.004285108365669643, -0.5993435179749327935, -22.93855316814494927 ) ) ;
#1664 = CARTESIAN_POINT ( 'NONE',  ( 0.000000000000000000, 0.1388593602461500043, -12.56020650071920919 ) ) ;
#1665 = CARTESIAN_POINT ( 'NONE',  ( 2.586009359316747691, -0.9565038153281982813, -6.719668938052777207 ) ) ;
#1666 = CARTESIAN_POINT ( 'NONE',  ( 4.896718546594206245, 0.6089324855910807077, -17.00000000000002132 ) ) ;
#1667 = ADVANCED_FACE ( 'NONE', ( #460 ), #62, .T. ) ;
#1668 = CLOSED_SHELL ( 'NONE', ( #2490, #1147, #1777, #482 ) ) ;
#1669 = CARTESIAN_POINT ( 'NONE',  ( -0.000000000000000000, 1.207930780949846961, -13.72131555659873747 ) ) ;
#1670 = CARTESIAN_POINT ( 'NONE',  ( -3.735927659638580867, -0.6647764261747907133, -16.99999999999997158 ) ) ;
#1671 = CARTESIAN_POINT ( 'NONE',  ( 0.09842519685039370636, 0.000000000000000000, -44.68503937007839966 ) ) ;
#1672 =( GEOMETRIC_REPRESENTATION_CONTEXT ( 3 ) GLOBAL_UNCERTAINTY_ASSIGNED_CONTEXT ( ( #2051 ) ) GLOBAL_UNIT_ASSIGNED_CONTEXT ( ( #464, #2031, #504 ) ) REPRESENTATION_CONTEXT ( 'NONE', 'WORKASPACE' ) );
#1673 = ORIENTED_EDGE ( 'NONE', *, *, #1760, .F. ) ;
#1674 = DIRECTION ( 'NONE',  ( -1.000000000000000000, 0.000000000000000000, 0.000000000000000000 ) ) ;
#1675 = CARTESIAN_POINT ( 'NONE',  ( -0.05666245508687169086, -1.000000000000000000, -17.00000000000000000 ) ) ;
#1676 = CARTESIAN_POINT ( 'NONE',  ( -1.344090381382309074, -0.4450491928405956865, -42.50000000000000711 ) ) ;
#1677 = CARTESIAN_POINT ( 'NONE',  ( 0.000000000000000000, 0.1682441631564045026, -12.43952542844354348 ) ) ;
#1678 =( NAMED_UNIT ( * ) PLANE_ANGLE_UNIT ( ) SI_UNIT ( $, .RADIAN. ) );
#1679 = CARTESIAN_POINT ( 'NONE',  ( -0.000000000000000000, 1.179086391852990578, -13.38829974614140106 ) ) ;
#1680 = CARTESIAN_POINT ( 'NONE',  ( -2.040224183724865359, -0.9139718838508168464, -16.99999999999995026 ) ) ;
#1681 = CARTESIAN_POINT ( 'NONE',  ( 4.143329360968408537, -0.3229964528616423580, -0.3545696408358990359 ) ) ;
#1682 = ORIENTED_EDGE ( 'NONE', *, *, #1648, .T. ) ;
#1683 = PLANE ( 'NONE',  #877 ) ;
#1684 = CARTESIAN_POINT ( 'NONE',  ( 0.000000000000000000, -0.3857423641127137870, -0.5306096410528629015 ) ) ;
#1685 = PLANE ( 'NONE',  #1235 ) ;
#1686 = CARTESIAN_POINT ( 'NONE',  ( -3.707010289721679452, -0.6716435071551950520, -22.85438056733281087 ) ) ;
#1687 = CARTESIAN_POINT ( 'NONE',  ( 4.352550580498808053, -0.4925034915519493905, -23.03936064520321736 ) ) ;
#1688 = CARTESIAN_POINT ( 'NONE',  ( 0.1699872508844010865, -0.9996161910187381094, -16.99999999999998934 ) ) ;
#1689 = CARTESIAN_POINT ( 'NONE',  ( 4.976909592574288332, 0.2891760249001964489, -17.00000000000000711 ) ) ;
#1690 = CARTESIAN_POINT ( 'NONE',  ( 0.000000000000000000, -0.5086798029333445825, -1.010232484287715504 ) ) ;
#1691 = CARTESIAN_POINT ( 'NONE',  ( 0.000000000000000000, 1.241966792984619650, -14.36143979997632414 ) ) ;
#1692 = CARTESIAN_POINT ( 'NONE',  ( -2.134407266245109902, -0.9949875858359171765, -8.512998273233991497 ) ) ;
#1693 = CARTESIAN_POINT ( 'NONE',  ( -0.000000000000000000, -0.4495862643491814192, -0.7526416229798017499 ) ) ;
#1694 = CARTESIAN_POINT ( 'NONE',  ( 4.664962915901908147, -0.3607039848344939514, -16.99999999999993605 ) ) ;
#1695 = PLANE ( 'NONE',  #437 ) ;
#1696 = CARTESIAN_POINT ( 'NONE',  ( 0.000000000000000000, -0.3541027086344613606, -0.4368342655859517309 ) ) ;
#1697 = CARTESIAN_POINT ( 'NONE',  ( -1.394317762300446573, -0.3690631442427906861, -42.49999999999997868 ) ) ;
#1698 = EDGE_CURVE ( 'NONE', #313, #718, #2209, .T. ) ;
#1699 = CARTESIAN_POINT ( 'NONE',  ( -0.000000000000000000, 1.015306723555573720, -19.61237429674607213 ) ) ;
#1700 = CARTESIAN_POINT ( 'NONE',  ( -0.000000000000000000, 0.01737715774018943476, -13.45148939133881072 ) ) ;
#1701 =( LENGTH_UNIT ( ) NAMED_UNIT ( * ) SI_UNIT ( $, .METRE. ) );
#1702 = CARTESIAN_POINT ( 'NONE',  ( -4.999812193998357301, 0.02803489687788599666, -16.99999999999999645 ) ) ;
#1703 = CARTESIAN_POINT ( 'NONE',  ( 0.000000000000000000, 1.152555471715703161, -13.15070465773264630 ) ) ;
#1704 = CARTESIAN_POINT ( 'NONE',  ( -3.398454892146967499, -0.7339852980434488083, -13.28971247688607349 ) ) ;
#1705 = CARTESIAN_POINT ( 'NONE',  ( -0.000000000000000000, -0.3541027086344613606, -0.4368342655859517309 ) ) ;
#1706 = DIRECTION ( 'NONE',  ( -1.000000000000000000, 0.000000000000000000, 0.000000000000000000 ) ) ;
#1707 = ORIENTED_EDGE ( 'NONE', *, *, #2369, .T. ) ;
#1708 = CIRCLE ( 'NONE', #916, 0.6889763779521065334 ) ;
#1709 = CARTESIAN_POINT ( 'NONE',  ( -3.061616997868380553E-17, 0.9999999999999998890, -42.50000000000000000 ) ) ;
#1710 = CIRCLE ( 'NONE', #1111, 0.09842519685039370636 ) ;
#1711 = CARTESIAN_POINT ( 'NONE',  ( 0.000000000000000000, -0.06575736241383074721, -0.008619413769239019085 ) ) ;
#1712 = CARTESIAN_POINT ( 'NONE',  ( -1.306080392171999449, -0.4927514192638646207, -42.50000000000000711 ) ) ;
#1713 = CARTESIAN_POINT ( 'NONE',  ( -3.651721914263528213, -0.6832271439094650400, -16.99999999999998224 ) ) ;
#1714 = CARTESIAN_POINT ( 'NONE',  ( -0.000000000000000000, 1.169121931860282571, -17.67952624122510130 ) ) ;
#1715 = CARTESIAN_POINT ( 'NONE',  ( -1.530808498934191817E-16, 3.000000000000000444, -17.00000000000000000 ) ) ;
#1716 =( NAMED_UNIT ( * ) SI_UNIT ( $, .STERADIAN. ) SOLID_ANGLE_UNIT ( ) );
#1717 = CARTESIAN_POINT ( 'NONE',  ( -0.000000000000000000, 0.9308064504513303694, -12.12303593376982391 ) ) ;
#1718 = CARTESIAN_POINT ( 'NONE',  ( -0.1699872508844010865, -0.9996161910187381094, -16.99999999999998934 ) ) ;
#1719 = CARTESIAN_POINT ( 'NONE',  ( 4.117891325518202805, -0.3720858753608511371, -0.4887929111005407390 ) ) ;
#1720 = CARTESIAN_POINT ( 'NONE',  ( -4.388741479596766304, 1.439128881092873513, -17.00000000000001776 ) ) ;
#1721 = CARTESIAN_POINT ( 'NONE',  ( 0.000000000000000000, -0.3720858753608511371, -0.4887929111005407390 ) ) ;
#1722 = CARTESIAN_POINT ( 'NONE',  ( -1.077459745348932296, -0.6980334362846966068, -42.49999999999998579 ) ) ;
#1723 = FACE_OUTER_BOUND ( 'NONE', #2007, .T. ) ;
#1724 = VERTEX_POINT ( 'NONE', #292 ) ;
#1725 = CARTESIAN_POINT ( 'NONE',  ( -0.000000000000000000, 1.000878820051050333, -19.76422057211487981 ) ) ;
#1726 = CARTESIAN_POINT ( 'NONE',  ( -4.978977685378947804, -0.09823786536375732348, -17.00000000000002132 ) ) ;
#1727 = CARTESIAN_POINT ( 'NONE',  ( 1.497926778000247872, -0.05410716957436902813, -42.49999999999997868 ) ) ;
#1728 = CARTESIAN_POINT ( 'NONE',  ( -0.000000000000000000, 0.01252371949356514101, -13.53050443221550303 ) ) ;
#1729 = CARTESIAN_POINT ( 'NONE',  ( 0.5458160108969898339, -1.010095414022058380, -14.82826268549843896 ) ) ;
#1730 = CARTESIAN_POINT ( 'NONE',  ( 4.207939324268542336, 0.04709266566879742599, -3.755168179617177410E-17 ) ) ;
#1731 = CARTESIAN_POINT ( 'NONE',  ( -2.923450990420004558, -0.9102360105637489207, -5.379614057201767885 ) ) ;
#1732 = CARTESIAN_POINT ( 'NONE',  ( 4.999441446436158287, 0.04625705447875168297, -11.33040441745485083 ) ) ;
#1733 = CARTESIAN_POINT ( 'NONE',  ( -4.140037463097601567, 1.684479565869957396, -16.99999999999996447 ) ) ;
#1734 = CARTESIAN_POINT ( 'NONE',  ( 0.000000000000000000, 2.922343199453087514, -13.70654662507891608 ) ) ;
#1735 = CARTESIAN_POINT ( 'NONE',  ( 9.184850993605149917E-16, 3.000000000000000444, -17.00000000000000000 ) ) ;
#1736 = VERTEX_POINT ( 'NONE', #846 ) ;
#1737 = CARTESIAN_POINT ( 'NONE',  ( -0.000000000000000000, 1.101511920848443182, -18.62231587148410128 ) ) ;
#1738 = CARTESIAN_POINT ( 'NONE',  ( -4.909770759991974209, -0.1899935595992790494, -17.00000000000000000 ) ) ;
#1739 = CARTESIAN_POINT ( 'NONE',  ( -9.749565576413068868, 7.701848518084674744, -42.00000000000000000 ) ) ;
#1740 = CARTESIAN_POINT ( 'NONE',  ( -0.000000000000000000, 3.000000000000000444, -17.00000000000000000 ) ) ;
#1741 = CARTESIAN_POINT ( 'NONE',  ( 28.00000000000000000, 3.673940397442057896E-16, -20.00000000000000000 ) ) ;
#1742 = CARTESIAN_POINT ( 'NONE',  ( 0.000000000000000000, 0.6048052842922322370, -11.73491567610504305 ) ) ;
#1743 = CARTESIAN_POINT ( 'NONE',  ( -0.9608547297678980970, -0.9820882749485962959, -17.00000000000002842 ) ) ;
#1744 = CARTESIAN_POINT ( 'NONE',  ( -0.000000000000000000, -0.6012584479101690249, -1.531284289178709068 ) ) ;
#1745 = CARTESIAN_POINT ( 'NONE',  ( -4.974724528790113176, -0.1029190018765963055, -17.00000000000000711 ) ) ;
#1746 = CARTESIAN_POINT ( 'NONE',  ( -0.09842519685039370636, 1.205361022782828035E-17, -44.68503937007839966 ) ) ;
#1747 = CARTESIAN_POINT ( 'NONE',  ( 0.000000000000000000, 2.205543681844515547, -5.461199791152905547 ) ) ;
#1748 = CARTESIAN_POINT ( 'NONE',  ( 0.1936418181119802795, 2.998504073855911667, -17.00000000000000000 ) ) ;
#1749 = CARTESIAN_POINT ( 'NONE',  ( -4.785946621231945919, 0.8698788056073641917, -11.65264659742914155 ) ) ;
#1750 = STYLED_ITEM ( 'NONE', ( #1358 ), #367 ) ;
#1751 = CARTESIAN_POINT ( 'NONE',  ( 0.000000000000000000, 1.255818320311640424, -15.29327295070287640 ) ) ;
#1752 = AXIS2_PLACEMENT_3D ( 'NONE', #2153, #1221, #1034 ) ;
#1753 = DIRECTION ( 'NONE',  ( 0.000000000000000000, 0.000000000000000000, -1.000000000000000000 ) ) ;
#1754 = CARTESIAN_POINT ( 'NONE',  ( 0.000000000000000000, 2.922343199453087514, -13.70654662507891608 ) ) ;
#1755 = CARTESIAN_POINT ( 'NONE',  ( -10.26945661532339749, 7.082266504705756027, -42.00000000000000000 ) ) ;
#1756 = CARTESIAN_POINT ( 'NONE',  ( 0.000000000000000000, 0.4080081933326096810, -11.87012425574965313 ) ) ;
#1757 = SURFACE_STYLE_USAGE ( .BOTH. , #2023 ) ;
#1758 = CARTESIAN_POINT ( 'NONE',  ( 3.658069000101770385, -0.7167372867634747013, -2.452331768310797244 ) ) ;
#1759 = CARTESIAN_POINT ( 'NONE',  ( -0.1936418181119802795, 2.998504073855911667, -17.00000000000000000 ) ) ;
#1760 = EDGE_CURVE ( 'NONE', #666, #2473, #1606, .T. ) ;
#1761 = CARTESIAN_POINT ( 'NONE',  ( -3.157829712261231769, 2.347994505956300326, -23.97629807918866973 ) ) ;
#1762 = CARTESIAN_POINT ( 'NONE',  ( 0.000000000000000000, 2.446107705055035275, -7.294453626849343841 ) ) ;
#1763 = ORIENTED_EDGE ( 'NONE', *, *, #1396, .T. ) ;
#1764 = CARTESIAN_POINT ( 'NONE',  ( -4.937541170123941114, 0.4733972265784021083, -11.29089264147825844 ) ) ;
#1765 = CARTESIAN_POINT ( 'NONE',  ( -0.000000000000000000, 1.254980454447621518, -14.96841122641668420 ) ) ;
#1766 = CARTESIAN_POINT ( 'NONE',  ( 3.157829712261231769, 2.347994505956300326, -23.97629807918866973 ) ) ;
#1767 = CARTESIAN_POINT ( 'NONE',  ( 0.000000000000000000, 0.000000000000000000, -14.00000000000000000 ) ) ;
#1768 = CARTESIAN_POINT ( 'NONE',  ( -3.520412372711314575, 2.131886982060775981, -13.40433757753493715 ) ) ;
#1769 = CARTESIAN_POINT ( 'NONE',  ( 0.000000000000000000, 1.034656436716727246, -12.46916222548014019 ) ) ;
#1770 = CARTESIAN_POINT ( 'NONE',  ( 4.154053903094734324, -0.5568234183423113048, -17.00000000000001066 ) ) ;
#1771 = CARTESIAN_POINT ( 'NONE',  ( 0.6889763779521065334, 0.000000000000000000, -44.01574803149572546 ) ) ;
#1772 = CARTESIAN_POINT ( 'NONE',  ( -0.8155851064175357878, 2.973470175668034621, -24.50837707901566631 ) ) ;
#1773 = PRESENTATION_STYLE_ASSIGNMENT (( #1016 ) ) ;
#1774 = CARTESIAN_POINT ( 'NONE',  ( 1.158190867628432930, 2.921600748304097106, -15.86264035873115574 ) ) ;
#1775 = CARTESIAN_POINT ( 'NONE',  ( 0.000000000000000000, -0.02194308099261393225, -5.393927668329330300E-60 ) ) ;
#1776 = CARTESIAN_POINT ( 'NONE',  ( -0.000000000000000000, 1.249126185648095300, -15.84653617877028253 ) ) ;
#1777 = ADVANCED_FACE ( 'NONE', ( #573 ), #1890, .T. ) ;
#1778 = CARTESIAN_POINT ( 'NONE',  ( 1.499999999999994671, 0.04332095361466697936, -30.42873472728450324 ) ) ;
#1779 = CARTESIAN_POINT ( 'NONE',  ( 0.6253129059279357582, -0.9104041722114945001, -32.89266302244068640 ) ) ;
#1780 = CARTESIAN_POINT ( 'NONE',  ( 0.000000000000000000, 2.997563291180005862, -16.45107171167897775 ) ) ;
#1781 = CARTESIAN_POINT ( 'NONE',  ( 0.000000000000000000, 0.1312335958005249603, -26.00000000000000000 ) ) ;
#1782 = CARTESIAN_POINT ( 'NONE',  ( -0.000000000000000000, -0.5583768851428400071, -1.270036451968503233 ) ) ;
#1783 = CARTESIAN_POINT ( 'NONE',  ( -4.640440982927762192, -0.3731342616904684828, -16.99999999999996092 ) ) ;
#1784 = CARTESIAN_POINT ( 'NONE',  ( -0.2717866139329405684, 3.000000000000000444, -24.63057149270263224 ) ) ;
#1785 = PRESENTATION_STYLE_ASSIGNMENT (( #1026 ) ) ;
#1786 = CARTESIAN_POINT ( 'NONE',  ( 4.140037463097601567, 1.684479565869957396, -16.99999999999996447 ) ) ;
#1787 = EDGE_LOOP ( 'NONE', ( #767, #2348, #1215 ) ) ;
#1788 = CARTESIAN_POINT ( 'NONE',  ( -4.988574822647340312, 0.2027265451507779537, -11.20151121666799021 ) ) ;
#1789 = CARTESIAN_POINT ( 'NONE',  ( -0.000000000000000000, 1.253509163769760404, -14.83051752426398728 ) ) ;
#1790 = CARTESIAN_POINT ( 'NONE',  ( -4.853726600439864924, 0.7511061176704409981, -23.45333710502726987 ) ) ;
#1791 = FILL_AREA_STYLE_COLOUR ( '', #995 ) ;
#1792 = EDGE_CURVE ( 'NONE', #2309, #111, #2298, .T. ) ;
#1793 = CARTESIAN_POINT ( 'NONE',  ( 0.5335320454750259733, -0.9959189773538507096, -16.99999999999997158 ) ) ;
#1794 = CARTESIAN_POINT ( 'NONE',  ( -0.4516862250229732867, 2.989503054816243566, -16.99999999999999289 ) ) ;
#1795 = CARTESIAN_POINT ( 'NONE',  ( 10.00951109586823407, 7.392057511395214497, -42.00000000000000000 ) ) ;
#1796 = CARTESIAN_POINT ( 'NONE',  ( -0.000000000000000000, -0.7426174996563577047, -2.716806701331475615 ) ) ;
#1797 = ORIENTED_EDGE ( 'NONE', *, *, #1319, .F. ) ;
#1798 = CARTESIAN_POINT ( 'NONE',  ( -4.981510850082620401, 0.2581408897519881229, -17.00000000000000711 ) ) ;
#1799 = CARTESIAN_POINT ( 'NONE',  ( 1.116359178619751091, 0.6738592290191466327, -42.50000000000004974 ) ) ;
#1800 = CARTESIAN_POINT ( 'NONE',  ( -0.7445917667907638871, -0.8696543738919659816, -32.67953995009966661 ) ) ;
#1801 = CARTESIAN_POINT ( 'NONE',  ( 3.490373944487823454, -0.7171822910863820955, -22.79372079896551284 ) ) ;
#1802 = CARTESIAN_POINT ( 'NONE',  ( -4.693575275202045205, 1.035284572653543123, -16.99999999999996092 ) ) ;
#1803 = CARTESIAN_POINT ( 'NONE',  ( -0.3791412976325432838, -0.9688056535667063374, -42.50000000000001421 ) ) ;
#1804 = DIRECTION ( 'NONE',  ( -1.000000000000000000, 0.000000000000000000, -0.000000000000000000 ) ) ;
#1805 = CARTESIAN_POINT ( 'NONE',  ( 2.990770000793965266, -0.8987359628879355578, -5.112180626881507095 ) ) ;
#1806 = CARTESIAN_POINT ( 'NONE',  ( 0.000000000000000000, 0.000000000000000000, -26.00000000000000000 ) ) ;
#1807 = CARTESIAN_POINT ( 'NONE',  ( 0.000000000000000000, -0.7662236709387180156, -2.981705054452099102 ) ) ;
#1808 = CARTESIAN_POINT ( 'NONE',  ( -0.4822262244064516867, 0.9517998921818373592, -27.77407554601338546 ) ) ;
#1809 = CARTESIAN_POINT ( 'NONE',  ( -28.00000000000000000, 3.670920741486353638E-16, -20.00000000000000000 ) ) ;
#1810 = ORIENTED_EDGE ( 'NONE', *, *, #2369, .F. ) ;
#1811 = CARTESIAN_POINT ( 'NONE',  ( -4.997049157069540115, 0.1045529974455127464, -17.00000000000000711 ) ) ;
#1812 = CARTESIAN_POINT ( 'NONE',  ( 1.455092417327135790, 0.2530407034408636013, -42.49999999999998579 ) ) ;
#1813 = CARTESIAN_POINT ( 'NONE',  ( -0.000000000000000000, 0.7567478361844913737, -21.99066498548913273 ) ) ;
#1814 = CARTESIAN_POINT ( 'NONE',  ( -9.836214082898123934, 7.598584849188188883, -42.00000000000000000 ) ) ;
#1815 = CARTESIAN_POINT ( 'NONE',  ( 1.344090381382309074, -0.4450491928405956865, -42.50000000000000711 ) ) ;
#1816 = CARTESIAN_POINT ( 'NONE',  ( -4.625398993860929231, 1.141788119117726152, -11.94898616817332204 ) ) ;
#1817 = CARTESIAN_POINT ( 'NONE',  ( 4.207029217317629133, -0.06575736241383074721, -0.008619413769239019085 ) ) ;
#1818 = CARTESIAN_POINT ( 'NONE',  ( -0.5032579845711906419, -0.9433743162569729890, -42.50000000000000000 ) ) ;
#1819 = DIRECTION ( 'NONE',  ( 0.000000000000000000, 0.000000000000000000, -1.000000000000000000 ) ) ;
#1820 = CARTESIAN_POINT ( 'NONE',  ( 3.058018676841933736, -0.8863308062423218558, -4.844965702490965143 ) ) ;
#1821 = CARTESIAN_POINT ( 'NONE',  ( -4.481718907524666839, -0.4438524764687126201, -16.99999999999991473 ) ) ;
#1822 = CARTESIAN_POINT ( 'NONE',  ( 1.455092417327135790, 0.2530407034408636013, -42.49999999999998579 ) ) ;
#1823 = CARTESIAN_POINT ( 'NONE',  ( 0.000000000000000000, 2.689734812850255175, -9.951125443511187996 ) ) ;
#1824 = VERTEX_POINT ( 'NONE', #988 ) ;
#1825 = CARTESIAN_POINT ( 'NONE',  ( 0.000000000000000000, -0.4495862643491814192, -0.7526416229798017499 ) ) ;
#1826 = DIRECTION ( 'NONE',  ( -0.6427876096865405842, -0.7660444431189769032, 0.000000000000000000 ) ) ;
#1827 =( NAMED_UNIT ( * ) SI_UNIT ( $, .STERADIAN. ) SOLID_ANGLE_UNIT ( ) );
#1828 = CARTESIAN_POINT ( 'NONE',  ( 4.111934455696824031, -0.5691638220163312001, -16.99999999999998934 ) ) ;
#1829 = CARTESIAN_POINT ( 'NONE',  ( 0.000000000000000000, 0.04256782972874026405, -13.15720955246040802 ) ) ;
#1830 = CARTESIAN_POINT ( 'NONE',  ( 2.923450990420004558, -0.9102360105637489207, -5.379614057201767885 ) ) ;
#1831 = CARTESIAN_POINT ( 'NONE',  ( 0.000000000000000000, 2.119444610576840748, -4.911854904339849170 ) ) ;
#1832 = CARTESIAN_POINT ( 'NONE',  ( -0.000000000000000000, 1.252362367920279995, -15.66200584242549709 ) ) ;
#1833 = CARTESIAN_POINT ( 'NONE',  ( -4.400757325586016400, -0.4751027534935053365, -12.19175122620265839 ) ) ;
#1834 = CARTESIAN_POINT ( 'NONE',  ( 4.149711772867453519, 1.683542172782526825, -16.99999999999998934 ) ) ;
#1835 = CARTESIAN_POINT ( 'NONE',  ( -1.398761063582711683, 0.3674914599863756681, -42.50000000000002132 ) ) ;
#1836 = ORIENTED_EDGE ( 'NONE', *, *, #1792, .T. ) ;
#1837 = CARTESIAN_POINT ( 'NONE',  ( -4.998417235172519568, -0.03022612971163530018, -11.40197485447603043 ) ) ;
#1838 = CARTESIAN_POINT ( 'NONE',  ( -1.448147997414921839, -0.2611871707616383875, -31.00079529820459001 ) ) ;
#1839 = CARTESIAN_POINT ( 'NONE',  ( 0.000000000000000000, 0.1618804175700552517, -12.46397252754430873 ) ) ;
#1840 = CARTESIAN_POINT ( 'NONE',  ( 3.229152945542943076, -0.7639068868901888187, -13.47383355849596676 ) ) ;
#1841 = CARTESIAN_POINT ( 'NONE',  ( 4.785946621231945919, 0.8698788056073641917, -11.65264659742914155 ) ) ;
#1842 = CARTESIAN_POINT ( 'NONE',  ( -0.000000000000000000, 1.198506075923806424, -13.60162826974284123 ) ) ;
#1843 = CARTESIAN_POINT ( 'NONE',  ( -4.319061803185650028, -0.5041646310344135573, -16.99999999999997868 ) ) ;
#1844 = CARTESIAN_POINT ( 'NONE',  ( 0.08076380047401290896, 1.000000000000000000, -42.50000000000000000 ) ) ;
#1845 = ORIENTED_EDGE ( 'NONE', *, *, #1211, .F. ) ;
#1846 = CARTESIAN_POINT ( 'NONE',  ( -3.987530531307992732, -0.6035232326216504184, -17.00000000000000711 ) ) ;
#1847 = CARTESIAN_POINT ( 'NONE',  ( -1.251386099475111147, -0.5533251020562642841, -31.63950110468666566 ) ) ;
#1848 = CARTESIAN_POINT ( 'NONE',  ( 1.489769270014304814, -0.1178622971980566453, -42.49999999999997158 ) ) ;
#1849 = CARTESIAN_POINT ( 'NONE',  ( -0.000000000000000000, 0.09010772839448710769, -12.80909407137635547 ) ) ;
#1850 = CARTESIAN_POINT ( 'NONE',  ( 3.987530531307037940, -0.6035232326219015508, -12.64756204579859933 ) ) ;
#1851 = CARTESIAN_POINT ( 'NONE',  ( 4.869266501592893981, 0.6827187930909945912, -11.46873626706221394 ) ) ;
#1852 = CARTESIAN_POINT ( 'NONE',  ( 0.000000000000000000, 1.147887691849427627, -13.11316890771904298 ) ) ;
#1853 = CARTESIAN_POINT ( 'NONE',  ( -3.326136364716437033, -0.8259988769615453919, -3.778526268393984200 ) ) ;
#1854 = DIRECTION ( 'NONE',  ( -1.000000000000000000, 0.000000000000000000, 0.000000000000000000 ) ) ;
#1855 = CARTESIAN_POINT ( 'NONE',  ( 0.9608547297678980970, -0.9820882749485962959, -17.00000000000002842 ) ) ;
#1856 = ORIENTED_EDGE ( 'NONE', *, *, #79, .T. ) ;
#1857 = CARTESIAN_POINT ( 'NONE',  ( 0.000000000000000000, -0.6618660404652105811, -1.968828162902690693 ) ) ;
#1858 = CARTESIAN_POINT ( 'NONE',  ( -1.409331281405012515, -0.3427922972401790114, -42.49999999999997868 ) ) ;
#1859 = CARTESIAN_POINT ( 'NONE',  ( -0.3966394490487798463, -0.9973035116644790588, -16.99999999999996447 ) ) ;
#1860 = CARTESIAN_POINT ( 'NONE',  ( -4.352550580498808053, -0.4925034915519493905, -23.03936064520321736 ) ) ;
#1861 = CARTESIAN_POINT ( 'NONE',  ( 4.272689946788247539, -0.5196930224232232387, -23.01596994904933879 ) ) ;
#1862 = CARTESIAN_POINT ( 'NONE',  ( -0.000000000000000000, 0.02023537935202001162, -13.40925475785462417 ) ) ;
#1863 = CARTESIAN_POINT ( 'NONE',  ( 0.05666245508687169086, -1.000000000000000000, -17.00000000000000000 ) ) ;
#1864 = CARTESIAN_POINT ( 'NONE',  ( 4.952966598878577820, 0.4124564580515904799, -17.00000000000001776 ) ) ;
#1865 = STYLED_ITEM ( 'NONE', ( #1624 ), #1152 ) ;
#1866 = CARTESIAN_POINT ( 'NONE',  ( -0.000000000000000000, 1.153088237186205012, -13.15501287818248422 ) ) ;
#1867 = CARTESIAN_POINT ( 'NONE',  ( 0.000000000000000000, -0.9949875858359171765, -8.512998273233991497 ) ) ;
#1868 = CARTESIAN_POINT ( 'NONE',  ( 1.423334464534626864, -0.3160361156178160269, -42.49999999999997868 ) ) ;
#1869 = CARTESIAN_POINT ( 'NONE',  ( 1.200000000000000400, -3.102447814381146463E-16, -42.00000000000000000 ) ) ;
#1870 =( GEOMETRIC_REPRESENTATION_CONTEXT ( 3 ) GLOBAL_UNCERTAINTY_ASSIGNED_CONTEXT ( ( #372 ) ) GLOBAL_UNIT_ASSIGNED_CONTEXT ( ( #494, #1256, #2344 ) ) REPRESENTATION_CONTEXT ( 'NONE', 'WORKASPACE' ) );
#1871 = ORIENTED_EDGE ( 'NONE', *, *, #1596, .T. ) ;
#1872 = CARTESIAN_POINT ( 'NONE',  ( 0.000000000000000000, -1.001009463467013916, -16.45702232659739650 ) ) ;
#1873 = CARTESIAN_POINT ( 'NONE',  ( -1.436286855325770606, -0.2888244549376524639, -42.49999999999998579 ) ) ;
#1874 = CARTESIAN_POINT ( 'NONE',  ( -0.000000000000000000, 0.9537224746900373473, -20.24259841861438147 ) ) ;
#1875 = CARTESIAN_POINT ( 'NONE',  ( -1.458877434438571541, -0.2331541186517244735, -30.94557609251258512 ) ) ;
#1876 = CARTESIAN_POINT ( 'NONE',  ( 1.423334464534626864, -0.3160361156178160269, -42.49999999999997868 ) ) ;
#1877 = CARTESIAN_POINT ( 'NONE',  ( -0.000000000000000000, 0.1128481956890360488, -12.68384394920518154 ) ) ;
#1878 = SURFACE_STYLE_USAGE ( .BOTH. , #2278 ) ;
#1879 = CARTESIAN_POINT ( 'NONE',  ( -4.998516503244542442, 0.07540960326526972846, -11.30374880048048247 ) ) ;
#1880 = CARTESIAN_POINT ( 'NONE',  ( -0.000000000000000000, 1.237465562543633490, -14.24176384731895695 ) ) ;
#1881 = CARTESIAN_POINT ( 'NONE',  ( -2.450690526311196216, -0.9703298802463813377, -7.256982549166410834 ) ) ;
#1882 = CARTESIAN_POINT ( 'NONE',  ( 4.998417235172519568, -0.03022612971163530018, -11.40197485447603043 ) ) ;
#1883 = CARTESIAN_POINT ( 'NONE',  ( 1.924965061967903512, -0.9237972195996941860, -16.99999999999994316 ) ) ;
#1884 = EDGE_CURVE ( 'NONE', #492, #2273, #52, .T. ) ;
#1885 = FACE_OUTER_BOUND ( 'NONE', #1787, .T. ) ;
#1886 = CARTESIAN_POINT ( 'NONE',  ( 0.000000000000000000, 0.04709266566879742599, -3.755168179617177410E-17 ) ) ;
#1887 = CARTESIAN_POINT ( 'NONE',  ( -4.070943249476033365, -0.5808343981453154559, -16.99999999999998934 ) ) ;
#1888 = CARTESIAN_POINT ( 'NONE',  ( -4.510616699087780290, -0.4319829482193560111, -16.99999999999993605 ) ) ;
#1889 = APPLICATION_CONTEXT ( 'automotive_design' ) ;
#1890 = B_SPLINE_SURFACE_WITH_KNOTS ( 'NONE', 2, 1, ( 
 ( #1905, #619 ),
 ( #429, #1189 ),
 ( #1302, #2073 ) ),
 .UNSPECIFIED., .F., .F., .F.,
 ( 3, 3 ),
 ( 2, 2 ),
 ( 0.000000000000000000, 1.000000000000000000 ),
 ( 0.000000000000000000, 1.000000000000000000 ),
 .UNSPECIFIED. ) ;
#1891 = CARTESIAN_POINT ( 'NONE',  ( -8.576009360112273853E-16, -1.000000000000000000, -28.36475653895140070 ) ) ;
#1892 = CARTESIAN_POINT ( 'NONE',  ( 0.000000000000000000, 0.000000000000000000, -42.49999999999966604 ) ) ;
#1893 = PRODUCT_DEFINITION_CONTEXT ( 'detailed design', #1889, 'design' ) ;
#1894 = CARTESIAN_POINT ( 'NONE',  ( -4.974724528789570499, -0.1029190018748266655, -11.47614386649041052 ) ) ;
#1895 = CARTESIAN_POINT ( 'NONE',  ( -0.000000000000000000, 1.219778271660995062, -13.89813389631148866 ) ) ;
#1896 = CARTESIAN_POINT ( 'NONE',  ( -2.586009359316747691, -0.9565038153281982813, -6.719668938052777207 ) ) ;
#1897 = CARTESIAN_POINT ( 'NONE',  ( 4.991617500727711487, 0.1736750940554858680, -11.22070292803370961 ) ) ;
#1898 = CARTESIAN_POINT ( 'NONE',  ( 0.5335320454750259733, -0.9959189773538507096, -16.99999999999997158 ) ) ;
#1899 = DIRECTION ( 'NONE',  ( 1.000000000000000000, 0.000000000000000000, -0.000000000000000000 ) ) ;
#1900 = DIRECTION ( 'NONE',  ( -1.312121570515020721E-17, -1.000000000000000000, -0.000000000000000000 ) ) ;
#1901 = CARTESIAN_POINT ( 'NONE',  ( 0.000000000000000000, -0.5345099757846247801, -1.139918272079017525 ) ) ;
#1902 = CARTESIAN_POINT ( 'NONE',  ( -3.229152945543063424, -0.7639068868901682796, -17.00000000000000000 ) ) ;
#1903 = ADVANCED_FACE ( 'NONE', ( #1559 ), #187, .T. ) ;
#1904 = CARTESIAN_POINT ( 'NONE',  ( -0.000000000000000000, 1.162695075456068095, -17.77985054860964453 ) ) ;
#1905 = CARTESIAN_POINT ( 'NONE',  ( 1.199999999999999956, 0.000000000000000000, -36.00000000000000000 ) ) ;
#1906 = DIRECTION ( 'NONE',  ( -1.000000000000000000, 0.000000000000000000, -1.561055996379578982E-16 ) ) ;
#1907 = SURFACE_STYLE_USAGE ( .BOTH. , #746 ) ;
#1908 = CARTESIAN_POINT ( 'NONE',  ( -1.581574132461189386, -0.4547423432016396427, -36.00000000000000000 ) ) ;
#1909 = CARTESIAN_POINT ( 'NONE',  ( -0.000000000000000000, 0.9730212819166489391, -12.24445572261501169 ) ) ;
#1910 = CARTESIAN_POINT ( 'NONE',  ( 0.000000000000000000, -1.010095414022058602, -14.82826268549843896 ) ) ;
#1911 = CARTESIAN_POINT ( 'NONE',  ( -0.000000000000000000, -0.1133845601967969630, -0.03715061498937378276 ) ) ;
#1912 = CARTESIAN_POINT ( 'NONE',  ( -1.158190867628374088, 2.921600748304105544, -17.00000000000000000 ) ) ;
#1913 = VECTOR ( 'NONE', #1619, 39.37007874015748143 ) ;
#1914 = CARTESIAN_POINT ( 'NONE',  ( 0.000000000000000000, -0.5086798029333445825, -1.010232484287715504 ) ) ;
#1915 = CARTESIAN_POINT ( 'NONE',  ( 1.158190867628374088, 2.921600748304105544, -17.00000000000000000 ) ) ;
#1916 = ORIENTED_EDGE ( 'NONE', *, *, #1424, .F. ) ;
#1917 = CARTESIAN_POINT ( 'NONE',  ( -0.000000000000000000, 0.8277902615753871540, -21.39596348479870969 ) ) ;
#1918 = CARTESIAN_POINT ( 'NONE',  ( -1.493572879722556257, -0.09339304447790713892, -42.49999999999996447 ) ) ;
#1919 = CARTESIAN_POINT ( 'NONE',  ( 1.199999999999999956, 0.000000000000000000, -36.00000000000000000 ) ) ;
#1920 = CARTESIAN_POINT ( 'NONE',  ( -9.184850993605147944E-16, -0.9999999999999998890, -17.00000000000000000 ) ) ;
#1921 = CARTESIAN_POINT ( 'NONE',  ( 4.191293152831671698, 0.3214352443238209789, -0.06809230858926101915 ) ) ;
#1922 = UNCERTAINTY_MEASURE_WITH_UNIT (LENGTH_MEASURE( 1.000000000000000082E-05 ), #530, 'distance_accuracy_value', 'NONE');
#1923 = CARTESIAN_POINT ( 'NONE',  ( -0.000000000000000000, 0.9683959390572839387, -12.23009086438705850 ) ) ;
#1924 = CARTESIAN_POINT ( 'NONE',  ( -1.019986702797510469, -0.9797944838271172019, -15.88308631091803491 ) ) ;
#1925 = CARTESIAN_POINT ( 'NONE',  ( 4.997049157069540115, 0.1045529974455127464, -17.00000000000000711 ) ) ;
#1926 = CARTESIAN_POINT ( 'NONE',  ( -4.984586973297943757, 0.2353572401806297842, -17.00000000000000711 ) ) ;
#1927 =( CONVERSION_BASED_UNIT ( 'INCH', #779 ) LENGTH_UNIT ( ) NAMED_UNIT ( #1063 ) );
#1928 = PLANE ( 'NONE',  #1148 ) ;
#1929 = CARTESIAN_POINT ( 'NONE',  ( -0.000000000000000000, 1.103977243913397466, -18.59123660571822612 ) ) ;
#1930 = CARTESIAN_POINT ( 'NONE',  ( -1.489769270014300373, -0.1178622971980567563, -30.72424291994658319 ) ) ;
#1931 = CARTESIAN_POINT ( 'NONE',  ( 4.996855251936172415, -0.04319899997878617892, -16.99999999999997868 ) ) ;
#1932 = EDGE_CURVE ( 'NONE', #2473, #2273, #202, .T. ) ;
#1933 = CARTESIAN_POINT ( 'NONE',  ( 0.000000000000000000, 0.007797723580664949611, -13.62892158077605487 ) ) ;
#1934 = CARTESIAN_POINT ( 'NONE',  ( -3.993627284703356484, 1.807134072676199965, -16.99999999999997868 ) ) ;
#1935 = CARTESIAN_POINT ( 'NONE',  ( -0.000000000000000000, 1.001526803858997061, -12.34064843723071725 ) ) ;
#1936 = CARTESIAN_POINT ( 'NONE',  ( -0.3791412976325432838, -0.9688056535667063374, -42.50000000000001421 ) ) ;
#1937 = CARTESIAN_POINT ( 'NONE',  ( 4.158470910018783329, -0.2878108085740323507, -0.2739133861431103378 ) ) ;
#1938 = CARTESIAN_POINT ( 'NONE',  ( -4.998417235169831940, -0.03022612973511518836, -16.99999999999996447 ) ) ;
#1939 = CARTESIAN_POINT ( 'NONE',  ( -28.00000000000000000, 0.000000000000000000, -26.00000000000000355 ) ) ;
#1940 = CARTESIAN_POINT ( 'NONE',  ( -1.116359178619748649, 0.6738592290191465217, -29.06249660566293258 ) ) ;
#1941 = CARTESIAN_POINT ( 'NONE',  ( 0.000000000000000000, 1.739712779365544471, -2.997587755747153970 ) ) ;
#1942 = CARTESIAN_POINT ( 'NONE',  ( 0.7736707406356079231, 2.966936851779232054, -16.24167038433788335 ) ) ;
#1943 = CARTESIAN_POINT ( 'NONE',  ( -4.110873323981532046, 0.7414874068328767276, -0.4429429513896855908 ) ) ;
#1944 = CARTESIAN_POINT ( 'NONE',  ( -0.000000000000000000, 1.244081722699412751, -16.05527737123841803 ) ) ;
#1945 = CARTESIAN_POINT ( 'NONE',  ( -1.499999999999994671, -0.004913940794867872365, -30.51505521813907507 ) ) ;
#1946 = CARTESIAN_POINT ( 'NONE',  ( -0.000000000000000000, 0.009949485494112510556, -13.58142854620408713 ) ) ;
#1947 = ADVANCED_FACE ( 'NONE', ( #2011 ), #335, .T. ) ;
#1948 = CARTESIAN_POINT ( 'NONE',  ( -0.000000000000000000, -0.02194308099261393225, -5.393927668329330300E-60 ) ) ;
#1949 = CARTESIAN_POINT ( 'NONE',  ( -0.000000000000000000, 0.4353046930173346540, -11.83726310558476591 ) ) ;
#1950 = SURFACE_STYLE_FILL_AREA ( #866 ) ;
#1951 = EDGE_CURVE ( 'NONE', #2273, #2473, #997, .T. ) ;
#1952 = CARTESIAN_POINT ( 'NONE',  ( -0.000000000000000000, -0.5805538350720302887, -1.400511057881878907 ) ) ;
#1953 = DIRECTION ( 'NONE',  ( 0.000000000000000000, 0.000000000000000000, 1.000000000000000000 ) ) ;
#1954 = CARTESIAN_POINT ( 'NONE',  ( -4.976909592574288332, 0.2891760249001964489, -17.00000000000000711 ) ) ;
#1955 = CARTESIAN_POINT ( 'NONE',  ( 0.000000000000000000, 0.000000000000000000, -14.00000000000000000 ) ) ;
#1956 = CARTESIAN_POINT ( 'NONE',  ( -3.735177278315815919, 2.012161619296839898, -23.83158813107607088 ) ) ;
#1957 = CARTESIAN_POINT ( 'NONE',  ( 2.490184428694170560, 2.446107705055035275, -7.294453626849342953 ) ) ;
#1958 = VERTEX_POINT ( 'NONE', #1341 ) ;
#1959 = CARTESIAN_POINT ( 'NONE',  ( -4.937541170123955325, 0.4733972265783873978, -17.00000000000002132 ) ) ;
#1960 = CARTESIAN_POINT ( 'NONE',  ( 0.000000000000000000, 1.250273578642711048, -14.65448979729108103 ) ) ;
#1961 = CARTESIAN_POINT ( 'NONE',  ( 4.149711772867453519, 1.683542172782526825, -16.99999999999998934 ) ) ;
#1962 = CARTESIAN_POINT ( 'NONE',  ( 0.8603802722476400211, -0.8208840737600829884, -32.46580072901251413 ) ) ;
#1963 = CARTESIAN_POINT ( 'NONE',  ( 0.000000000000000000, 2.446107705055035275, -7.294453626849343841 ) ) ;
#1964 = B_SPLINE_CURVE_WITH_KNOTS ( 'NONE', 3,
 ( #488, #1435, #861, #2102 ),
 .UNSPECIFIED., .F., .F.,
 ( 4, 4 ),
 ( 0.000000000000000000, 1.000000000000000000 ),
 .UNSPECIFIED. ) ;
#1965 = DIRECTION ( 'NONE',  ( 1.000000000000000000, 0.000000000000000000, -1.561055996379578982E-16 ) ) ;
#1966 = CARTESIAN_POINT ( 'NONE',  ( 0.000000000000000000, 0.9259637162928974208, -12.11051841707949883 ) ) ;
#1967 = CARTESIAN_POINT ( 'NONE',  ( 3.259259786253356772, -0.8428854871677142757, -4.044745339735704270 ) ) ;
#1968 = SHAPE_DEFINITION_REPRESENTATION ( #1314, #943 ) ;
#1969 = DIRECTION ( 'NONE',  ( -0.000000000000000000, -0.000000000000000000, 1.000000000000000000 ) ) ;
#1970 = B_SPLINE_CURVE_WITH_KNOTS ( 'NONE', 3,
 ( #1599, #301, #1634, #2411, #691, #2225, #2423, #1834, #2183, #1083, #838, #1993, #852, #2386, #364, #1327, #581, #2067, #2449, #2272, #717, #1694, #556, #2485, #545, #136, #2296, #149, #1132, #2082, #350, #192, #731, #1108, #180, #1488, #949, #1883, #1309, #2108, #1855, #1898, #2055, #1122 ),
 .UNSPECIFIED., .F., .F.,
 ( 4, 1, 1, 1, 1, 1, 1, 1, 1, 1, 1, 2, 1, 1, 1, 1, 1, 1, 1, 1, 1, 1, 1, 1, 1, 1, 1, 1, 1, 1, 1, 1, 1, 1, 1, 1, 1, 1, 1, 1, 4 ),
 ( 0.000000000000000000, 0.06553286305405570111, 0.1310657261081114022, 0.1965985891621671033, 0.2621314522162228045, 0.3276643152702782835, 0.3604307467973060231, 0.3931971783243339846, 0.4259636098513618352, 0.4587300413783895747, 0.4914964729054174253, 0.5242629044324452758, 0.5279796004915667806, 0.5316962965506883965, 0.5391296886689314061, 0.5428463847280529109, 0.5465630807871745267, 0.5539964729054174253, 0.5614298650236605459, 0.5688632571419036665, 0.5762966492601465651, 0.5837300413783895747, 0.5911634334966326954, 0.5985968256148757050, 0.6060302177331187146, 0.6134636098513617242, 0.6208970019696049558, 0.6283303940878479654, 0.6431971783243339846, 0.6580639625608202259, 0.6729307467973062451, 0.7026643152702782835, 0.7323978837432505440, 0.7621314522162225824, 0.7918650206891948429, 0.8215985891621669923, 0.8513321576351391418, 0.8810657261081112912, 0.9107992945810834406, 0.9405328630540557011, 1.000000000000000000 ),
 .UNSPECIFIED. ) ;
#1971 = EDGE_CURVE ( 'NONE', #1109, #927, #1277, .T. ) ;
#1972 = SURFACE_SIDE_STYLE ('',( #2160 ) ) ;
#1973 = CARTESIAN_POINT ( 'NONE',  ( 0.1422353977868335007, 2.997563291180005862, -16.45107171167897775 ) ) ;
#1974 = CARTESIAN_POINT ( 'NONE',  ( -4.204274661231692356, 0.1412031403773056359, -0.009856984075232087111 ) ) ;
#1975 = CARTESIAN_POINT ( 'NONE',  ( -0.000000000000000000, 1.193487142721822991, -17.26927185587652858 ) ) ;
#1976 = CARTESIAN_POINT ( 'NONE',  ( 1.621951223733731462, 2.852673572684373493, -17.00000000000003553 ) ) ;
#1977 = CARTESIAN_POINT ( 'NONE',  ( 1.077459745348926523, -0.6980334362846967178, -32.03623997690268510 ) ) ;
#1978 = CARTESIAN_POINT ( 'NONE',  ( -1.917327079691433234, 2.774247168535563191, -15.10492069735141918 ) ) ;
#1979 = CARTESIAN_POINT ( 'NONE',  ( 0.000000000000000000, 0.000000000000000000, -26.00000000000000000 ) ) ;
#1980 = CARTESIAN_POINT ( 'NONE',  ( -0.000000000000000000, -0.8428854871677142757, -4.044745339735704270 ) ) ;
#1981 = CARTESIAN_POINT ( 'NONE',  ( -4.704557513265394952, -0.3392520315956507604, -17.00000000000000711 ) ) ;
#1982 = CARTESIAN_POINT ( 'NONE',  ( -9.184850993605149917E-16, 3.000000000000000444, -17.00000000000000000 ) ) ;
#1983 = CARTESIAN_POINT ( 'NONE',  ( 0.000000000000000000, 1.550750481544767467, -2.275842429413998946 ) ) ;
#1984 = CARTESIAN_POINT ( 'NONE',  ( 4.845279499786995459, 0.7409858862937848123, -11.52432804929629206 ) ) ;
#1985 = EDGE_LOOP ( 'NONE', ( #99, #1279, #428, #2238 ) ) ;
#1986 = CARTESIAN_POINT ( 'NONE',  ( 0.000000000000000000, 0.04709266566879742599, -3.755168179617177410E-17 ) ) ;
#1987 = CARTESIAN_POINT ( 'NONE',  ( -0.000000000000000000, 1.252530093050687077, -15.65080370078185368 ) ) ;
#1988 = CARTESIAN_POINT ( 'NONE',  ( 4.853726600439864924, 0.7511061176704409981, -23.45333710502726987 ) ) ;
#1989 = CARTESIAN_POINT ( 'NONE',  ( 0.2116546013181482833, -0.9928506906314255032, -33.59925731796894155 ) ) ;
#1990 = CARTESIAN_POINT ( 'NONE',  ( 0.000000000000000000, 2.646635231566404567, -9.311394566557501307 ) ) ;
#1991 = CARTESIAN_POINT ( 'NONE',  ( 4.481718907524666839, -0.4438524764687126201, -16.99999999999991473 ) ) ;
#1992 = CARTESIAN_POINT ( 'NONE',  ( -3.735177278315815919, 2.012161619296839898, -16.99999999999994316 ) ) ;
#1993 = CARTESIAN_POINT ( 'NONE',  ( 4.972811803799165098, 0.3822305255690504611, -17.00000000000002132 ) ) ;
#1994 = CARTESIAN_POINT ( 'NONE',  ( 3.993627284703356484, 1.807134072676199965, -16.99999999999997868 ) ) ;
#1995 = ORIENTED_EDGE ( 'NONE', *, *, #1932, .F. ) ;
#1996 = CARTESIAN_POINT ( 'NONE',  ( -4.990139728226227867, 0.1882044680890038180, -11.21057864437062612 ) ) ;
#1997 = CARTESIAN_POINT ( 'NONE',  ( 1.491500756324734001, 0.1295303839278837688, -42.50000000000001421 ) ) ;
#1998 = VECTOR ( 'NONE', #1540, 39.37007874015748143 ) ;
#1999 = EDGE_CURVE ( 'NONE', #704, #1736, #709, .T. ) ;
#2000 = CARTESIAN_POINT ( 'NONE',  ( -0.08463722156377120887, -0.9999999999999998890, -33.80978596068099051 ) ) ;
#2001 = CARTESIAN_POINT ( 'NONE',  ( 0.9716718043999118537, -0.7637811388722063333, -32.25138992093927470 ) ) ;
#2002 = CARTESIAN_POINT ( 'NONE',  ( 0.000000000000000000, 1.349021003033914257, -1.653576031125504109 ) ) ;
#2003 = CARTESIAN_POINT ( 'NONE',  ( 2.380265308824009107, -0.8805447255184928324, -14.39753824322625420 ) ) ;
#2004 = MANIFOLD_SOLID_BREP ( 'Surface-Knit4', #956 ) ;
#2005 = CARTESIAN_POINT ( 'NONE',  ( 0.000000000000000000, -0.6882188965688003091, -2.188342823531936876 ) ) ;
#2006 = CARTESIAN_POINT ( 'NONE',  ( 1.199999999999999956, 0.000000000000000000, -36.00000000000000000 ) ) ;
#2007 = EDGE_LOOP ( 'NONE', ( #841, #1514 ) ) ;
#2008 = CARTESIAN_POINT ( 'NONE',  ( -5.000035008234195999, 0.002526046979124608755, -16.99999999999998934 ) ) ;
#2009 = CARTESIAN_POINT ( 'NONE',  ( 0.2422917796673222102, 0.9913307927955331555, -42.50000000000004974 ) ) ;
#2010 = CARTESIAN_POINT ( 'NONE',  ( -0.08076380047401290896, 1.000000000000000000, -42.50000000000000000 ) ) ;
#2011 = FACE_OUTER_BOUND ( 'NONE', #557, .T. ) ;
#2012 = CARTESIAN_POINT ( 'NONE',  ( -0.3791412976325361783, -0.9688056535667064484, -33.31721712804002067 ) ) ;
#2013 = CARTESIAN_POINT ( 'NONE',  ( 3.869318192871006978, -0.6340361899274969959, -16.99999999999997868 ) ) ;
#2014 = CARTESIAN_POINT ( 'NONE',  ( 0.000000000000000000, 2.025012656014277379, -4.363173122409775395 ) ) ;
#2015 = CARTESIAN_POINT ( 'NONE',  ( -0.000000000000000000, 0.2260496923749117371, -12.24517852595259448 ) ) ;
#2016 = CARTESIAN_POINT ( 'NONE',  ( -0.000000000000000000, -0.9244483450019499449, -5.736470805471513223 ) ) ;
#2017 = CARTESIAN_POINT ( 'NONE',  ( -3.819984457206082595, -0.6453961099313691996, -12.83064134445098503 ) ) ;
#2018 = CARTESIAN_POINT ( 'NONE',  ( 1.499999999999998668, 0.04332095361466707650, -42.50000000000000000 ) ) ;
#2019 = CARTESIAN_POINT ( 'NONE',  ( -0.8184258675388107473, 0.4547423432016396427, -36.00000000000000000 ) ) ;
#2020 = CARTESIAN_POINT ( 'NONE',  ( -1.499235554190823105, -0.03442549914752053575, -42.50000000000000000 ) ) ;
#2021 = ORIENTED_EDGE ( 'NONE', *, *, #862, .T. ) ;
#2022 = CARTESIAN_POINT ( 'NONE',  ( -4.999812193998455001, 0.02803489686967749681, -11.34725602204069972 ) ) ;
#2023 = SURFACE_SIDE_STYLE ('',( #1950 ) ) ;
#2024 = CARTESIAN_POINT ( 'NONE',  ( 1.476789394375935149, -0.1760402283865967754, -30.83495773188474232 ) ) ;
#2025 = CARTESIAN_POINT ( 'NONE',  ( 0.000000000000000000, 1.649784658173946816, -2.635773231136221195 ) ) ;
#2026 = CARTESIAN_POINT ( 'NONE',  ( 4.986455753938288993, 0.2208644962105239529, -17.00000000000000711 ) ) ;
#2027 = CARTESIAN_POINT ( 'NONE',  ( 1.091336780923408689, -1.018958968937477838, -12.65839062615290445 ) ) ;
#2028 = CARTESIAN_POINT ( 'NONE',  ( -0.000000000000000000, 1.250342854177743268, -14.65770485564337200 ) ) ;
#2029 = CARTESIAN_POINT ( 'NONE',  ( -3.853252189149148244, -0.6206641212005495900, -1.662313511265053778 ) ) ;
#2030 = CARTESIAN_POINT ( 'NONE',  ( 1.436286855325770606, -0.2888244549376524639, -42.49999999999998579 ) ) ;
#2031 =( NAMED_UNIT ( * ) PLANE_ANGLE_UNIT ( ) SI_UNIT ( $, .RADIAN. ) );
#2032 = CARTESIAN_POINT ( 'NONE',  ( -1.455092417327135790, 0.2530407034408636013, -42.49999999999998579 ) ) ;
#2033 = ORIENTED_EDGE ( 'NONE', *, *, #1760, .T. ) ;
#2034 = CARTESIAN_POINT ( 'NONE',  ( -4.999949613062377729, 0.01345883918884526603, -11.36082905412261113 ) ) ;
#2035 = MANIFOLD_SOLID_BREP ( 'Loft6', #1668 ) ;
#2036 = CARTESIAN_POINT ( 'NONE',  ( -4.664962915901908147, -0.3607039848344939514, -23.13362568348841108 ) ) ;
#2037 = CARTESIAN_POINT ( 'NONE',  ( 4.664962915901908147, -0.3607039848344939514, -16.99999999999993605 ) ) ;
#2038 = B_SPLINE_SURFACE_WITH_KNOTS ( 'NONE', 2, 1, ( 
 ( #1166, #223 ),
 ( #982, #1739 ),
 ( #610, #1367 ) ),
 .UNSPECIFIED., .F., .F., .F.,
 ( 3, 3 ),
 ( 2, 2 ),
 ( 0.000000000000000000, 1.000000000000000000 ),
 ( 0.000000000000000000, 1.000000000000000000 ),
 .UNSPECIFIED. ) ;
#2039 = VECTOR ( 'NONE', #1002, 39.37007874015748143 ) ;
#2040 = CARTESIAN_POINT ( 'NONE',  ( 1.360044127602381137, -0.9631567063104444770, -16.99999999999998934 ) ) ;
#2041 = CARTESIAN_POINT ( 'NONE',  ( 0.000000000000000000, 2.205543681844515547, -5.461199791152905547 ) ) ;
#2042 = CARTESIAN_POINT ( 'NONE',  ( -0.000000000000000000, 1.233897559177954184, -14.16182538086621712 ) ) ;
#2043 = CARTESIAN_POINT ( 'NONE',  ( -3.658069000101770385, -0.7167372867634747013, -2.452331768310797244 ) ) ;
#2044 = CARTESIAN_POINT ( 'NONE',  ( 1.499999999999998668, -0.004913940794867761343, -42.50000000000000000 ) ) ;
#2045 = EDGE_LOOP ( 'NONE', ( #1524, #1097, #608, #193 ) ) ;
#2046 = CARTESIAN_POINT ( 'NONE',  ( -4.667987110103672954, 1.093983691032113015, -23.54157261653707423 ) ) ;
#2047 = CARTESIAN_POINT ( 'NONE',  ( -0.000000000000000000, 0.6764158137038881469, -22.63585033863996543 ) ) ;
#2048 = CARTESIAN_POINT ( 'NONE',  ( -2.570834062920611007, -0.8587914304460256831, -16.99999999999998224 ) ) ;
#2049 = CARTESIAN_POINT ( 'NONE',  ( 1.360044127602711317, -0.9631567063104252702, -15.51112118781451166 ) ) ;
#2050 = CARTESIAN_POINT ( 'NONE',  ( 3.621502043649964087, 1.649784658173946594, -2.635773231136221195 ) ) ;
#2051 = UNCERTAINTY_MEASURE_WITH_UNIT (LENGTH_MEASURE( 1.000000000000000082E-05 ), #464, 'distance_accuracy_value', 'NONE');
#2052 = CARTESIAN_POINT ( 'NONE',  ( 0.000000000000000000, 1.176279946989181591, -13.36069195962557643 ) ) ;
#2053 = CARTESIAN_POINT ( 'NONE',  ( -3.125189179755977431, -0.8729458641656651086, -4.577979925972419650 ) ) ;
#2054 = CARTESIAN_POINT ( 'NONE',  ( 1.306080392171999449, -0.4927514192638646207, -42.50000000000000711 ) ) ;
#2055 = CARTESIAN_POINT ( 'NONE',  ( 0.2134130468397162639, -1.000000000000000000, -17.00000000000000000 ) ) ;
#2056 = ORIENTED_EDGE ( 'NONE', *, *, #1884, .F. ) ;
#2057 = B_SPLINE_CURVE_WITH_KNOTS ( 'NONE', 2,
 ( #198, #236, #395 ),
 .UNSPECIFIED., .F., .F.,
 ( 3, 3 ),
 ( 0.000000000000000000, 1.000000000000000000 ),
 .UNSPECIFIED. ) ;
#2058 = CARTESIAN_POINT ( 'NONE',  ( 0.000000000000000000, -0.9949875858359171765, -8.512998273233991497 ) ) ;
#2059 = CARTESIAN_POINT ( 'NONE',  ( -0.000000000000000000, 0.7662356427477733378, -21.91253371618545387 ) ) ;
#2060 = CARTESIAN_POINT ( 'NONE',  ( -0.9716718043999118537, -0.7637811388722063333, -32.25138992093927470 ) ) ;
#2061 = CARTESIAN_POINT ( 'NONE',  ( 4.588416580139366374, -0.3979417668754152149, -23.10997092537369824 ) ) ;
#2062 = CARTESIAN_POINT ( 'NONE',  ( 0.6799653292108872593, -0.9914972496121079448, -16.25528107960526114 ) ) ;
#2063 = CARTESIAN_POINT ( 'NONE',  ( 4.693575275202045205, 1.035284572653543123, -16.99999999999996092 ) ) ;
#2064 = CARTESIAN_POINT ( 'NONE',  ( 0.000000000000000000, 1.126280722367767329, -12.95654186589936430 ) ) ;
#2065 = CARTESIAN_POINT ( 'NONE',  ( -2.721153852159117648, -0.9402607126372208857, -6.183042575692033971 ) ) ;
#2066 = CYLINDRICAL_SURFACE ( 'NONE', #1311, 0.6889763779521065334 ) ;
#2067 = CARTESIAN_POINT ( 'NONE',  ( 4.909770759991974209, -0.1899935595992790494, -17.00000000000000000 ) ) ;
#2068 = EDGE_LOOP ( 'NONE', ( #351, #1364 ) ) ;
#2069 = CARTESIAN_POINT ( 'NONE',  ( 0.000000000000000000, 0.1412031403773056359, -0.009856984075232087111 ) ) ;
#2070 = CARTESIAN_POINT ( 'NONE',  ( -2.040224183724865359, -0.9139718838508168464, -16.99999999999995026 ) ) ;
#2071 = CARTESIAN_POINT ( 'NONE',  ( -1.436286855325770606, -0.2888244549376524639, -42.49999999999998579 ) ) ;
#2072 = CARTESIAN_POINT ( 'NONE',  ( 1.409331281405007408, -0.3427922972401791224, -31.16600494491060758 ) ) ;
#2073 = CARTESIAN_POINT ( 'NONE',  ( 10.00951109586823229, 7.392057511395216274, -45.00000000000000000 ) ) ;
#2074 = EDGE_CURVE ( 'NONE', #969, #338, #606, .T. ) ;
#2075 = CARTESIAN_POINT ( 'NONE',  ( -0.000000000000000000, 0.03170315980442359183, -13.26751894021715295 ) ) ;
#2076 = CARTESIAN_POINT ( 'NONE',  ( -0.000000000000000000, -1.010095414022058602, -14.82826268549843896 ) ) ;
#2077 = AXIS2_PLACEMENT_3D ( 'NONE', #433, #648, #270 ) ;
#2078 = CARTESIAN_POINT ( 'NONE',  ( -4.103902002424547391, -0.3956424490387377979, -0.5620862988348347411 ) ) ;
#2079 = CARTESIAN_POINT ( 'NONE',  ( -0.000000000000000000, 1.247263815701233236, -14.52746496277926092 ) ) ;
#2080 = CARTESIAN_POINT ( 'NONE',  ( -1.700131775689074365, -0.9413416835967466367, -17.00000000000003553 ) ) ;
#2081 = CARTESIAN_POINT ( 'NONE',  ( 4.999949613062414144, 0.01345883918478646239, -17.00000000000000000 ) ) ;
#2082 = CARTESIAN_POINT ( 'NONE',  ( 4.004285108365668755, -0.5993435179749326824, -17.00000000000001066 ) ) ;
#2083 = VERTEX_POINT ( 'NONE', #656 ) ;
#2084 = CARTESIAN_POINT ( 'NONE',  ( 0.000000000000000000, -0.3956424490387377979, -0.5620862988348347411 ) ) ;
#2085 = CARTESIAN_POINT ( 'NONE',  ( -1.344090381382309074, -0.4450491928405956865, -42.50000000000000711 ) ) ;
#2086 = FACE_OUTER_BOUND ( 'NONE', #245, .T. ) ;
#2087 = CARTESIAN_POINT ( 'NONE',  ( -1.199999999999999956, 0.000000000000000000, -36.00000000000000000 ) ) ;
#2088 = CARTESIAN_POINT ( 'NONE',  ( -0.000000000000000000, 0.9018334629203963448, -20.73169880406578258 ) ) ;
#2089 = CARTESIAN_POINT ( 'NONE',  ( -1.394317762300446573, -0.3690631442427906861, -42.49999999999997868 ) ) ;
#2090 = B_SPLINE_CURVE_WITH_KNOTS ( 'NONE', 2,
 ( #1415, #2019, #875 ),
 .UNSPECIFIED., .F., .F.,
 ( 3, 3 ),
 ( 0.000000000000000000, 1.000000000000000000 ),
 .UNSPECIFIED. ) ;
#2091 = DIRECTION ( 'NONE',  ( -0.000000000000000000, -0.000000000000000000, 1.000000000000000000 ) ) ;
#2092 = CARTESIAN_POINT ( 'NONE',  ( -0.000000000000000000, 0.04694986468664814894, -13.11794146979847397 ) ) ;
#2093 = CARTESIAN_POINT ( 'NONE',  ( 0.05666245508686303806, -0.9999999999999998890, -16.93793674744230060 ) ) ;
#2094 = CARTESIAN_POINT ( 'NONE',  ( -4.172900082842638803, -0.2463812810521625873, -0.1963545759330582452 ) ) ;
#2095 = CARTESIAN_POINT ( 'NONE',  ( 0.000000000000000000, 1.230349742068288510, -14.08834671015511475 ) ) ;
#2096 = CARTESIAN_POINT ( 'NONE',  ( -3.651721914262088475, -0.6832271439097722388, -13.01406047244184094 ) ) ;
#2097 = CARTESIAN_POINT ( 'NONE',  ( 4.998516503244542442, 0.07540960326526972846, -11.30374880048048247 ) ) ;
#2098 = CARTESIAN_POINT ( 'NONE',  ( 10.13948385559581489, 7.237162008050487039, -42.75000000000000000 ) ) ;
#2099 = ORIENTED_EDGE ( 'NONE', *, *, #1596, .F. ) ;
#2100 = CARTESIAN_POINT ( 'NONE',  ( 0.000000000000000000, -0.2463812810521625873, -0.1963545759330582452 ) ) ;
#2101 = CARTESIAN_POINT ( 'NONE',  ( -2.663505286905115454, -0.8470594639169161111, -16.99999999999996092 ) ) ;
#2102 = CARTESIAN_POINT ( 'NONE',  ( 0.000000000000000000, 0.000000000000000000, -14.00000000000000000 ) ) ;
#2103 = CARTESIAN_POINT ( 'NONE',  ( 0.000000000000000000, 1.117120414888980395, -18.42495395113613554 ) ) ;
#2104 = CARTESIAN_POINT ( 'NONE',  ( -5.000000000000000888, 0.1270727495919225236, -17.00000000000000000 ) ) ;
#2105 = CARTESIAN_POINT ( 'NONE',  ( 0.000000000000000000, 0.006376746874057575426, -13.66244277978650423 ) ) ;
#2106 = CARTESIAN_POINT ( 'NONE',  ( -0.6799653292108236435, -0.9914972496121110535, -17.00000000000003908 ) ) ;
#2107 = CARTESIAN_POINT ( 'NONE',  ( 4.991702228752076920, -0.06248032916846896906, -11.43343039147993601 ) ) ;
#2108 = CARTESIAN_POINT ( 'NONE',  ( 1.281712559406312124, -0.9673443211213562654, -16.99999999999996092 ) ) ;
#2109 = CARTESIAN_POINT ( 'NONE',  ( -28.00000000000000000, 0.1968503937007874127, -26.00000000000000355 ) ) ;
#2110 = CARTESIAN_POINT ( 'NONE',  ( 0.000000000000000000, -0.7426174996563577047, -2.716806701331475615 ) ) ;
#2111 = CARTESIAN_POINT ( 'NONE',  ( 0.000000000000000000, 3.000000000000000444, -16.81702292556797573 ) ) ;
#2112 = CARTESIAN_POINT ( 'NONE',  ( 0.000000000000000000, 1.171074606540134067, -17.64853480706391409 ) ) ;
#2113 = CARTESIAN_POINT ( 'NONE',  ( -4.947796571736404303, -0.1471235035225071652, -23.23174865724360316 ) ) ;
#2114 = CARTESIAN_POINT ( 'NONE',  ( -14.00000000000000000, 0.1968503937007874127, -26.00000000000000355 ) ) ;
#2115 = CARTESIAN_POINT ( 'NONE',  ( -9.184850993605149917E-16, 3.000000000000000444, -17.00000000000000000 ) ) ;
#2116 = CARTESIAN_POINT ( 'NONE',  ( 0.000000000000000000, 0.7414874068328767276, -0.4429429513896855908 ) ) ;
#2117 = CARTESIAN_POINT ( 'NONE',  ( -0.000000000000000000, 0.9356080117788488915, -12.13563030178369395 ) ) ;
#2118 = CARTESIAN_POINT ( 'NONE',  ( -1.091336780923408689, -1.018958968937477838, -12.65839062615290445 ) ) ;
#2119 = CARTESIAN_POINT ( 'NONE',  ( 4.988574822647340312, 0.2027265451507779537, -11.20151121666799021 ) ) ;
#2120 = CARTESIAN_POINT ( 'NONE',  ( -1.917327079691508507, 2.774247168535546759, -16.99999999999999289 ) ) ;
#2121 = AXIS2_PLACEMENT_3D ( 'NONE', #1586, #615, #97 ) ;
#2122 = VECTOR ( 'NONE', #1438, 39.37007874015748143 ) ;
#2123 = CARTESIAN_POINT ( 'NONE',  ( 1.917327079691508507, 2.774247168535546759, -16.99999999999999289 ) ) ;
#2124 = CARTESIAN_POINT ( 'NONE',  ( -1.499235554190819109, -0.03442549914752063983, -30.56849009535289596 ) ) ;
#2125 = CARTESIAN_POINT ( 'NONE',  ( 0.000000000000000000, 0.000000000000000000, -14.00000000000000000 ) ) ;
#2126 = CARTESIAN_POINT ( 'NONE',  ( 0.000000000000000000, 2.205543681844515547, -5.461199791152905547 ) ) ;
#2127 = UNCERTAINTY_MEASURE_WITH_UNIT (LENGTH_MEASURE( 1.000000000000000082E-05 ), #2302, 'distance_accuracy_value', 'NONE');
#2128 = CARTESIAN_POINT ( 'NONE',  ( 0.000000000000000000, -1.000000000000000000, -33.95013838915571114 ) ) ;
#2129 = CARTESIAN_POINT ( 'NONE',  ( -0.000000000000000000, -0.2463812810521625873, -0.1963545759330582452 ) ) ;
#2130 = CARTESIAN_POINT ( 'NONE',  ( -4.995057487437451371, 0.1336740686578628268, -17.00000000000000711 ) ) ;
#2131 =( LENGTH_UNIT ( ) NAMED_UNIT ( * ) SI_UNIT ( $, .METRE. ) );
#2132 = CARTESIAN_POINT ( 'NONE',  ( 2.259627212165241428, 2.544906296202407159, -8.211385715652477657 ) ) ;
#2133 = ORIENTED_EDGE ( 'NONE', *, *, #832, .F. ) ;
#2134 = CARTESIAN_POINT ( 'NONE',  ( 0.000000000000000000, 0.1412031403773056359, -0.009856984075232087111 ) ) ;
#2135 = CARTESIAN_POINT ( 'NONE',  ( 0.000000000000000000, 1.245403392240855833, -16.00413116536293856 ) ) ;
#2136 = CARTESIAN_POINT ( 'NONE',  ( -1.497926778000243875, -0.05410716957436912528, -30.60483518759581401 ) ) ;
#2137 = CARTESIAN_POINT ( 'NONE',  ( 4.978977685378947804, -0.09823786536375732348, -17.00000000000002132 ) ) ;
#2138 = DIRECTION ( 'NONE',  ( -1.000000000000000000, 0.000000000000000000, 0.000000000000000000 ) ) ;
#2139 = CARTESIAN_POINT ( 'NONE',  ( -3.297970921104945941, 2.258131679737461539, -16.99999999999999645 ) ) ;
#2140 = CARTESIAN_POINT ( 'NONE',  ( -10.00951109586823229, 7.392057511395216274, -42.00000000000000000 ) ) ;
#2141 = CARTESIAN_POINT ( 'NONE',  ( 0.000000000000000000, 0.3289933240017408056, -11.99862274450086197 ) ) ;
#2142 = CARTESIAN_POINT ( 'NONE',  ( -0.000000000000000000, -0.6206641212005495900, -1.662313511265054000 ) ) ;
#2143 = CARTESIAN_POINT ( 'NONE',  ( -1.539769661204930973, 2.857530136666726062, -17.00000000000001066 ) ) ;
#2144 = CARTESIAN_POINT ( 'NONE',  ( -0.2717866139329414565, 3.000000000000000444, -17.00000000000000000 ) ) ;
#2145 = CARTESIAN_POINT ( 'NONE',  ( 0.3318470698936235586, 2.986230737967060733, -15.71920553349343841 ) ) ;
#2146 = ORIENTED_EDGE ( 'NONE', *, *, #941, .T. ) ;
#2147 = CARTESIAN_POINT ( 'NONE',  ( 0.000000000000000000, 1.078704641661029084, -1.005708350550309937 ) ) ;
#2148 = CARTESIAN_POINT ( 'NONE',  ( -0.000000000000000000, 1.256021460759223274, -15.15119618028693083 ) ) ;
#2149 = CARTESIAN_POINT ( 'NONE',  ( 5.000000000000000888, 0.1270727495919225236, -23.30322092246393240 ) ) ;
#2150 = CARTESIAN_POINT ( 'NONE',  ( -28.00000000000000000, 3.673940397442057896E-16, -20.00000000000000000 ) ) ;
#2151 = CARTESIAN_POINT ( 'NONE',  ( -0.7736707406356079231, 2.966936851779232054, -16.24167038433788335 ) ) ;
#2152 = CARTESIAN_POINT ( 'NONE',  ( -0.7445917667907703263, -0.8696543738919658706, -42.49999999999996447 ) ) ;
#2153 = CARTESIAN_POINT ( 'NONE',  ( 0.000000000000000000, 0.000000000000000000, -44.68503937007839966 ) ) ;
#2154 = EDGE_CURVE ( 'NONE', #492, #666, #1710, .T. ) ;
#2155 = CARTESIAN_POINT ( 'NONE',  ( -0.000000000000000000, 0.2609373151771096078, -12.14941726432769364 ) ) ;
#2156 = CARTESIAN_POINT ( 'NONE',  ( -9.836214082898123934, 7.598584849188189771, -43.00000000000000711 ) ) ;
#2157 = CARTESIAN_POINT ( 'NONE',  ( -0.000000000000000000, -0.8077036514671622758, -3.512596957681179077 ) ) ;
#2158 = DIRECTION ( 'NONE',  ( 0.000000000000000000, 0.000000000000000000, 1.000000000000000000 ) ) ;
#2159 = FACE_OUTER_BOUND ( 'NONE', #659, .T. ) ;
#2160 = SURFACE_STYLE_FILL_AREA ( #218 ) ;
#2161 = CARTESIAN_POINT ( 'NONE',  ( 1.539769661204930973, 2.857530136666726062, -17.00000000000001066 ) ) ;
#2162 =( GEOMETRIC_REPRESENTATION_CONTEXT ( 3 ) GLOBAL_UNCERTAINTY_ASSIGNED_CONTEXT ( ( #1322 ) ) GLOBAL_UNIT_ASSIGNED_CONTEXT ( ( #1541, #1678, #551 ) ) REPRESENTATION_CONTEXT ( 'NONE', 'WORKASPACE' ) );
#2163 = CARTESIAN_POINT ( 'NONE',  ( 0.000000000000000000, 0.9939379925722885423, -0.8384731343389766334 ) ) ;
#2164 = CARTESIAN_POINT ( 'NONE',  ( 0.000000000000000000, 1.196703381194191840, -17.21036633539270255 ) ) ;
#2165 = CARTESIAN_POINT ( 'NONE',  ( -1.455092417327132237, 0.2530407034408634903, -30.04587662444080465 ) ) ;
#2166 = CARTESIAN_POINT ( 'NONE',  ( 0.8155851064175366760, 2.973470175668034621, -16.99999999999997868 ) ) ;
#2167 = CARTESIAN_POINT ( 'NONE',  ( 0.5032579845711837585, -0.9433743162569731000, -33.10521604669158791 ) ) ;
#2168 = CARTESIAN_POINT ( 'NONE',  ( 0.000000000000000000, 2.962626241343990774, -14.80440713544642684 ) ) ;
#2169 = CARTESIAN_POINT ( 'NONE',  ( 4.236785688786683934, -0.5313226952830710781, -12.37369954586154819 ) ) ;
#2170 = CARTESIAN_POINT ( 'NONE',  ( -4.400757325589244928, -0.4751027534923534246, -17.00000000000006395 ) ) ;
#2171 = CARTESIAN_POINT ( 'NONE',  ( -1.621951223733731462, 2.852673572684373493, -17.00000000000003553 ) ) ;
#2172 = CARTESIAN_POINT ( 'NONE',  ( 0.000000000000000000, 1.824190891257946312, -3.360442954848546826 ) ) ;
#2173 = CARTESIAN_POINT ( 'NONE',  ( 4.025629088496240016, 0.9939379925722885423, -0.8384731343389765224 ) ) ;
#2174 = ORIENTED_EDGE ( 'NONE', *, *, #1951, .F. ) ;
#2175 = CARTESIAN_POINT ( 'NONE',  ( -3.989136984364988425, 1.078704641661028862, -1.005708350550309937 ) ) ;
#2176 = CARTESIAN_POINT ( 'NONE',  ( -0.000000000000000000, 1.255303402073574492, -15.00872622057704220 ) ) ;
#2177 = CARTESIAN_POINT ( 'NONE',  ( 2.407683153559209366, 2.646665650389298019, -16.99999999999993250 ) ) ;
#2178 = CARTESIAN_POINT ( 'NONE',  ( 0.2116546013181556940, -0.9928506906314253921, -42.50000000000002132 ) ) ;
#2179 = CARTESIAN_POINT ( 'NONE',  ( 0.000000000000000000, 2.733871691145203009, -10.41091953868990494 ) ) ;
#2180 = FACE_OUTER_BOUND ( 'NONE', #2045, .T. ) ;
#2181 = CARTESIAN_POINT ( 'NONE',  ( 3.821102094278799211, -0.6389155647953508321, -1.793564675080913773 ) ) ;
#2182 = DIRECTION ( 'NONE',  ( 0.6427876096865400291, 0.7660444431189774583, 0.000000000000000000 ) ) ;
#2183 = CARTESIAN_POINT ( 'NONE',  ( 4.429170842568816546, 1.405207228723909241, -17.00000000000000000 ) ) ;
#2184 = CARTESIAN_POINT ( 'NONE',  ( 4.845279499786301791, 0.7409858862953986325, -16.99999999999998579 ) ) ;
#2185 = ORIENTED_EDGE ( 'NONE', *, *, #93, .F. ) ;
#2186 = CARTESIAN_POINT ( 'NONE',  ( -4.976909592574335406, 0.2891760248999342142, -11.19412609185342689 ) ) ;
#2187 = CARTESIAN_POINT ( 'NONE',  ( 0.7168974980580536949, 0.8841340953034259043, -42.50000000000004974 ) ) ;
#2188 = CARTESIAN_POINT ( 'NONE',  ( -3.061616997868380553E-17, 0.9999999999999998890, -42.50000000000000000 ) ) ;
#2189 = CARTESIAN_POINT ( 'NONE',  ( 1.306080392171994120, -0.4927514192638647317, -31.49436161117782618 ) ) ;
#2190 = APPLICATION_CONTEXT ( 'automotive_design' ) ;
#2191 = CARTESIAN_POINT ( 'NONE',  ( -3.785731988146119775, 1.439593008670458474, -1.919053465475974773 ) ) ;
#2192 = DIRECTION ( 'NONE',  ( -1.000000000000000000, 0.000000000000000000, -3.122111992759157964E-16 ) ) ;
#2193 = CARTESIAN_POINT ( 'NONE',  ( 4.319061803188670723, -0.5041646310333804948, -12.28265304033559602 ) ) ;
#2194 = CARTESIAN_POINT ( 'NONE',  ( -0.7168974980580536949, 0.8841340953034259043, -42.50000000000004974 ) ) ;
#2195 = CARTESIAN_POINT ( 'NONE',  ( 0.000000000000000000, 3.000000000000000444, -24.69166869954611698 ) ) ;
#2196 = CARTESIAN_POINT ( 'NONE',  ( 0.2116546013181556940, -0.9928506906314253921, -42.50000000000002132 ) ) ;
#2197 = DIRECTION ( 'NONE',  ( -1.000000000000000000, 0.000000000000000000, 0.000000000000000000 ) ) ;
#2198 = CARTESIAN_POINT ( 'NONE',  ( -1.493572879722556257, -0.09339304447790713892, -42.49999999999996447 ) ) ;
#2199 = VERTEX_POINT ( 'NONE', #276 ) ;
#2200 = CARTESIAN_POINT ( 'NONE',  ( -4.991702228754530068, -0.06248032915422193495, -17.00000000000001066 ) ) ;
#2201 = ADVANCED_FACE ( 'NONE', ( #491 ), #357, .F. ) ;
#2202 = CARTESIAN_POINT ( 'NONE',  ( 4.429170842568816546, 1.405207228723909241, -17.00000000000000000 ) ) ;
#2203 = COLOUR_RGB ( '',0.7921568627450980005, 0.8196078431372548767, 0.9333333333333333481 ) ;
#2204 = CARTESIAN_POINT ( 'NONE',  ( -2.247542661599894576, -0.8942487155240370633, -22.45317959420411569 ) ) ;
#2205 = CARTESIAN_POINT ( 'NONE',  ( -0.000000000000000000, -1.000000000000000000, -21.85587904804802761 ) ) ;
#2206 = COLOUR_RGB ( '',0.7921568627450980005, 0.8196078431372548767, 0.9333333333333333481 ) ;
#2207 = CARTESIAN_POINT ( 'NONE',  ( -3.212417062672664247, 2.025012656014277379, -4.363173122409775395 ) ) ;
#2208 = CARTESIAN_POINT ( 'NONE',  ( -0.000000000000000000, -1.019133120498344924, -11.57484492995656744 ) ) ;
#2209 = B_SPLINE_CURVE_WITH_KNOTS ( 'NONE', 3,
 ( #1234, #1196, #869, #1803, #1818, #2406, #2152, #821, #921, #1722, #559, #954, #1712, #2085, #3, #1697, #1858, #2452, #1873, #1174, #1404, #402, #67, #657, #124, #2198, #1240, #891, #2020, #839, #1635, #692, #1451, #2032, #1835, #365, #157, #2383, #275, #2194, #129, #76, #2010, #2353 ),
 .UNSPECIFIED., .F., .F.,
 ( 4, 1, 1, 1, 1, 1, 1, 1, 1, 1, 1, 1, 1, 1, 1, 1, 1, 1, 1, 1, 1, 1, 1, 1, 1, 1, 1, 1, 1, 2, 1, 1, 1, 1, 1, 1, 1, 1, 1, 1, 4 ),
 ( 0.000000000000000000, 0.05946713694594434052, 0.08920070541891650384, 0.1189342738918886810, 0.1486678423648608305, 0.1784014108378330077, 0.2081349793108051294, 0.2378685477837773621, 0.2676021162567494005, 0.2973356847297216610, 0.3270692532026938104, 0.3419360374391797741, 0.3568028216756660154, 0.3716696059121520901, 0.3791029980303949887, 0.3865363901486382203, 0.3939697822668812299, 0.4014031743851242395, 0.4088365665033672491, 0.4162699586216104253, 0.4237033507398534349, 0.4311367428580963890, 0.4385701349763394541, 0.4460035270945825192, 0.4534369192128254733, 0.4571536152719470891, 0.4608703113310685939, 0.4683037034493116035, 0.4720203995084332194, 0.4757370955675547242, 0.5085035270945825747, 0.5412699586216104253, 0.5740363901486381648, 0.6068028216756660154, 0.6395692532026939769, 0.6723356847297217165, 0.7378685477837771955, 0.8034014108378328967, 0.8689342738918885978, 0.9344671369459442989, 1.000000000000000000 ),
 .UNSPECIFIED. ) ;
#2210 = CARTESIAN_POINT ( 'NONE',  ( 0.000000000000000000, 0.000000000000000000, -21.99999999999999645 ) ) ;
#2211 = CARTESIAN_POINT ( 'NONE',  ( -3.459485926123069266, -0.7878417983130477920, -3.246980445251593572 ) ) ;
#2212 = CARTESIAN_POINT ( 'NONE',  ( 0.9421505137661927431, 0.7854437899936299594, -42.49999999999989342 ) ) ;
#2213 = DIMENSIONAL_EXPONENTS ( 1.000000000000000000, 0.000000000000000000, 0.000000000000000000, 0.000000000000000000, 0.000000000000000000, 0.000000000000000000, 0.000000000000000000 ) ;
#2214 = B_SPLINE_CURVE_WITH_KNOTS ( 'NONE', 3,
 ( #279, #85, #507, #1085 ),
 .UNSPECIFIED., .F., .F.,
 ( 4, 4 ),
 ( 0.000000000000000000, 1.000000000000000000 ),
 .UNSPECIFIED. ) ;
#2215 = EDGE_LOOP ( 'NONE', ( #1439, #2424, #137, #2185 ) ) ;
#2216 = CARTESIAN_POINT ( 'NONE',  ( 0.000000000000000000, -0.2111971254275382681, -0.1405575779286229177 ) ) ;
#2217 = ADVANCED_FACE ( 'NONE', ( #518 ), #1423, .F. ) ;
#2218 = LENGTH_MEASURE_WITH_UNIT ( LENGTH_MEASURE( 0.02539999999999999897 ), #2329 );
#2219 = CARTESIAN_POINT ( 'NONE',  ( 1.423334464534622201, -0.3160361156178160824, -31.11101295096448993 ) ) ;
#2220 = CARTESIAN_POINT ( 'NONE',  ( 0.000000000000000000, 1.739712779365544471, -2.997587755747153970 ) ) ;
#2221 = CARTESIAN_POINT ( 'NONE',  ( -0.000000000000000000, -1.015384271521324377, -10.49260397829176128 ) ) ;
#2222 = CARTESIAN_POINT ( 'NONE',  ( -0.000000000000000000, 1.251135220339221865, -14.69580502663515453 ) ) ;
#2223 = CARTESIAN_POINT ( 'NONE',  ( -4.791241046752192645, -0.2863023893477734672, -11.74055508525316327 ) ) ;
#2224 = CARTESIAN_POINT ( 'NONE',  ( 1.499890687059615813, -0.01474718157750385360, -42.50000000000000000 ) ) ;
#2225 = CARTESIAN_POINT ( 'NONE',  ( 3.157829712261232213, 2.347994505956300326, -17.00000000000007105 ) ) ;
#2226 = ORIENTED_EDGE ( 'NONE', *, *, #876, .T. ) ;
#2227 = CARTESIAN_POINT ( 'NONE',  ( -4.995057487437452259, 0.1336740686578115067, -11.25262162048104209 ) ) ;
#2228 = CARTESIAN_POINT ( 'NONE',  ( 0.000000000000000000, 0.1968503937007874127, -26.00000000000000000 ) ) ;
#2229 = CARTESIAN_POINT ( 'NONE',  ( -1.476789394375939368, -0.1760402283865966921, -42.49999999999998579 ) ) ;
#2230 = CARTESIAN_POINT ( 'NONE',  ( 1.493572879722556257, -0.09339304447790713892, -42.49999999999996447 ) ) ;
#2231 = CARTESIAN_POINT ( 'NONE',  ( -0.000000000000000000, 0.2038127709122220799, -12.31420663189179976 ) ) ;
#2232 = CARTESIAN_POINT ( 'NONE',  ( 0.6799653292108236435, -0.9914972496121110535, -17.00000000000003908 ) ) ;
#2233 = CARTESIAN_POINT ( 'NONE',  ( 0.000000000000000000, 1.550750481544767467, -2.275842429413998946 ) ) ;
#2234 = CARTESIAN_POINT ( 'NONE',  ( -0.000000000000000000, 1.224294546229683034, -13.97313953995810465 ) ) ;
#2235 = CARTESIAN_POINT ( 'NONE',  ( -3.987530531307992732, -0.6035232326216504184, -17.00000000000000711 ) ) ;
#2236 = CARTESIAN_POINT ( 'NONE',  ( 1.499235554190823105, -0.03442549914752053575, -42.50000000000000000 ) ) ;
#2237 = DIRECTION ( 'NONE',  ( 1.000000000000000000, 0.000000000000000000, 0.000000000000000000 ) ) ;
#2238 = ORIENTED_EDGE ( 'NONE', *, *, #579, .T. ) ;
#2239 = CARTESIAN_POINT ( 'NONE',  ( -0.000000000000000000, 0.3544875815755808013, -24.96089261730275055 ) ) ;
#2240 = CARTESIAN_POINT ( 'NONE',  ( -1.344090381382304189, -0.4450491928405956865, -31.38522470936607434 ) ) ;
#2241 = CARTESIAN_POINT ( 'NONE',  ( 1.476789394375939368, -0.1760402283865966921, -42.49999999999998579 ) ) ;
#2242 =( GEOMETRIC_REPRESENTATION_CONTEXT ( 3 ) GLOBAL_UNCERTAINTY_ASSIGNED_CONTEXT ( ( #2127 ) ) GLOBAL_UNIT_ASSIGNED_CONTEXT ( ( #2302, #1333, #1716 ) ) REPRESENTATION_CONTEXT ( 'NONE', 'WORKASPACE' ) );
#2243 = CARTESIAN_POINT ( 'NONE',  ( 2.663505286905115454, -0.8470594639169161111, -16.99999999999996092 ) ) ;
#2244 = CARTESIAN_POINT ( 'NONE',  ( 0.000000000000000000, 0.9939379925722885423, -0.8384731343389766334 ) ) ;
#2245 = CARTESIAN_POINT ( 'NONE',  ( -0.000000000000000000, 1.217426902671076894, -13.86098090658244431 ) ) ;
#2246 = CARTESIAN_POINT ( 'NONE',  ( -4.070943249476033365, -0.5808343981453154559, -16.99999999999998934 ) ) ;
#2247 = CARTESIAN_POINT ( 'NONE',  ( 1.468434710033201362, -0.2047551541698610367, -42.50000000000000000 ) ) ;
#2248 = DIRECTION ( 'NONE',  ( -1.000000000000000000, 0.000000000000000000, 0.000000000000000000 ) ) ;
#2249 = VERTEX_POINT ( 'NONE', #2397 ) ;
#2250 = CARTESIAN_POINT ( 'NONE',  ( 0.000000000000000000, -1.004606118803729853, -15.73307305570234860 ) ) ;
#2251 = CARTESIAN_POINT ( 'NONE',  ( 0.000000000000000000, 0.6344069570320097773, -22.95850901870858962 ) ) ;
#2252 = CARTESIAN_POINT ( 'NONE',  ( -1.373014292904050304, -0.4034176354197048231, -31.29402938829590042 ) ) ;
#2253 = CARTESIAN_POINT ( 'NONE',  ( 4.868243622386855485, -0.2295148313337402601, -23.20063913120989696 ) ) ;
#2254 = CARTESIAN_POINT ( 'NONE',  ( 0.000000000000000000, 0.1063870819750841606, -12.71729567826540119 ) ) ;
#2255 = CARTESIAN_POINT ( 'NONE',  ( 2.380265308824208947, -0.8805447255184710720, -17.00000000000003908 ) ) ;
#2256 = CARTESIAN_POINT ( 'NONE',  ( 4.069714325731670357, 0.8771988159392433149, -0.6348504921941225954 ) ) ;
#2257 = CARTESIAN_POINT ( 'NONE',  ( 0.000000000000000000, 1.240192125627214592, -14.31148552820674347 ) ) ;
#2258 = CARTESIAN_POINT ( 'NONE',  ( -0.3184019154313897371, -1.004606118803729853, -15.73307305570234860 ) ) ;
#2259 = FACE_OUTER_BOUND ( 'NONE', #2375, .T. ) ;
#2260 = CARTESIAN_POINT ( 'NONE',  ( 1.199999999999999956, 0.000000000000000000, -36.00000000000000000 ) ) ;
#2261 = ORIENTED_EDGE ( 'NONE', *, *, #1971, .F. ) ;
#2262 = CARTESIAN_POINT ( 'NONE',  ( 0.000000000000000000, -0.9820035808656387699, -7.794935118243097705 ) ) ;
#2263 = EDGE_CURVE ( 'NONE', #1736, #125, #475, .T. ) ;
#2264 = CARTESIAN_POINT ( 'NONE',  ( -0.000000000000000000, 0.5792757983561516166, -23.37152194142002770 ) ) ;
#2265 = CARTESIAN_POINT ( 'NONE',  ( -1.458877434438575982, -0.2331541186517243625, -42.50000000000000000 ) ) ;
#2266 = CARTESIAN_POINT ( 'NONE',  ( -0.000000000000000000, 0.08815789333763812685, -12.82075855288726629 ) ) ;
#2267 = CARTESIAN_POINT ( 'NONE',  ( -0.000000000000000000, -1.000000000000000222, -16.99999999999997158 ) ) ;
#2268 = CARTESIAN_POINT ( 'NONE',  ( -4.008832306281126634, -0.5086798029333445825, -1.010232484287715504 ) ) ;
#2269 = CARTESIAN_POINT ( 'NONE',  ( -0.000000000000000000, 1.166345914391572425, -13.26697813504593348 ) ) ;
#2270 = CARTESIAN_POINT ( 'NONE',  ( 0.000000000000000000, -1.019133120498344924, -11.57484492995656744 ) ) ;
#2271 = CARTESIAN_POINT ( 'NONE',  ( 4.109912179719453107, -0.3857423641127137870, -0.5306096410528629015 ) ) ;
#2272 = CARTESIAN_POINT ( 'NONE',  ( 4.811763095965809534, -0.2733866468416010220, -16.99999999999995737 ) ) ;
#2273 = VERTEX_POINT ( 'NONE', #1038 ) ;
#2274 = CARTESIAN_POINT ( 'NONE',  ( 0.000000000000000000, -0.8428854871677142757, -4.044745339735704270 ) ) ;
#2275 = CARTESIAN_POINT ( 'NONE',  ( -0.000000000000000000, 0.9034691312416660569, -20.71657333619209851 ) ) ;
#2276 = CARTESIAN_POINT ( 'NONE',  ( -3.219492597875211803, -0.7666661273606343308, -22.71856097988037249 ) ) ;
#2277 = CARTESIAN_POINT ( 'NONE',  ( 0.000000000000000000, 0.08720200765411292854, -12.82653688377279089 ) ) ;
#2278 = SURFACE_SIDE_STYLE ('',( #1304 ) ) ;
#2279 = CARTESIAN_POINT ( 'NONE',  ( -4.998516503244523790, 0.07540960326686733939, -16.99999999999999289 ) ) ;
#2280 = CARTESIAN_POINT ( 'NONE',  ( -0.000000000000000000, 1.176756416721705722, -13.36534038566120941 ) ) ;
#2281 = CARTESIAN_POINT ( 'NONE',  ( -3.539277227844308982, -0.7066751016655605788, -17.00000000000000711 ) ) ;
#2282 = CARTESIAN_POINT ( 'NONE',  ( 4.037964688274287894, -0.4805289292544995261, -0.8810896319428145329 ) ) ;
#2283 = CARTESIAN_POINT ( 'NONE',  ( 0.09842519685039370636, 0.000000000000000000, -44.01574803149572546 ) ) ;
#2284 = ORIENTED_EDGE ( 'NONE', *, *, #862, .F. ) ;
#2285 = CARTESIAN_POINT ( 'NONE',  ( 0.000000000000000000, -0.5805538350720302887, -1.400511057881878907 ) ) ;
#2286 = CARTESIAN_POINT ( 'NONE',  ( -1.499999999999994671, 0.04332095361466697936, -30.42873472728450324 ) ) ;
#2287 = ADVANCED_FACE ( 'NONE', ( #288 ), #1253, .T. ) ;
#2288 = DIRECTION ( 'NONE',  ( 0.000000000000000000, 1.000000000000000000, 0.000000000000000000 ) ) ;
#2289 = CARTESIAN_POINT ( 'NONE',  ( 0.04548593761807005753, -1.000000000000000444, -16.81900953236623764 ) ) ;
#2290 = CARTESIAN_POINT ( 'NONE',  ( 4.952966598878302484, 0.4124564580527166346, -11.24823226357932704 ) ) ;
#2291 = LINE ( 'NONE', #1741, #959 ) ;
#2292 = CARTESIAN_POINT ( 'NONE',  ( 0.000000000000000000, 0.000000000000000000, -44.01574803149572546 ) ) ;
#2293 = CARTESIAN_POINT ( 'NONE',  ( -0.000000000000000000, 1.004489313768035741, -12.35136237558059236 ) ) ;
#2294 = CARTESIAN_POINT ( 'NONE',  ( 0.000000000000000000, -1.018958968937477616, -12.65839062615290445 ) ) ;
#2295 = CARTESIAN_POINT ( 'NONE',  ( 4.998417235169831940, -0.03022612973511518836, -16.99999999999996447 ) ) ;
#2296 = CARTESIAN_POINT ( 'NONE',  ( 4.272689946788247539, -0.5196930224232231277, -17.00000000000001776 ) ) ;
#2297 = CARTESIAN_POINT ( 'NONE',  ( -0.06454632509124659523, 3.000000000000000444, -17.00000000000000000 ) ) ;
#2298 = B_SPLINE_CURVE_WITH_KNOTS ( 'NONE', 3,
 ( #1939, #2358, #451, #401 ),
 .UNSPECIFIED., .F., .F.,
 ( 4, 4 ),
 ( 0.000000000000000000, 1.000000000000000000 ),
 .UNSPECIFIED. ) ;
#2299 = CARTESIAN_POINT ( 'NONE',  ( 0.000000000000000000, -0.8863308062423218558, -4.844965702490965143 ) ) ;
#2300 = CARTESIAN_POINT ( 'NONE',  ( 2.289404015762250388, 2.670884480669298178, -14.72630574632737854 ) ) ;
#2301 = CARTESIAN_POINT ( 'NONE',  ( -0.000000000000000000, 0.0006466633224772392599, -13.87494563329311781 ) ) ;
#2302 =( CONVERSION_BASED_UNIT ( 'INCH', #2479 ) LENGTH_UNIT ( ) NAMED_UNIT ( #845 ) );
#2303 = CARTESIAN_POINT ( 'NONE',  ( 4.984586973297941981, 0.2353572401806382497, -11.19023482547495973 ) ) ;
#2304 = CARTESIAN_POINT ( 'NONE',  ( -0.000000000000000000, 0.8984946693707047682, -12.04450050524072680 ) ) ;
#2305 = CARTESIAN_POINT ( 'NONE',  ( -3.398454892146892004, -0.7339852980434564689, -16.99999999999997158 ) ) ;
#2306 = CARTESIAN_POINT ( 'NONE',  ( 4.999927771431977419, -0.008402744818462842824, -17.00000000000002842 ) ) ;
#2307 = CARTESIAN_POINT ( 'NONE',  ( -4.819976859355720400, 0.7987262325998935042, -16.99999999999997158 ) ) ;
#2308 = CARTESIAN_POINT ( 'NONE',  ( 9.184850993605149917E-16, 3.000000000000000444, -17.00000000000000000 ) ) ;
#2309 = VERTEX_POINT ( 'NONE', #123 ) ;
#2310 = CARTESIAN_POINT ( 'NONE',  ( -0.000000000000000000, 1.102952047696805771, -18.60418082364516223 ) ) ;
#2311 = CARTESIAN_POINT ( 'NONE',  ( -1.497926778000247872, -0.05410716957436902813, -42.49999999999997868 ) ) ;
#2312 = CARTESIAN_POINT ( 'NONE',  ( 1.499890687059615813, -0.01474718157750385360, -42.50000000000000000 ) ) ;
#2313 = CARTESIAN_POINT ( 'NONE',  ( -28.00000000000000000, 0.1968503937007874127, -26.00000000000000355 ) ) ;
#2314 = CARTESIAN_POINT ( 'NONE',  ( 0.000000000000000000, 0.9179945172424704980, -12.09029263477230565 ) ) ;
#2315 = CARTESIAN_POINT ( 'NONE',  ( -0.2116546013181482833, -0.9928506906314255032, -33.59925731796894155 ) ) ;
#2316 = CARTESIAN_POINT ( 'NONE',  ( 4.990139728226227867, 0.1882044680890038180, -11.21057864437062612 ) ) ;
#2317 = CARTESIAN_POINT ( 'NONE',  ( -1.530808498934191817E-16, 3.000000000000000444, -17.00000000000000000 ) ) ;
#2318 = CIRCLE ( 'NONE', #598, 0.6889763779521065334 ) ;
#2319 = AXIS2_PLACEMENT_3D ( 'NONE', #1239, #110, #1072 ) ;
#2320 = CARTESIAN_POINT ( 'NONE',  ( -1.241818196724792323, 0.5642491959185329531, -29.36434847983678509 ) ) ;
#2321 = CARTESIAN_POINT ( 'NONE',  ( 0.000000000000000000, 1.920798756836002763, -3.815516159102938509 ) ) ;
#2322 = CARTESIAN_POINT ( 'NONE',  ( 1.700404060830839281, 2.733871691145203009, -10.41091953868990494 ) ) ;
#2323 = CARTESIAN_POINT ( 'NONE',  ( -4.826925967217813529, -0.2612901081788283064, -11.69592504630985275 ) ) ;
#2324 = CARTESIAN_POINT ( 'NONE',  ( -0.000000000000000000, 1.080750762337182591, -18.87783005632225652 ) ) ;
#2325 = CARTESIAN_POINT ( 'NONE',  ( 1.499235554190823105, -0.03442549914752053575, -42.50000000000000000 ) ) ;
#2326 = CARTESIAN_POINT ( 'NONE',  ( 1.200000000000000400, -3.102447814381146463E-16, -42.00000000000000000 ) ) ;
#2327 = CARTESIAN_POINT ( 'NONE',  ( -0.7736707406356179151, 2.966936851779230278, -16.99999999999998579 ) ) ;
#2328 = CARTESIAN_POINT ( 'NONE',  ( -0.000000000000000000, 1.019121017574207144, -12.40595323760327418 ) ) ;
#2329 =( LENGTH_UNIT ( ) NAMED_UNIT ( * ) SI_UNIT ( $, .METRE. ) );
#2330 = CARTESIAN_POINT ( 'NONE',  ( 3.948028650770739389, -0.5583768851428401181, -1.270036451968503233 ) ) ;
#2331 = CARTESIAN_POINT ( 'NONE',  ( -4.986455753938288993, 0.2208644962105239529, -17.00000000000000711 ) ) ;
#2332 = CARTESIAN_POINT ( 'NONE',  ( -0.09842519685039370636, 1.205361022782828035E-17, -44.68503937007839966 ) ) ;
#2333 = FILL_AREA_STYLE_COLOUR ( '', #797 ) ;
#2334 = CARTESIAN_POINT ( 'NONE',  ( 1.980848966409788359, 2.646635231566404567, -9.311394566557501307 ) ) ;
#2335 = CARTESIAN_POINT ( 'NONE',  ( -4.141024535349790092, 0.6168991959751968235, -0.3018589953099787282 ) ) ;
#2336 = CARTESIAN_POINT ( 'NONE',  ( 0.000000000000000000, 1.254950816164410288, -14.96500929468353469 ) ) ;
#2337 = CARTESIAN_POINT ( 'NONE',  ( 0.000000000000000000, 3.000000000000000444, -24.69166869954611698 ) ) ;
#2338 = EDGE_CURVE ( 'NONE', #125, #1724, #2090, .T. ) ;
#2339 = FACE_OUTER_BOUND ( 'NONE', #233, .T. ) ;
#2340 = CARTESIAN_POINT ( 'NONE',  ( -1.980848966409788359, 2.646635231566404567, -9.311394566557501307 ) ) ;
#2341 = CARTESIAN_POINT ( 'NONE',  ( -0.000000000000000000, 0.2790016991420606884, -12.10506888547583593 ) ) ;
#2342 = CARTESIAN_POINT ( 'NONE',  ( 4.754559971692692066, -0.3097741240721965661, -11.78531452529102452 ) ) ;
#2343 = CARTESIAN_POINT ( 'NONE',  ( -4.981510850082620401, 0.2581408897519881229, -17.00000000000000711 ) ) ;
#2344 =( NAMED_UNIT ( * ) SI_UNIT ( $, .STERADIAN. ) SOLID_ANGLE_UNIT ( ) );
#2345 = CARTESIAN_POINT ( 'NONE',  ( -0.4822262244064527414, 0.9517998921818374702, -42.49999999999993605 ) ) ;
#2346 = CARTESIAN_POINT ( 'NONE',  ( -10.00951109586823229, 7.392057511395216274, -45.00000000000000000 ) ) ;
#2347 = CARTESIAN_POINT ( 'NONE',  ( 2.289404015762327216, 2.670884480669269312, -16.99999999999997868 ) ) ;
#2348 = ORIENTED_EDGE ( 'NONE', *, *, #1424, .T. ) ;
#2349 = CARTESIAN_POINT ( 'NONE',  ( -4.952966598878302484, 0.4124564580527166346, -11.24823226357932704 ) ) ;
#2350 = CARTESIAN_POINT ( 'NONE',  ( 0.000000000000000000, 1.217587313762626966, -16.78926205219682544 ) ) ;
#2351 = CARTESIAN_POINT ( 'NONE',  ( -4.972811803799165098, 0.3822305255690504611, -23.36359792674554114 ) ) ;
#2352 = CARTESIAN_POINT ( 'NONE',  ( 4.149711772867452630, 1.683542172782526603, -23.71592979312649518 ) ) ;
#2353 = CARTESIAN_POINT ( 'NONE',  ( -3.061616997868380553E-17, 0.9999999999999998890, -42.50000000000000000 ) ) ;
#2354 = CARTESIAN_POINT ( 'NONE',  ( 0.6253129059279424196, -0.9104041722114943891, -42.49999999999997868 ) ) ;
#2355 = CARTESIAN_POINT ( 'NONE',  ( 0.000000000000000000, 2.284415941472057732, -6.010960228858891696 ) ) ;
#2356 = CARTESIAN_POINT ( 'NONE',  ( -0.000000000000000000, -0.7878417983130477920, -3.246980445251593572 ) ) ;
#2357 = CARTESIAN_POINT ( 'NONE',  ( -4.754559971693449683, -0.3097741240717875599, -17.00000000000000711 ) ) ;
#2358 = CARTESIAN_POINT ( 'NONE',  ( -28.00000000000000000, 0.06561679790026246628, -26.00000000000000355 ) ) ;
#2359 = CARTESIAN_POINT ( 'NONE',  ( -0.2422917796673216551, 0.9913307927955331555, -27.31509482443349057 ) ) ;
#2360 = CARTESIAN_POINT ( 'NONE',  ( 0.000000000000000000, 2.808263443050779351, -11.50991645908336203 ) ) ;
#2361 = CARTESIAN_POINT ( 'NONE',  ( 3.845607587605282429, 1.349021003033914257, -1.653576031125504109 ) ) ;
#2362 = VECTOR ( 'NONE', #1969, 39.37007874015748143 ) ;
#2363 = EDGE_LOOP ( 'NONE', ( #738, #570, #1452 ) ) ;
#2364 = CARTESIAN_POINT ( 'NONE',  ( -4.986455753938288993, 0.2208644962105239529, -17.00000000000000711 ) ) ;
#2365 = AXIS2_PLACEMENT_3D ( 'NONE', #175, #346, #1321 ) ;
#2366 = CARTESIAN_POINT ( 'NONE',  ( -0.000000000000000000, 1.255637337970429979, -15.33942954708330930 ) ) ;
#2367 = PLANE ( 'NONE',  #2077 ) ;
#2368 = CARTESIAN_POINT ( 'NONE',  ( 3.219492597875211359, -0.7666661273606343308, -16.99999999999999645 ) ) ;
#2369 = EDGE_CURVE ( 'NONE', #927, #1109, #1970, .T. ) ;
#2370 = CARTESIAN_POINT ( 'NONE',  ( -0.8526579789337529469, 2.922343199453087514, -13.70654662507891608 ) ) ;
#2371 = DIRECTION ( 'NONE',  ( -0.000000000000000000, -0.000000000000000000, 1.000000000000000000 ) ) ;
#2372 = LINE ( 'NONE', #461, #1552 ) ;
#2373 = CARTESIAN_POINT ( 'NONE',  ( 4.640440982927762192, -0.3731342616904684828, -16.99999999999996092 ) ) ;
#2374 = CARTESIAN_POINT ( 'NONE',  ( 0.000000000000000000, 1.349021003033914257, -1.653576031125504109 ) ) ;
#2375 = EDGE_LOOP ( 'NONE', ( #1622, #804, #2146, #302 ) ) ;
#2376 = CARTESIAN_POINT ( 'NONE',  ( -4.201928854645045064, -0.1133845601967969630, -0.03715061498937378276 ) ) ;
#2377 = CARTESIAN_POINT ( 'NONE',  ( -1.398761063582708575, 0.3674914599863755571, -29.81799596076278291 ) ) ;
#2378 = CARTESIAN_POINT ( 'NONE',  ( 3.735177278315815919, 2.012161619296839898, -16.99999999999994316 ) ) ;
#2379 = CARTESIAN_POINT ( 'NONE',  ( 0.000000000000000000, 0.1968503937007874127, -26.00000000000000000 ) ) ;
#2380 = CARTESIAN_POINT ( 'NONE',  ( 1.251386099475111147, -0.5533251020562642841, -31.63950110468666566 ) ) ;
#2381 = CARTESIAN_POINT ( 'NONE',  ( 0.000000000000000000, 1.550750481544767467, -2.275842429413998946 ) ) ;
#2382 = CARTESIAN_POINT ( 'NONE',  ( 4.893994097108457453, -0.2055844900781221563, -17.00000000000002132 ) ) ;
#2383 = CARTESIAN_POINT ( 'NONE',  ( -1.116359178619751091, 0.6738592290191466327, -42.50000000000004974 ) ) ;
#2384 = EDGE_CURVE ( 'NONE', #2199, #969, #1481, .T. ) ;
#2385 = CARTESIAN_POINT ( 'NONE',  ( -0.08076380047401265916, 0.9999999999999998890, -27.00670687452215546 ) ) ;
#2386 = CARTESIAN_POINT ( 'NONE',  ( 4.999999999999999112, -0.01441343945001346931, -17.00000000000000000 ) ) ;
#2387 = VERTEX_POINT ( 'NONE', #937 ) ;
#2388 = CARTESIAN_POINT ( 'NONE',  ( -3.904269457170155277, 1.249857830344573317, -1.390923807459694572 ) ) ;
#2389 = CARTESIAN_POINT ( 'NONE',  ( 0.9421505137661927431, 0.7854437899936299594, -42.49999999999989342 ) ) ;
#2390 = CARTESIAN_POINT ( 'NONE',  ( -1.924965061967903956, -0.9237972195996944080, -22.36615996082928604 ) ) ;
#2391 = CARTESIAN_POINT ( 'NONE',  ( 2.247542661599894576, -0.8942487155240370633, -22.45317959420411569 ) ) ;
#2392 = CARTESIAN_POINT ( 'NONE',  ( -4.551147909342446063, 1.244438435645148777, -17.00000000000004263 ) ) ;
#2393 = CARTESIAN_POINT ( 'NONE',  ( -0.000000000000000000, -0.9820035808656387699, -7.794935118243097705 ) ) ;
#2394 = CARTESIAN_POINT ( 'NONE',  ( -28.00000000000000000, 3.673940397442057896E-16, -20.00000000000000000 ) ) ;
#2395 = CARTESIAN_POINT ( 'NONE',  ( 0.000000000000000000, -0.7878417983130477920, -3.246980445251593572 ) ) ;
#2396 = CARTESIAN_POINT ( 'NONE',  ( 1.398761063582711683, 0.3674914599863756681, -42.50000000000002132 ) ) ;
#2397 = CARTESIAN_POINT ( 'NONE',  ( 0.6889763779521065334, 0.000000000000000000, -44.01574803149572546 ) ) ;
#2398 = ORIENTED_EDGE ( 'NONE', *, *, #2414, .F. ) ;
#2399 = CARTESIAN_POINT ( 'NONE',  ( -4.924416895573665798, -0.1742730662551260634, -11.56314364402612860 ) ) ;
#2400 = B_SPLINE_SURFACE_WITH_KNOTS ( 'NONE', 3, 3, ( 
 ( #1735, #2308, #256, #219 ),
 ( #1574, #1376, #18, #2111 ),
 ( #1748, #244, #1973, #978 ),
 ( #1175, #391, #2145, #968 ),
 ( #414, #1942, #792, #1146 ),
 ( #1915, #1774, #209, #780 ),
 ( #2161, #595, #1351, #403 ),
 ( #2123, #803, #1549, #989 ),
 ( #2347, #2300, #2322, #31 ),
 ( #631, #1560, #2334, #607 ),
 ( #617, #1363, #2132, #1005 ),
 ( #427, #1188, #1957, #1762 ),
 ( #43, #1389, #443, #1641 ),
 ( #658, #1588, #120, #465 ),
 ( #886, #1226, #145, #2041 ),
 ( #1994, #540, #454, #1831 ),
 ( #1786, #1284, #331, #2420 ),
 ( #644, #1104, #2431, #1272 ),
 ( #308, #826, #1294, #840 ),
 ( #911, #266, #699, #1067 ),
 ( #1458, #899, #2050, #1600 ),
 ( #132, #68, #321, #2233 ),
 ( #2063, #345, #1080, #55 ),
 ( #1655, #514, #2361, #2374 ),
 ( #1405, #1841, #1092, #1416 ),
 ( #1214, #526, #1484, #726 ),
 ( #2184, #1984, #713, #1027 ),
 ( #1471, #1851, #2173, #2244 ),
 ( #1666, #2444, #2256, #1345 ),
 ( #588, #961, #760, #2116 ),
 ( #1155, #1521, #1496, #174 ),
 ( #1864, #2290, #160, #922 ),
 ( #575, #1139, #1921, #932 ),
 ( #1689, #1334, #2492, #213 ),
 ( #201, #774, #1730, #1532 ),
 ( #11, #2303, #785, #1948 ),
 ( #2026, #1056, #1817, #105 ),
 ( #409, #2119, #788, #1911 ),
 ( #592, #2316, #925, #1348 ),
 ( #191, #1897, #2471, #1170 ),
 ( #376, #948, #1131, #1359 ),
 ( #580, #205, #1159, #2129 ),
 ( #1925, #1499, #1937, #777 ),
 ( #1544, #2097, #1681, #2460 ),
 ( #215, #1732, #1121, #1705 ),
 ( #602, #1326, #1719, #13 ),
 ( #2081, #737, #2271, #750 ),
 ( #2494, #179, #555, #765 ),
 ( #2306, #1523, #1308, #363 ),
 ( #2295, #1882, #936, #1337 ),
 ( #2484, #2107, #388, #1693 ),
 ( #1512, #568, #2282, #1142 ),
 ( #964, #639, #653, #26 ),
 ( #1413, #274, #252, #229 ),
 ( #2382, #1236, #2330, #1782 ),
 ( #986, #1400, #63, #1952 ),
 ( #1570, #822, #1035, #1744 ),
 ( #1597, #1023, #1186, #2142 ),
 ( #240, #2342, #2181, #627 ),
 ( #1385, #439, #1610, #836 ),
 ( #2373, #800, #1013, #1209 ),
 ( #462, #1222, #1758, #1372 ),
 ( #1991, #40, #1584, #1796 ),
 ( #81, #50, #850, #664 ),
 ( #1422, #2193, #473, #2356 ),
 ( #423, #2169, #1557, #2157 ),
 ( #1770, #1000, #449, #613 ),
 ( #1197, #810, #1967, #1980 ),
 ( #263, #1850, #712, #1470 ),
 ( #144, #687, #320, #487 ),
 ( #1618, #1079, #1820, #539 ),
 ( #107, #94, #1805, #870 ),
 ( #330, #1046, #1830, #898 ),
 ( #1250, #1433, #1654, #2016 ),
 ( #2430, #1631, #1483, #2407 ),
 ( #910, #1840, #1665, #131 ),
 ( #307, #513, #1457, #119 ),
 ( #2443, #298, #1058, #2393 ),
 ( #2243, #725, #1271, #1091 ),
 ( #2255, #2003, #525, #286 ),
 ( #500, #1446, #860, #2221 ),
 ( #672, #1283, #1261, #2208 ),
 ( #2040, #2049, #2027, #1066 ),
 ( #885, #1640, #2419, #698 ),
 ( #2232, #2062, #1729, #2076 ),
 ( #1344, #1495, #1320, #1508 ),
 ( #1688, #212, #384, #974 ),
 ( #1863, #2093, #2289, #759 ),
 ( #371, #1920, #359, #2267 ) ),
 .UNSPECIFIED., .F., .F., .F.,
 ( 4, 1, 1, 1, 1, 1, 1, 1, 1, 1, 1, 1, 1, 1, 1, 1, 1, 1, 1, 1, 1, 1, 1, 1, 1, 1, 1, 1, 1, 1, 1, 1, 1, 2, 1, 1, 1, 1, 1, 1, 1, 1, 1, 1, 1, 1, 1, 1, 1, 1, 1, 1, 1, 1, 1, 1, 1, 1, 1, 1, 1, 1, 1, 1, 1, 1, 1, 1, 1, 1, 1, 1, 1, 1, 1, 1, 1, 1, 1, 1, 1, 1, 1, 1, 1, 4 ),
 ( 4, 4 ),
 ( 0.000000000000000000, 0.01617606428885969352, 0.03235212857771938705, 0.06470425715543877410, 0.09705638573315812645, 0.1294085143108775482, 0.1617606428885969005, 0.1941127714663163362, 0.2264649000440356885, 0.2588170286217550964, 0.2911691571994744487, 0.3073452214883340416, 0.3235212857771938566, 0.3396973500660535050, 0.3558734143549132645, 0.3720494786437729684, 0.3882255429326326723, 0.4044016072214922652, 0.4124896393659221450, 0.4205776715103520247, 0.4367537357992116731, 0.4448417679436414418, 0.4529298000880714326, 0.4610178322325012013, 0.4691058643769311365, 0.4731498804491460208, 0.4771938965213609607, 0.4852819286657907294, 0.4933699608102206091, 0.4974139768824353824, 0.5014579929546504333, 0.5095460250990803130, 0.5135900411712952529, 0.5176340572435101928, 0.5195182992074027784, 0.5214025411712952529, 0.5223446621532414902, 0.5232867831351878385, 0.5251710250990804241, 0.5270552670629728986, 0.5289395090268654842, 0.5327079929546505443, 0.5345922349185430189, 0.5364764768824356045, 0.5374185978643819528, 0.5383607188463281901, 0.5393028398282744273, 0.5402449608102206646, 0.5440134447380057248, 0.5477819286657907849, 0.5515504125935759561, 0.5553188965213610162, 0.5590873804491460763, 0.5628558643769311365, 0.5666243483047161966, 0.5703928322325012568, 0.5741613161602863169, 0.5779298000880713770, 0.5854667679436414973, 0.5930037357992116176, 0.6005407036547817379, 0.6080776715103519692, 0.6156146393659223115, 0.6231516072214924318, 0.6306885750770625521, 0.6382255429326326723, 0.6457625107882027926, 0.6532994786437729129, 0.6608364464993432552, 0.6683734143549131534, 0.6759103822104834958, 0.6834473500660535050, 0.6985212857771938566, 0.7135952214883342082, 0.7286691571994745598, 0.7437430929106148003, 0.7588170286217550409, 0.7889649000440357440, 0.8191127714663165582, 0.8492606428885969283, 0.8794085143108775204, 0.9095563857331581126, 0.9397042571554387047, 0.9698521285777192968, 0.9849260642888597594, 1.000000000000000000 ),
 ( 0.000000000000000000, 1.000000000000000000 ),
 .UNSPECIFIED. ) ;
#2401 = DIMENSIONAL_EXPONENTS ( 1.000000000000000000, 0.000000000000000000, 0.000000000000000000, 0.000000000000000000, 0.000000000000000000, 0.000000000000000000, 0.000000000000000000 ) ;
#2402 = COLOUR_RGB ( '',0.7921568627450980005, 0.8196078431372548767, 0.9333333333333333481 ) ;
#2403 = CARTESIAN_POINT ( 'NONE',  ( 2.247542661599893687, -0.8942487155240368413, -17.00000000000003553 ) ) ;
#2404 =( GEOMETRIC_REPRESENTATION_CONTEXT ( 3 ) GLOBAL_UNCERTAINTY_ASSIGNED_CONTEXT ( ( #1922 ) ) GLOBAL_UNIT_ASSIGNED_CONTEXT ( ( #530, #2435, #337 ) ) REPRESENTATION_CONTEXT ( 'NONE', 'WORKASPACE' ) );
#2405 = CARTESIAN_POINT ( 'NONE',  ( -3.537097087436411158, 1.739712779365544471, -2.997587755747153970 ) ) ;
#2406 = CARTESIAN_POINT ( 'NONE',  ( -0.6253129059279424196, -0.9104041722114943891, -42.49999999999997868 ) ) ;
#2407 = CARTESIAN_POINT ( 'NONE',  ( -0.000000000000000000, -0.9402607126372208857, -6.183042575692033971 ) ) ;
#2408 = CARTESIAN_POINT ( 'NONE',  ( -0.000000000000000000, 1.233612659145119972, -16.39145324512470836 ) ) ;
#2409 = CARTESIAN_POINT ( 'NONE',  ( -4.236785688786683934, -0.5313226952830710781, -12.37369954586154819 ) ) ;
#2410 = CARTESIAN_POINT ( 'NONE',  ( -14.00000000000000000, 1.836970198721028948E-16, -17.00000000000000000 ) ) ;
#2411 = CARTESIAN_POINT ( 'NONE',  ( 1.621951223733731462, 2.852673572684373493, -17.00000000000003553 ) ) ;
#2412 = ORIENTED_EDGE ( 'NONE', *, *, #621, .T. ) ;
#2413 = CARTESIAN_POINT ( 'NONE',  ( -4.127765675769454745, -0.3541027086344613606, -0.4368342655859517309 ) ) ;
#2414 = EDGE_CURVE ( 'NONE', #2249, #1824, #1036, .T. ) ;
#2415 = CARTESIAN_POINT ( 'NONE',  ( -1.468434710033201362, -0.2047551541698610367, -42.50000000000000000 ) ) ;
#2416 = CARTESIAN_POINT ( 'NONE',  ( 1.483911057643923614, -0.1470592923724792778, -30.77959478938293003 ) ) ;
#2417 = EDGE_CURVE ( 'NONE', #666, #492, #1354, .T. ) ;
#2418 = CARTESIAN_POINT ( 'NONE',  ( -0.000000000000000000, 0.04842803284734481517, -13.10502121873769354 ) ) ;
#2419 = CARTESIAN_POINT ( 'NONE',  ( 0.8186394459165846627, -1.015640011322150871, -13.74295651742133195 ) ) ;
#2420 = CARTESIAN_POINT ( 'NONE',  ( 0.000000000000000000, 2.025012656014277379, -4.363173122409775395 ) ) ;
#2421 = CARTESIAN_POINT ( 'NONE',  ( -0.000000000000000000, 1.195226019922679406, -17.23756198438726628 ) ) ;
#2422 = CARTESIAN_POINT ( 'NONE',  ( -4.154053903096862399, -0.5568234183416528316, -12.46487432481566948 ) ) ;
#2423 = CARTESIAN_POINT ( 'NONE',  ( 3.735177278315815919, 2.012161619296839898, -16.99999999999994316 ) ) ;
#2424 = ORIENTED_EDGE ( 'NONE', *, *, #2263, .F. ) ;
#2425 = CARTESIAN_POINT ( 'NONE',  ( -4.999927771431660339, -0.008402744818606484867, -11.38131117167814566 ) ) ;
#2426 = CARTESIAN_POINT ( 'NONE',  ( -0.000000000000000000, 0.6022055801775263451, -23.20036445914385936 ) ) ;
#2427 = CARTESIAN_POINT ( 'NONE',  ( -1.483911057643923614, -0.1470592923724792778, -30.77959478938293003 ) ) ;
#2428 = CARTESIAN_POINT ( 'NONE',  ( 4.510616699087780290, -0.4319829482193560111, -16.99999999999993605 ) ) ;
#2429 = CARTESIAN_POINT ( 'NONE',  ( -0.000000000000000000, 0.1459485639595989592, -12.52934415329433548 ) ) ;
#2430 = CARTESIAN_POINT ( 'NONE',  ( 3.398454892146892004, -0.7339852980434564689, -16.99999999999997158 ) ) ;
#2431 = CARTESIAN_POINT ( 'NONE',  ( 3.343860753801326968, 1.920798756836002763, -3.815516159102938509 ) ) ;
#2432 = UNCERTAINTY_MEASURE_WITH_UNIT (LENGTH_MEASURE( 1.000000000000000082E-05 ), #25, 'distance_accuracy_value', 'NONE');
#2433 = CARTESIAN_POINT ( 'NONE',  ( -0.000000000000000000, 1.133702518355486744, -13.00784204781996145 ) ) ;
#2434 = CARTESIAN_POINT ( 'NONE',  ( -4.561721594960038040, -0.4100317718258146282, -12.01047144833437663 ) ) ;
#2435 =( NAMED_UNIT ( * ) PLANE_ANGLE_UNIT ( ) SI_UNIT ( $, .RADIAN. ) );
#2436 = EDGE_LOOP ( 'NONE', ( #2056, #150, #2033, #878 ) ) ;
#2437 = DIRECTION ( 'NONE',  ( 0.7660444431189769032, -0.6427876096865405842, -5.837140301133210765E-18 ) ) ;
#2438 = CARTESIAN_POINT ( 'NONE',  ( -4.111934455696824031, -0.5691638220163312001, -16.99999999999998934 ) ) ;
#2439 = CARTESIAN_POINT ( 'NONE',  ( 1.493572879722552038, -0.09339304447790723607, -30.67818457620036909 ) ) ;
#2440 = VECTOR ( 'NONE', #1143, 39.37007874015748143 ) ;
#2441 = AXIS2_PLACEMENT_3D ( 'NONE', #1225, #312, #2237 ) ;
#2442 = CARTESIAN_POINT ( 'NONE',  ( -0.000000000000000000, 0.1695002870614844559, -12.43474351915800291 ) ) ;
#2443 = CARTESIAN_POINT ( 'NONE',  ( 2.889928260653442660, -0.8164005952399349120, -17.00000000000002132 ) ) ;
#2444 = CARTESIAN_POINT ( 'NONE',  ( 4.896718546594326149, 0.6089324855907440881, -11.40116097445077514 ) ) ;
#2445 = CARTESIAN_POINT ( 'NONE',  ( -0.000000000000000000, 1.244696722604673012, -14.44251374135263077 ) ) ;
#2446 = CARTESIAN_POINT ( 'NONE',  ( -3.903862137560486723, -0.6250053328557341192, -12.73905642871509691 ) ) ;
#2447 = B_SPLINE_CURVE_WITH_KNOTS ( 'NONE', 3,
 ( #2317, #2297, #1759, #253, #823, #1912, #2143, #2120, #582, #987, #424, #1535, #1340, #207, #976, #389, #1733, #966, #1720, #1161, #15, #811, #1, #778, #593, #2307, #1187, #1571, #1014, #1349, #1545, #628, #400, #1954, #2343, #1926, #2331, #1198, #789, #1386, #603, #2130, #411, #51, #1001, #440, #801, #1171, #241, #1938, #230, #1745, #27, #614, #41, #1024, #1210, #1585, #2357, #1981, #1783, #264, #64, #2170, #640, #1401, #450, #1887, #1846, #2488, #1491, #2475, #1713, #139, #520, #1902, #534, #572, #2101, #720, #2070, #152, #381, #1099, #905, #1859, #2453, #1675, #1504 ),
 .UNSPECIFIED., .F., .F.,
 ( 4, 1, 1, 1, 1, 1, 1, 1, 1, 1, 1, 1, 1, 1, 1, 1, 1, 1, 1, 1, 1, 1, 1, 1, 1, 1, 1, 1, 1, 1, 1, 1, 1, 2, 1, 1, 1, 1, 1, 1, 1, 1, 1, 1, 1, 1, 1, 1, 1, 1, 1, 1, 1, 1, 1, 1, 1, 1, 1, 1, 1, 1, 1, 1, 1, 1, 1, 1, 1, 1, 1, 1, 1, 1, 1, 1, 1, 1, 1, 1, 1, 1, 1, 1, 1, 4 ),
 ( 0.000000000000000000, 0.01617606428885969352, 0.03235212857771938705, 0.06470425715543877410, 0.09705638573315812645, 0.1294085143108775482, 0.1617606428885969005, 0.1941127714663163362, 0.2264649000440356885, 0.2588170286217550964, 0.2911691571994744487, 0.3073452214883340416, 0.3235212857771938566, 0.3396973500660535050, 0.3558734143549132645, 0.3720494786437729684, 0.3882255429326326723, 0.4044016072214922652, 0.4124896393659221450, 0.4205776715103520247, 0.4367537357992116731, 0.4448417679436414418, 0.4529298000880714326, 0.4610178322325012013, 0.4691058643769311365, 0.4731498804491460208, 0.4771938965213609607, 0.4852819286657907294, 0.4933699608102206091, 0.4974139768824353824, 0.5014579929546504333, 0.5095460250990803130, 0.5135900411712952529, 0.5176340572435101928, 0.5195182992074027784, 0.5214025411712952529, 0.5223446621532414902, 0.5232867831351878385, 0.5251710250990804241, 0.5270552670629728986, 0.5289395090268654842, 0.5327079929546505443, 0.5345922349185430189, 0.5364764768824356045, 0.5374185978643819528, 0.5383607188463281901, 0.5393028398282744273, 0.5402449608102206646, 0.5440134447380057248, 0.5477819286657907849, 0.5515504125935759561, 0.5553188965213610162, 0.5590873804491460763, 0.5628558643769311365, 0.5666243483047161966, 0.5703928322325012568, 0.5741613161602863169, 0.5779298000880713770, 0.5854667679436414973, 0.5930037357992116176, 0.6005407036547817379, 0.6080776715103519692, 0.6156146393659223115, 0.6231516072214924318, 0.6306885750770625521, 0.6382255429326326723, 0.6457625107882027926, 0.6532994786437729129, 0.6608364464993432552, 0.6683734143549131534, 0.6759103822104834958, 0.6834473500660535050, 0.6985212857771938566, 0.7135952214883342082, 0.7286691571994745598, 0.7437430929106148003, 0.7588170286217550409, 0.7889649000440357440, 0.8191127714663165582, 0.8492606428885969283, 0.8794085143108775204, 0.9095563857331581126, 0.9397042571554387047, 0.9698521285777192968, 0.9849260642888597594, 1.000000000000000000 ),
 .UNSPECIFIED. ) ;
#2448 = CARTESIAN_POINT ( 'NONE',  ( 0.9716718043999178489, -0.7637811388722062222, -42.50000000000000711 ) ) ;
#2449 = CARTESIAN_POINT ( 'NONE',  ( 4.868243622386855485, -0.2295148313337402601, -17.00000000000002132 ) ) ;
#2450 = ORIENTED_EDGE ( 'NONE', *, *, #1530, .T. ) ;
#2451 = CARTESIAN_POINT ( 'NONE',  ( 0.000000000000000000, -0.6882188965688003091, -2.188342823531936876 ) ) ;
#2452 = CARTESIAN_POINT ( 'NONE',  ( -1.423334464534626864, -0.3160361156178160269, -42.49999999999997868 ) ) ;
#2453 = CARTESIAN_POINT ( 'NONE',  ( -0.1699872508844010865, -0.9996161910187381094, -16.99999999999998934 ) ) ;
#2454 = CARTESIAN_POINT ( 'NONE',  ( -3.869318192871006978, -0.6340361899274969959, -16.99999999999997868 ) ) ;
#2455 = CARTESIAN_POINT ( 'NONE',  ( 1.458877434438571541, -0.2331541186517244735, -30.94557609251258512 ) ) ;
#2456 = CARTESIAN_POINT ( 'NONE',  ( 0.000000000000000000, 0.1329591980907085524, -12.58645522712086873 ) ) ;
#2457 = CARTESIAN_POINT ( 'NONE',  ( -9.184850993605149917E-16, 3.000000000000000444, -17.00000000000000000 ) ) ;
#2458 = CARTESIAN_POINT ( 'NONE',  ( -0.000000000000000000, 1.114152047145780644, -12.87655479051440111 ) ) ;
#2459 = CARTESIAN_POINT ( 'NONE',  ( -2.889928260653654046, -0.8164005952399026045, -13.84276346367394162 ) ) ;
#2460 = CARTESIAN_POINT ( 'NONE',  ( -0.000000000000000000, -0.3229964528616423580, -0.3545696408358990359 ) ) ;
#2461 = LENGTH_MEASURE_WITH_UNIT ( LENGTH_MEASURE( 0.02539999999999999897 ), #1500 );
#2462 = ORIENTED_EDGE ( 'NONE', *, *, #1399, .F. ) ;
#2463 = EDGE_CURVE ( 'NONE', #1425, #267, #751, .T. ) ;
#2464 = CARTESIAN_POINT ( 'NONE',  ( 0.000000000000000000, -0.2111971254275382681, -0.1405575779286229177 ) ) ;
#2465 = CARTESIAN_POINT ( 'NONE',  ( -1.493134044618974920, 0.09557432552948305626, -42.50000000000001421 ) ) ;
#2466 = CARTESIAN_POINT ( 'NONE',  ( -3.869318192871006534, -0.6340361899274971069, -22.90015767528828050 ) ) ;
#2467 = CARTESIAN_POINT ( 'NONE',  ( -0.000000000000000000, 0.1544006594402370924, -12.49377096172174006 ) ) ;
#2468 = CARTESIAN_POINT ( 'NONE',  ( -3.978767711660889717, -0.5345099757846247801, -1.139918272079017303 ) ) ;
#2469 = CARTESIAN_POINT ( 'NONE',  ( 0.000000000000000000, 1.097635877020095574, -12.77792879524965919 ) ) ;
#2470 = CARTESIAN_POINT ( 'NONE',  ( -3.059624050762367986, -0.7913032348057609244, -13.65819035367949219 ) ) ;
#2471 = CARTESIAN_POINT ( 'NONE',  ( 4.191137807707263185, -0.1774226262349141159, -0.09718002226612976191 ) ) ;
#2472 = CARTESIAN_POINT ( 'NONE',  ( 0.000000000000000000, 0.000000000000000000, -44.68503937007839966 ) ) ;
#2473 = VERTEX_POINT ( 'NONE', #2283 ) ;
#2474 = CARTESIAN_POINT ( 'NONE',  ( 0.000000000000000000, -0.8259988769615455029, -3.778526268393984200 ) ) ;
#2475 = CARTESIAN_POINT ( 'NONE',  ( -3.735927659638580867, -0.6647764261747907133, -16.99999999999997158 ) ) ;
#2476 = CARTESIAN_POINT ( 'NONE',  ( 0.000000000000000000, 1.015577542776812559, -19.60949713901305813 ) ) ;
#2477 = FACE_OUTER_BOUND ( 'NONE', #2363, .T. ) ;
#2478 = MECHANICAL_DESIGN_GEOMETRIC_PRESENTATION_REPRESENTATION (  '', ( #1750 ), #719 ) ;
#2479 = LENGTH_MEASURE_WITH_UNIT ( LENGTH_MEASURE( 0.02539999999999999897 ), #1701 );
#2480 = AXIS2_PLACEMENT_3D ( 'NONE', #368, #1525, #1674 ) ;
#2481 = CARTESIAN_POINT ( 'NONE',  ( 0.000000000000000000, -0.4052229930036406191, -0.5936662704819418712 ) ) ;
#2482 = CARTESIAN_POINT ( 'NONE',  ( -0.000000000000000000, 1.232016804219739470, -14.12220702128559147 ) ) ;
#2483 = CARTESIAN_POINT ( 'NONE',  ( -1.700131775688799918, -0.9413416835967656215, -15.13947776328235229 ) ) ;
#2484 = CARTESIAN_POINT ( 'NONE',  ( 4.991702228754530068, -0.06248032915422193495, -17.00000000000001066 ) ) ;
#2485 = CARTESIAN_POINT ( 'NONE',  ( 4.510616699087780290, -0.4319829482193560111, -16.99999999999993605 ) ) ;
#2486 = ORIENTED_EDGE ( 'NONE', *, *, #1792, .F. ) ;
#2487 = CARTESIAN_POINT ( 'NONE',  ( 0.000000000000000000, -1.015384271521324377, -10.49260397829176128 ) ) ;
#2488 = CARTESIAN_POINT ( 'NONE',  ( -3.903862137560705659, -0.6250053328556882670, -17.00000000000001776 ) ) ;
#2489 = CARTESIAN_POINT ( 'NONE',  ( -1.489769270014304814, -0.1178622971980566453, -42.49999999999997158 ) ) ;
#2490 = ADVANCED_FACE ( 'NONE', ( #165 ), #766, .T. ) ;
#2491 = CARTESIAN_POINT ( 'NONE',  ( 0.000000000000000000, 0.01507038750272996983, -13.48723254654828096 ) ) ;
#2492 = CARTESIAN_POINT ( 'NONE',  ( 4.204274661231692356, 0.1412031403773056359, -0.009856984075232087111 ) ) ;
#2493 = CARTESIAN_POINT ( 'NONE',  ( -0.1364578128542108526, -1.001009463467013694, -16.45702232659739650 ) ) ;
#2494 = CARTESIAN_POINT ( 'NONE',  ( 5.000035008234195999, 0.002526046979124608755, -16.99999999999998934 ) ) ;
ENDSEC;
END-ISO-10303-21;
